In file included from /work/mpB/a16w4_moe_flatmm.cpp:13:
In file included from /work/mpB/a16w4_moe_flatmm.hpp:11:
In file included from /usr/local/lib/python3.12/dist-packages/aiter_meta/3rdparty/composable_kernel/include/ck_tile/ops/moe_flatmm.hpp:6:
/usr/local/lib/python3.12/dist-packages/aiter_meta/3rdparty/composable_kernel/include/ck_tile/ops/flatmm/kernel/moe_flatmm_kernel.hpp:1376:50: error: use of overloaded operator '*' is ambiguous (with operand types 'value_type' (aka 'float') and 'value_type' (aka 'ck_tile::e8m0_bexp_t'))
 1376 |                                 epi_scale_m[idx] * epi_scale_n[idx];
      |                                 ~~~~~~~~~~~~~~~~ ^ ~~~~~~~~~~~~~~~~
/usr/local/lib/python3.12/dist-packages/aiter_meta/3rdparty/composable_kernel/include/ck_tile/core/utility/functional.hpp:74:10: note: in instantiation of function template specialization 'ck_tile::MoeFlatmmKernel<ck_tile::GemmSpatiallyLocalTilePartitioner<ck_tile::TileGemmShape<ck_tile::sequence<32, 256, 256>, ck_tile::sequence<1, 4, 1>, ck_tile::sequence<16, 16, 32>>, 8, 4>, ck_tile::MoeFlatmmPipelineAGmemBGmemCRegV1<ck_tile::FlatmmPipelineProblem<__bf16, ck_tile::pk_int4_t, float, ck_tile::TileGemmShape<ck_tile::sequence<32, 256, 256>, ck_tile::sequence<1, 4, 1>, ck_tile::sequence<16, 16, 32>>, ck_tile::TileGemmUniversalTraits<false, false, false, false, ck_tile::tensor_layout::gemm::RowMajor, ck_tile::tensor_layout::gemm::ColumnMajor, ck_tile::tensor_layout::gemm::RowMajor, false, false, false, 1, true>, ck_tile::GemmPipelineScheduler::Default, true, ck_tile::TailNumber::Even, ck_tile::amd_buffer_coherence_enum::coherence_default>>, ck_tile::CShuffleEpilogue<ck_tile::CShuffleEpilogueProblem<__bf16, __bf16, ck_tile::tuple<>, float, __bf16, ck_tile::tuple<>, ck_tile::tensor_layout::gemm::RowMajor, ck_tile::element_wise::PassThrough, 32, 256, 1, 4, 16, 16, 32, false, 1, false, 1, 2>>, ck_tile::MoeFlatmmKind::kFFN_gemm1_gate_up>::operator()(ck_tile::MoeFlatmmKernel<ck_tile::GemmSpatiallyLocalTilePartitioner<ck_tile::TileGemmShape<ck_tile::sequence<32, 256, 256>, ck_tile::sequence<1, 4, 1>, ck_tile::sequence<16, 16, 32>>, 8, 4>, ck_tile::MoeFlatmmPipelineAGmemBGmemCRegV1<ck_tile::FlatmmPipelineProblem<__bf16, ck_tile::pk_int4_t, float, ck_tile::TileGemmShape<ck_tile::sequence<32, 256, 256>, ck_tile::sequence<1, 4, 1>, ck_tile::sequence<16, 16, 32>>, ck_tile::TileGemmUniversalTraits<false, false, false, false, ck_tile::tensor_layout::gemm::RowMajor, ck_tile::tensor_layout::gemm::ColumnMajor, ck_tile::tensor_layout::gemm::RowMajor, false, false, false, 1, true>, ck_tile::GemmPipelineScheduler::Default, true, ck_tile::TailNumber::Even, ck_tile::amd_buffer_coherence_enum::coherence_default>>, ck_tile::CShuffleEpilogue<ck_tile::CShuffleEpilogueProblem<__bf16, __bf16, ck_tile::tuple<>, float, __bf16, ck_tile::tuple<>, ck_tile::tensor_layout::gemm::RowMajor, ck_tile::element_wise::PassThrough, 32, 256, 1, 4, 16, 16, 32, false, 1, false, 1, 2>>, ck_tile::MoeFlatmmKind::kFFN_gemm1_gate_up>::MoeFlatmmKernelArgs<ck_tile::FlatmmScalePointer<-1>, ck_tile::FlatmmScalePointer<1, 32, ck_tile::e8m0_bexp_t>, ck_tile::FlatmmScalePointer<1>>, index_t, index_t)::(anonymous class)::operator()(ck_tile::constant<0>, ck_tile::constant<0>, ck_tile::constant<0>)::(anonymous class)::operator()<ck_tile::constant<3>>' requested here
   74 |         (f(number<Is>{}), ...);
      |          ^
/usr/local/lib/python3.12/dist-packages/aiter_meta/3rdparty/composable_kernel/include/ck_tile/ops/flatmm/kernel/moe_flatmm_kernel.hpp:1372:21: note: in instantiation of function template specialization 'ck_tile::detail::applier<int, 0, 1, 2, 3>::operator()<(lambda at /usr/local/lib/python3.12/dist-packages/aiter_meta/3rdparty/composable_kernel/include/ck_tile/ops/flatmm/kernel/moe_flatmm_kernel.hpp:1372:55)>' requested here
 1372 |                     static_for<0, ActVectorSize, 1>{}([&](auto idx) {
      |                     ^
/usr/local/lib/python3.12/dist-packages/aiter_meta/3rdparty/composable_kernel/include/ck_tile/ops/flatmm/kernel/moe_flatmm_kernel.hpp:1444:13: note: in instantiation of function template specialization 'ck_tile::MoeFlatmmKernel<ck_tile::GemmSpatiallyLocalTilePartitioner<ck_tile::TileGemmShape<ck_tile::sequence<32, 256, 256>, ck_tile::sequence<1, 4, 1>, ck_tile::sequence<16, 16, 32>>, 8, 4>, ck_tile::MoeFlatmmPipelineAGmemBGmemCRegV1<ck_tile::FlatmmPipelineProblem<__bf16, ck_tile::pk_int4_t, float, ck_tile::TileGemmShape<ck_tile::sequence<32, 256, 256>, ck_tile::sequence<1, 4, 1>, ck_tile::sequence<16, 16, 32>>, ck_tile::TileGemmUniversalTraits<false, false, false, false, ck_tile::tensor_layout::gemm::RowMajor, ck_tile::tensor_layout::gemm::ColumnMajor, ck_tile::tensor_layout::gemm::RowMajor, false, false, false, 1, true>, ck_tile::GemmPipelineScheduler::Default, true, ck_tile::TailNumber::Even, ck_tile::amd_buffer_coherence_enum::coherence_default>>, ck_tile::CShuffleEpilogue<ck_tile::CShuffleEpilogueProblem<__bf16, __bf16, ck_tile::tuple<>, float, __bf16, ck_tile::tuple<>, ck_tile::tensor_layout::gemm::RowMajor, ck_tile::element_wise::PassThrough, 32, 256, 1, 4, 16, 16, 32, false, 1, false, 1, 2>>, ck_tile::MoeFlatmmKind::kFFN_gemm1_gate_up>::operator()(ck_tile::MoeFlatmmKernel<ck_tile::GemmSpatiallyLocalTilePartitioner<ck_tile::TileGemmShape<ck_tile::sequence<32, 256, 256>, ck_tile::sequence<1, 4, 1>, ck_tile::sequence<16, 16, 32>>, 8, 4>, ck_tile::MoeFlatmmPipelineAGmemBGmemCRegV1<ck_tile::FlatmmPipelineProblem<__bf16, ck_tile::pk_int4_t, float, ck_tile::TileGemmShape<ck_tile::sequence<32, 256, 256>, ck_tile::sequence<1, 4, 1>, ck_tile::sequence<16, 16, 32>>, ck_tile::TileGemmUniversalTraits<false, false, false, false, ck_tile::tensor_layout::gemm::RowMajor, ck_tile::tensor_layout::gemm::ColumnMajor, ck_tile::tensor_layout::gemm::RowMajor, false, false, false, 1, true>, ck_tile::GemmPipelineScheduler::Default, true, ck_tile::TailNumber::Even, ck_tile::amd_buffer_coherence_enum::coherence_default>>, ck_tile::CShuffleEpilogue<ck_tile::CShuffleEpilogueProblem<__bf16, __bf16, ck_tile::tuple<>, float, __bf16, ck_tile::tuple<>, ck_tile::tensor_layout::gemm::RowMajor, ck_tile::element_wise::PassThrough, 32, 256, 1, 4, 16, 16, 32, false, 1, false, 1, 2>>, ck_tile::MoeFlatmmKind::kFFN_gemm1_gate_up>::MoeFlatmmKernelArgs<ck_tile::FlatmmScalePointer<-1>, ck_tile::FlatmmScalePointer<1, 32, ck_tile::e8m0_bexp_t>, ck_tile::FlatmmScalePointer<1>>, index_t, index_t)::(anonymous class)::operator()<ck_tile::constant<0>, ck_tile::constant<0>, ck_tile::constant<0>>' requested here
 1444 |             process_epi_tile(number<0>{}, number<0>{}, number<0>{});
      |             ^
/usr/local/lib/python3.12/dist-packages/aiter_meta/3rdparty/composable_kernel/include/ck_tile/ops/flatmm/kernel/moe_flatmm_kernel.hpp:923:19: note: in instantiation of function template specialization 'ck_tile::MoeFlatmmKernel<ck_tile::GemmSpatiallyLocalTilePartitioner<ck_tile::TileGemmShape<ck_tile::sequence<32, 256, 256>, ck_tile::sequence<1, 4, 1>, ck_tile::sequence<16, 16, 32>>, 8, 4>, ck_tile::MoeFlatmmPipelineAGmemBGmemCRegV1<ck_tile::FlatmmPipelineProblem<__bf16, ck_tile::pk_int4_t, float, ck_tile::TileGemmShape<ck_tile::sequence<32, 256, 256>, ck_tile::sequence<1, 4, 1>, ck_tile::sequence<16, 16, 32>>, ck_tile::TileGemmUniversalTraits<false, false, false, false, ck_tile::tensor_layout::gemm::RowMajor, ck_tile::tensor_layout::gemm::ColumnMajor, ck_tile::tensor_layout::gemm::RowMajor, false, false, false, 1, true>, ck_tile::GemmPipelineScheduler::Default, true, ck_tile::TailNumber::Even, ck_tile::amd_buffer_coherence_enum::coherence_default>>, ck_tile::CShuffleEpilogue<ck_tile::CShuffleEpilogueProblem<__bf16, __bf16, ck_tile::tuple<>, float, __bf16, ck_tile::tuple<>, ck_tile::tensor_layout::gemm::RowMajor, ck_tile::element_wise::PassThrough, 32, 256, 1, 4, 16, 16, 32, false, 1, false, 1, 2>>, ck_tile::MoeFlatmmKind::kFFN_gemm1_gate_up>::operator()<ck_tile::MoeFlatmmKernel<ck_tile::GemmSpatiallyLocalTilePartitioner<ck_tile::TileGemmShape<ck_tile::sequence<32, 256, 256>, ck_tile::sequence<1, 4, 1>, ck_tile::sequence<16, 16, 32>>, 8, 4>, ck_tile::MoeFlatmmPipelineAGmemBGmemCRegV1<ck_tile::FlatmmPipelineProblem<__bf16, ck_tile::pk_int4_t, float, ck_tile::TileGemmShape<ck_tile::sequence<32, 256, 256>, ck_tile::sequence<1, 4, 1>, ck_tile::sequence<16, 16, 32>>, ck_tile::TileGemmUniversalTraits<false, false, false, false, ck_tile::tensor_layout::gemm::RowMajor, ck_tile::tensor_layout::gemm::ColumnMajor, ck_tile::tensor_layout::gemm::RowMajor, false, false, false, 1, true>, ck_tile::GemmPipelineScheduler::Default, true, ck_tile::TailNumber::Even, ck_tile::amd_buffer_coherence_enum::coherence_default>>, ck_tile::CShuffleEpilogue<ck_tile::CShuffleEpilogueProblem<__bf16, __bf16, ck_tile::tuple<>, float, __bf16, ck_tile::tuple<>, ck_tile::tensor_layout::gemm::RowMajor, ck_tile::element_wise::PassThrough, 32, 256, 1, 4, 16, 16, 32, false, 1, false, 1, 2>>, ck_tile::MoeFlatmmKind::kFFN_gemm1_gate_up>::MoeFlatmmKernelArgs<ck_tile::FlatmmScalePointer<-1>, ck_tile::FlatmmScalePointer<1, 32, ck_tile::e8m0_bexp_t>, ck_tile::FlatmmScalePointer<1>>>' requested here
  923 |             this->operator()(kargs, block_offset_m, block_offset_n);
      |                   ^
/usr/local/lib/python3.12/dist-packages/aiter_meta/3rdparty/composable_kernel/include/ck_tile/host/kernel_launch.hpp:84:5: note: in instantiation of function template specialization 'ck_tile::MoeFlatmmKernel<ck_tile::GemmSpatiallyLocalTilePartitioner<ck_tile::TileGemmShape<ck_tile::sequence<32, 256, 256>, ck_tile::sequence<1, 4, 1>, ck_tile::sequence<16, 16, 32>>, 8, 4>, ck_tile::MoeFlatmmPipelineAGmemBGmemCRegV1<ck_tile::FlatmmPipelineProblem<__bf16, ck_tile::pk_int4_t, float, ck_tile::TileGemmShape<ck_tile::sequence<32, 256, 256>, ck_tile::sequence<1, 4, 1>, ck_tile::sequence<16, 16, 32>>, ck_tile::TileGemmUniversalTraits<false, false, false, false, ck_tile::tensor_layout::gemm::RowMajor, ck_tile::tensor_layout::gemm::ColumnMajor, ck_tile::tensor_layout::gemm::RowMajor, false, false, false, 1, true>, ck_tile::GemmPipelineScheduler::Default, true, ck_tile::TailNumber::Even, ck_tile::amd_buffer_coherence_enum::coherence_default>>, ck_tile::CShuffleEpilogue<ck_tile::CShuffleEpilogueProblem<__bf16, __bf16, ck_tile::tuple<>, float, __bf16, ck_tile::tuple<>, ck_tile::tensor_layout::gemm::RowMajor, ck_tile::element_wise::PassThrough, 32, 256, 1, 4, 16, 16, 32, false, 1, false, 1, 2>>, ck_tile::MoeFlatmmKind::kFFN_gemm1_gate_up>::operator()<ck_tile::MoeFlatmmKernel<ck_tile::GemmSpatiallyLocalTilePartitioner<ck_tile::TileGemmShape<ck_tile::sequence<32, 256, 256>, ck_tile::sequence<1, 4, 1>, ck_tile::sequence<16, 16, 32>>, 8, 4>, ck_tile::MoeFlatmmPipelineAGmemBGmemCRegV1<ck_tile::FlatmmPipelineProblem<__bf16, ck_tile::pk_int4_t, float, ck_tile::TileGemmShape<ck_tile::sequence<32, 256, 256>, ck_tile::sequence<1, 4, 1>, ck_tile::sequence<16, 16, 32>>, ck_tile::TileGemmUniversalTraits<false, false, false, false, ck_tile::tensor_layout::gemm::RowMajor, ck_tile::tensor_layout::gemm::ColumnMajor, ck_tile::tensor_layout::gemm::RowMajor, false, false, false, 1, true>, ck_tile::GemmPipelineScheduler::Default, true, ck_tile::TailNumber::Even, ck_tile::amd_buffer_coherence_enum::coherence_default>>, ck_tile::CShuffleEpilogue<ck_tile::CShuffleEpilogueProblem<__bf16, __bf16, ck_tile::tuple<>, float, __bf16, ck_tile::tuple<>, ck_tile::tensor_layout::gemm::RowMajor, ck_tile::element_wise::PassThrough, 32, 256, 1, 4, 16, 16, 32, false, 1, false, 1, 2>>, ck_tile::MoeFlatmmKind::kFFN_gemm1_gate_up>::MoeFlatmmKernelArgs<ck_tile::FlatmmScalePointer<-1>, ck_tile::FlatmmScalePointer<1, 32, ck_tile::e8m0_bexp_t>, ck_tile::FlatmmScalePointer<1>>>' requested here
   84 |     KENTRY_BODY;
      |     ^
/usr/local/lib/python3.12/dist-packages/aiter_meta/3rdparty/composable_kernel/include/ck_tile/host/kernel_launch.hpp:74:21: note: expanded from macro 'KENTRY_BODY'
   74 | #define KENTRY_BODY Kernel{}(args...)
      |                     ^
/usr/local/lib/python3.12/dist-packages/aiter_meta/3rdparty/composable_kernel/include/ck_tile/host/kernel_launch.hpp:128:20: note: in instantiation of function template specialization 'ck_tile::kentry<1, ck_tile::MoeFlatmmKernel<ck_tile::GemmSpatiallyLocalTilePartitioner<ck_tile::TileGemmShape<ck_tile::sequence<32, 256, 256>, ck_tile::sequence<1, 4, 1>, ck_tile::sequence<16, 16, 32>>, 8, 4>, ck_tile::MoeFlatmmPipelineAGmemBGmemCRegV1<ck_tile::FlatmmPipelineProblem<__bf16, ck_tile::pk_int4_t, float, ck_tile::TileGemmShape<ck_tile::sequence<32, 256, 256>, ck_tile::sequence<1, 4, 1>, ck_tile::sequence<16, 16, 32>>, ck_tile::TileGemmUniversalTraits<false, false, false, false, ck_tile::tensor_layout::gemm::RowMajor, ck_tile::tensor_layout::gemm::ColumnMajor, ck_tile::tensor_layout::gemm::RowMajor, false, false, false, 1, true>, ck_tile::GemmPipelineScheduler::Default, true, ck_tile::TailNumber::Even, ck_tile::amd_buffer_coherence_enum::coherence_default>>, ck_tile::CShuffleEpilogue<ck_tile::CShuffleEpilogueProblem<__bf16, __bf16, ck_tile::tuple<>, float, __bf16, ck_tile::tuple<>, ck_tile::tensor_layout::gemm::RowMajor, ck_tile::element_wise::PassThrough, 32, 256, 1, 4, 16, 16, 32, false, 1, false, 1, 2>>, ck_tile::MoeFlatmmKind::kFFN_gemm1_gate_up>, ck_tile::MoeFlatmmKernel<ck_tile::GemmSpatiallyLocalTilePartitioner<ck_tile::TileGemmShape<ck_tile::sequence<32, 256, 256>, ck_tile::sequence<1, 4, 1>, ck_tile::sequence<16, 16, 32>>, 8, 4>, ck_tile::MoeFlatmmPipelineAGmemBGmemCRegV1<ck_tile::FlatmmPipelineProblem<__bf16, ck_tile::pk_int4_t, float, ck_tile::TileGemmShape<ck_tile::sequence<32, 256, 256>, ck_tile::sequence<1, 4, 1>, ck_tile::sequence<16, 16, 32>>, ck_tile::TileGemmUniversalTraits<false, false, false, false, ck_tile::tensor_layout::gemm::RowMajor, ck_tile::tensor_layout::gemm::ColumnMajor, ck_tile::tensor_layout::gemm::RowMajor, false, false, false, 1, true>, ck_tile::GemmPipelineScheduler::Default, true, ck_tile::TailNumber::Even, ck_tile::amd_buffer_coherence_enum::coherence_default>>, ck_tile::CShuffleEpilogue<ck_tile::CShuffleEpilogueProblem<__bf16, __bf16, ck_tile::tuple<>, float, __bf16, ck_tile::tuple<>, ck_tile::tensor_layout::gemm::RowMajor, ck_tile::element_wise::PassThrough, 32, 256, 1, 4, 16, 16, 32, false, 1, false, 1, 2>>, ck_tile::MoeFlatmmKind::kFFN_gemm1_gate_up>::MoeFlatmmKernelArgs<ck_tile::FlatmmScalePointer<-1>, ck_tile::FlatmmScalePointer<1, 32, ck_tile::e8m0_bexp_t>, ck_tile::FlatmmScalePointer<1>>>' requested here
  128 |             return kentry<MinBlockPerCu, KernelImpl, Args...>;
      |                    ^
/work/mpB/run_a16w4_moe_flatmm_example.inc:19:22: note: in instantiation of function template specialization 'a16w4_moe_gemm<A16W4_FlatmmConfig16, __bf16, ck_tile::pk_int4_t, ck_tile::tuple<>, float, __bf16, ck_tile::tensor_layout::gemm::RowMajor, ck_tile::tensor_layout::gemm::ColumnMajor, ck_tile::tuple<>, ck_tile::tensor_layout::gemm::RowMajor, ck_tile::MoeFlatmmKind::kFFN_gemm1_gate_up, ck_tile::element_wise::PassThrough, ck_tile::MoeFlatmmHostArgs<ck_tile::FlatmmScalePointer<-1>, ck_tile::FlatmmScalePointer<1, 32, ck_tile::e8m0_bexp_t>, ck_tile::FlatmmScalePointer<1>>>' requested here
   19 |     float ave_time = a16w4_moe_gemm<FlatmmConfig,
      |                      ^
/work/mpB/run_a16w4_moe_flatmm_example.inc:269:5: note: in instantiation of function template specialization 'invoke_a16w4_moe_gemm<A16W4_FlatmmConfig16, __bf16, ck_tile::pk_int4_t, ck_tile::tuple<>, float, __bf16, ck_tile::tensor_layout::gemm::RowMajor, ck_tile::tensor_layout::gemm::ColumnMajor, ck_tile::tuple<>, ck_tile::tensor_layout::gemm::RowMajor, ck_tile::MoeFlatmmKind::kFFN_gemm1_gate_up, ck_tile::element_wise::PassThrough, ck_tile::MoeFlatmmHostArgs<ck_tile::FlatmmScalePointer<-1>, ck_tile::FlatmmScalePointer<1, 32, ck_tile::e8m0_bexp_t>, ck_tile::FlatmmScalePointer<1>>>' requested here
  269 |     invoke_a16w4_moe_gemm<FlatmmConfig,
      |     ^
/work/mpB/a16w4_moe_flatmm.cpp:455:24: note: in instantiation of function template specialization 'run_a16w4_moe_gemm_example_with_layouts<__bf16, ck_tile::pk_int4_t, A16W4_FlatmmConfig16, ck_tile::MoeFlatmmKind::kFFN_gemm1_gate_up, ck_tile::tensor_layout::gemm::RowMajor, ck_tile::tensor_layout::gemm::ColumnMajor, ck_tile::tensor_layout::gemm::RowMajor>' requested here
  455 |                 return run_a16w4_moe_gemm_example_with_layouts<
      |                        ^
/work/mpB/a16w4_moe_flatmm.cpp:544:21: note: in instantiation of function template specialization 'run_a16w4_moe_flatmm_example<A16W4_FlatmmConfig16>' requested here
  544 |             return !run_a16w4_moe_flatmm_example<A16W4_FlatmmConfig16>(argc, argv);
      |                     ^
/usr/local/lib/python3.12/dist-packages/aiter_meta/3rdparty/composable_kernel/include/ck_tile/ops/flatmm/kernel/moe_flatmm_kernel.hpp:1376:50: note: built-in candidate operator*(float, float)
 1376 |                                 epi_scale_m[idx] * epi_scale_n[idx];
      |                                                  ^
/usr/local/lib/python3.12/dist-packages/aiter_meta/3rdparty/composable_kernel/include/ck_tile/ops/flatmm/kernel/moe_flatmm_kernel.hpp:1376:50: note: built-in candidate operator*(float, long double)
/usr/local/lib/python3.12/dist-packages/aiter_meta/3rdparty/composable_kernel/include/ck_tile/ops/flatmm/kernel/moe_flatmm_kernel.hpp:1376:50: note: built-in candidate operator*(float, __float128)
/usr/local/lib/python3.12/dist-packages/aiter_meta/3rdparty/composable_kernel/include/ck_tile/ops/flatmm/kernel/moe_flatmm_kernel.hpp:1376:50: note: built-in candidate operator*(float, long)
/usr/local/lib/python3.12/dist-packages/aiter_meta/3rdparty/composable_kernel/include/ck_tile/ops/flatmm/kernel/moe_flatmm_kernel.hpp:1376:50: note: built-in candidate operator*(float, long long)
/usr/local/lib/python3.12/dist-packages/aiter_meta/3rdparty/composable_kernel/include/ck_tile/ops/flatmm/kernel/moe_flatmm_kernel.hpp:1376:50: note: built-in candidate operator*(float, __int128)
/usr/local/lib/python3.12/dist-packages/aiter_meta/3rdparty/composable_kernel/include/ck_tile/ops/flatmm/kernel/moe_flatmm_kernel.hpp:1376:50: note: built-in candidate operator*(float, unsigned int)
/usr/local/lib/python3.12/dist-packages/aiter_meta/3rdparty/composable_kernel/include/ck_tile/ops/flatmm/kernel/moe_flatmm_kernel.hpp:1376:50: note: built-in candidate operator*(float, unsigned long)
/usr/local/lib/python3.12/dist-packages/aiter_meta/3rdparty/composable_kernel/include/ck_tile/ops/flatmm/kernel/moe_flatmm_kernel.hpp:1376:50: note: built-in candidate operator*(float, unsigned long long)
/usr/local/lib/python3.12/dist-packages/aiter_meta/3rdparty/composable_kernel/include/ck_tile/ops/flatmm/kernel/moe_flatmm_kernel.hpp:1376:50: note: built-in candidate operator*(float, unsigned __int128)
/usr/local/lib/python3.12/dist-packages/aiter_meta/3rdparty/composable_kernel/include/ck_tile/ops/flatmm/kernel/moe_flatmm_kernel.hpp:1376:50: note: built-in candidate operator*(float, double)
/usr/local/lib/python3.12/dist-packages/aiter_meta/3rdparty/composable_kernel/include/ck_tile/ops/flatmm/kernel/moe_flatmm_kernel.hpp:1376:50: note: built-in candidate operator*(float, int)
/usr/local/lib/python3.12/dist-packages/aiter_meta/3rdparty/composable_kernel/include/ck_tile/ops/flatmm/kernel/moe_flatmm_kernel.hpp:1376:50: note: built-in candidate operator*(double, float)
/usr/local/lib/python3.12/dist-packages/aiter_meta/3rdparty/composable_kernel/include/ck_tile/ops/flatmm/kernel/moe_flatmm_kernel.hpp:1376:50: note: built-in candidate operator*(double, long double)
/usr/local/lib/python3.12/dist-packages/aiter_meta/3rdparty/composable_kernel/include/ck_tile/ops/flatmm/kernel/moe_flatmm_kernel.hpp:1376:50: note: built-in candidate operator*(double, __float128)
/usr/local/lib/python3.12/dist-packages/aiter_meta/3rdparty/composable_kernel/include/ck_tile/ops/flatmm/kernel/moe_flatmm_kernel.hpp:1376:50: note: built-in candidate operator*(double, long)
/usr/local/lib/python3.12/dist-packages/aiter_meta/3rdparty/composable_kernel/include/ck_tile/ops/flatmm/kernel/moe_flatmm_kernel.hpp:1376:50: note: built-in candidate operator*(double, long long)
/usr/local/lib/python3.12/dist-packages/aiter_meta/3rdparty/composable_kernel/include/ck_tile/ops/flatmm/kernel/moe_flatmm_kernel.hpp:1376:50: note: built-in candidate operator*(double, __int128)
/usr/local/lib/python3.12/dist-packages/aiter_meta/3rdparty/composable_kernel/include/ck_tile/ops/flatmm/kernel/moe_flatmm_kernel.hpp:1376:50: note: built-in candidate operator*(double, unsigned int)
/usr/local/lib/python3.12/dist-packages/aiter_meta/3rdparty/composable_kernel/include/ck_tile/ops/flatmm/kernel/moe_flatmm_kernel.hpp:1376:50: note: built-in candidate operator*(double, unsigned long)
/usr/local/lib/python3.12/dist-packages/aiter_meta/3rdparty/composable_kernel/include/ck_tile/ops/flatmm/kernel/moe_flatmm_kernel.hpp:1376:50: note: built-in candidate operator*(double, unsigned long long)
/usr/local/lib/python3.12/dist-packages/aiter_meta/3rdparty/composable_kernel/include/ck_tile/ops/flatmm/kernel/moe_flatmm_kernel.hpp:1376:50: note: built-in candidate operator*(double, unsigned __int128)
/usr/local/lib/python3.12/dist-packages/aiter_meta/3rdparty/composable_kernel/include/ck_tile/ops/flatmm/kernel/moe_flatmm_kernel.hpp:1376:50: note: built-in candidate operator*(double, double)
/usr/local/lib/python3.12/dist-packages/aiter_meta/3rdparty/composable_kernel/include/ck_tile/ops/flatmm/kernel/moe_flatmm_kernel.hpp:1376:50: note: built-in candidate operator*(double, int)
/usr/local/lib/python3.12/dist-packages/aiter_meta/3rdparty/composable_kernel/include/ck_tile/ops/flatmm/kernel/moe_flatmm_kernel.hpp:1376:50: note: built-in candidate operator*(long double, float)
/usr/local/lib/python3.12/dist-packages/aiter_meta/3rdparty/composable_kernel/include/ck_tile/ops/flatmm/kernel/moe_flatmm_kernel.hpp:1376:50: note: built-in candidate operator*(long double, long double)
/usr/local/lib/python3.12/dist-packages/aiter_meta/3rdparty/composable_kernel/include/ck_tile/ops/flatmm/kernel/moe_flatmm_kernel.hpp:1376:50: note: built-in candidate operator*(long double, __float128)
/usr/local/lib/python3.12/dist-packages/aiter_meta/3rdparty/composable_kernel/include/ck_tile/ops/flatmm/kernel/moe_flatmm_kernel.hpp:1376:50: note: built-in candidate operator*(long double, long)
/usr/local/lib/python3.12/dist-packages/aiter_meta/3rdparty/composable_kernel/include/ck_tile/ops/flatmm/kernel/moe_flatmm_kernel.hpp:1376:50: note: built-in candidate operator*(long double, long long)
/usr/local/lib/python3.12/dist-packages/aiter_meta/3rdparty/composable_kernel/include/ck_tile/ops/flatmm/kernel/moe_flatmm_kernel.hpp:1376:50: note: built-in candidate operator*(long double, __int128)
/usr/local/lib/python3.12/dist-packages/aiter_meta/3rdparty/composable_kernel/include/ck_tile/ops/flatmm/kernel/moe_flatmm_kernel.hpp:1376:50: note: built-in candidate operator*(long double, unsigned int)
/usr/local/lib/python3.12/dist-packages/aiter_meta/3rdparty/composable_kernel/include/ck_tile/ops/flatmm/kernel/moe_flatmm_kernel.hpp:1376:50: note: built-in candidate operator*(long double, unsigned long)
/usr/local/lib/python3.12/dist-packages/aiter_meta/3rdparty/composable_kernel/include/ck_tile/ops/flatmm/kernel/moe_flatmm_kernel.hpp:1376:50: note: built-in candidate operator*(long double, unsigned long long)
/usr/local/lib/python3.12/dist-packages/aiter_meta/3rdparty/composable_kernel/include/ck_tile/ops/flatmm/kernel/moe_flatmm_kernel.hpp:1376:50: note: built-in candidate operator*(long double, unsigned __int128)
/usr/local/lib/python3.12/dist-packages/aiter_meta/3rdparty/composable_kernel/include/ck_tile/ops/flatmm/kernel/moe_flatmm_kernel.hpp:1376:50: note: built-in candidate operator*(__float128, float)
/usr/local/lib/python3.12/dist-packages/aiter_meta/3rdparty/composable_kernel/include/ck_tile/ops/flatmm/kernel/moe_flatmm_kernel.hpp:1376:50: note: built-in candidate operator*(__float128, long double)
/usr/local/lib/python3.12/dist-packages/aiter_meta/3rdparty/composable_kernel/include/ck_tile/ops/flatmm/kernel/moe_flatmm_kernel.hpp:1376:50: note: built-in candidate operator*(__float128, __float128)
/usr/local/lib/python3.12/dist-packages/aiter_meta/3rdparty/composable_kernel/include/ck_tile/ops/flatmm/kernel/moe_flatmm_kernel.hpp:1376:50: note: built-in candidate operator*(__float128, long)
/usr/local/lib/python3.12/dist-packages/aiter_meta/3rdparty/composable_kernel/include/ck_tile/ops/flatmm/kernel/moe_flatmm_kernel.hpp:1376:50: note: built-in candidate operator*(__float128, long long)
/usr/local/lib/python3.12/dist-packages/aiter_meta/3rdparty/composable_kernel/include/ck_tile/ops/flatmm/kernel/moe_flatmm_kernel.hpp:1376:50: note: built-in candidate operator*(__float128, __int128)
/usr/local/lib/python3.12/dist-packages/aiter_meta/3rdparty/composable_kernel/include/ck_tile/ops/flatmm/kernel/moe_flatmm_kernel.hpp:1376:50: note: built-in candidate operator*(__float128, unsigned int)
/usr/local/lib/python3.12/dist-packages/aiter_meta/3rdparty/composable_kernel/include/ck_tile/ops/flatmm/kernel/moe_flatmm_kernel.hpp:1376:50: note: built-in candidate operator*(__float128, unsigned long)
/usr/local/lib/python3.12/dist-packages/aiter_meta/3rdparty/composable_kernel/include/ck_tile/ops/flatmm/kernel/moe_flatmm_kernel.hpp:1376:50: note: built-in candidate operator*(__float128, unsigned long long)
/usr/local/lib/python3.12/dist-packages/aiter_meta/3rdparty/composable_kernel/include/ck_tile/ops/flatmm/kernel/moe_flatmm_kernel.hpp:1376:50: note: built-in candidate operator*(__float128, unsigned __int128)
/usr/local/lib/python3.12/dist-packages/aiter_meta/3rdparty/composable_kernel/include/ck_tile/ops/flatmm/kernel/moe_flatmm_kernel.hpp:1376:50: note: built-in candidate operator*(int, float)
/usr/local/lib/python3.12/dist-packages/aiter_meta/3rdparty/composable_kernel/include/ck_tile/ops/flatmm/kernel/moe_flatmm_kernel.hpp:1376:50: note: built-in candidate operator*(int, long double)
/usr/local/lib/python3.12/dist-packages/aiter_meta/3rdparty/composable_kernel/include/ck_tile/ops/flatmm/kernel/moe_flatmm_kernel.hpp:1376:50: note: built-in candidate operator*(int, __float128)
/usr/local/lib/python3.12/dist-packages/aiter_meta/3rdparty/composable_kernel/include/ck_tile/ops/flatmm/kernel/moe_flatmm_kernel.hpp:1376:50: note: built-in candidate operator*(int, long)
/usr/local/lib/python3.12/dist-packages/aiter_meta/3rdparty/composable_kernel/include/ck_tile/ops/flatmm/kernel/moe_flatmm_kernel.hpp:1376:50: note: built-in candidate operator*(int, long long)
/usr/local/lib/python3.12/dist-packages/aiter_meta/3rdparty/composable_kernel/include/ck_tile/ops/flatmm/kernel/moe_flatmm_kernel.hpp:1376:50: note: built-in candidate operator*(int, __int128)
/usr/local/lib/python3.12/dist-packages/aiter_meta/3rdparty/composable_kernel/include/ck_tile/ops/flatmm/kernel/moe_flatmm_kernel.hpp:1376:50: note: built-in candidate operator*(int, unsigned int)
/usr/local/lib/python3.12/dist-packages/aiter_meta/3rdparty/composable_kernel/include/ck_tile/ops/flatmm/kernel/moe_flatmm_kernel.hpp:1376:50: note: built-in candidate operator*(int, unsigned long)
/usr/local/lib/python3.12/dist-packages/aiter_meta/3rdparty/composable_kernel/include/ck_tile/ops/flatmm/kernel/moe_flatmm_kernel.hpp:1376:50: note: built-in candidate operator*(int, unsigned long long)
/usr/local/lib/python3.12/dist-packages/aiter_meta/3rdparty/composable_kernel/include/ck_tile/ops/flatmm/kernel/moe_flatmm_kernel.hpp:1376:50: note: built-in candidate operator*(int, unsigned __int128)
/usr/local/lib/python3.12/dist-packages/aiter_meta/3rdparty/composable_kernel/include/ck_tile/ops/flatmm/kernel/moe_flatmm_kernel.hpp:1376:50: note: built-in candidate operator*(long, float)
/usr/local/lib/python3.12/dist-packages/aiter_meta/3rdparty/composable_kernel/include/ck_tile/ops/flatmm/kernel/moe_flatmm_kernel.hpp:1376:50: note: built-in candidate operator*(long, long double)
/usr/local/lib/python3.12/dist-packages/aiter_meta/3rdparty/composable_kernel/include/ck_tile/ops/flatmm/kernel/moe_flatmm_kernel.hpp:1376:50: note: built-in candidate operator*(long, __float128)
/usr/local/lib/python3.12/dist-packages/aiter_meta/3rdparty/composable_kernel/include/ck_tile/ops/flatmm/kernel/moe_flatmm_kernel.hpp:1376:50: note: built-in candidate operator*(long, long)
/usr/local/lib/python3.12/dist-packages/aiter_meta/3rdparty/composable_kernel/include/ck_tile/ops/flatmm/kernel/moe_flatmm_kernel.hpp:1376:50: note: built-in candidate operator*(long, long long)
/usr/local/lib/python3.12/dist-packages/aiter_meta/3rdparty/composable_kernel/include/ck_tile/ops/flatmm/kernel/moe_flatmm_kernel.hpp:1376:50: note: built-in candidate operator*(long, __int128)
/usr/local/lib/python3.12/dist-packages/aiter_meta/3rdparty/composable_kernel/include/ck_tile/ops/flatmm/kernel/moe_flatmm_kernel.hpp:1376:50: note: built-in candidate operator*(long, unsigned int)
/usr/local/lib/python3.12/dist-packages/aiter_meta/3rdparty/composable_kernel/include/ck_tile/ops/flatmm/kernel/moe_flatmm_kernel.hpp:1376:50: note: built-in candidate operator*(long, unsigned long)
/usr/local/lib/python3.12/dist-packages/aiter_meta/3rdparty/composable_kernel/include/ck_tile/ops/flatmm/kernel/moe_flatmm_kernel.hpp:1376:50: note: built-in candidate operator*(long, unsigned long long)
/usr/local/lib/python3.12/dist-packages/aiter_meta/3rdparty/composable_kernel/include/ck_tile/ops/flatmm/kernel/moe_flatmm_kernel.hpp:1376:50: note: built-in candidate operator*(long, unsigned __int128)
/usr/local/lib/python3.12/dist-packages/aiter_meta/3rdparty/composable_kernel/include/ck_tile/ops/flatmm/kernel/moe_flatmm_kernel.hpp:1376:50: note: built-in candidate operator*(long long, float)
/usr/local/lib/python3.12/dist-packages/aiter_meta/3rdparty/composable_kernel/include/ck_tile/ops/flatmm/kernel/moe_flatmm_kernel.hpp:1376:50: note: built-in candidate operator*(long long, long double)
/usr/local/lib/python3.12/dist-packages/aiter_meta/3rdparty/composable_kernel/include/ck_tile/ops/flatmm/kernel/moe_flatmm_kernel.hpp:1376:50: note: built-in candidate operator*(long long, __float128)
/usr/local/lib/python3.12/dist-packages/aiter_meta/3rdparty/composable_kernel/include/ck_tile/ops/flatmm/kernel/moe_flatmm_kernel.hpp:1376:50: note: built-in candidate operator*(long long, long)
/usr/local/lib/python3.12/dist-packages/aiter_meta/3rdparty/composable_kernel/include/ck_tile/ops/flatmm/kernel/moe_flatmm_kernel.hpp:1376:50: note: built-in candidate operator*(long long, long long)
/usr/local/lib/python3.12/dist-packages/aiter_meta/3rdparty/composable_kernel/include/ck_tile/ops/flatmm/kernel/moe_flatmm_kernel.hpp:1376:50: note: built-in candidate operator*(long long, __int128)
/usr/local/lib/python3.12/dist-packages/aiter_meta/3rdparty/composable_kernel/include/ck_tile/ops/flatmm/kernel/moe_flatmm_kernel.hpp:1376:50: note: built-in candidate operator*(long long, unsigned int)
/usr/local/lib/python3.12/dist-packages/aiter_meta/3rdparty/composable_kernel/include/ck_tile/ops/flatmm/kernel/moe_flatmm_kernel.hpp:1376:50: note: built-in candidate operator*(long long, unsigned long)
/usr/local/lib/python3.12/dist-packages/aiter_meta/3rdparty/composable_kernel/include/ck_tile/ops/flatmm/kernel/moe_flatmm_kernel.hpp:1376:50: note: built-in candidate operator*(long long, unsigned long long)
/usr/local/lib/python3.12/dist-packages/aiter_meta/3rdparty/composable_kernel/include/ck_tile/ops/flatmm/kernel/moe_flatmm_kernel.hpp:1376:50: note: built-in candidate operator*(long long, unsigned __int128)
/usr/local/lib/python3.12/dist-packages/aiter_meta/3rdparty/composable_kernel/include/ck_tile/ops/flatmm/kernel/moe_flatmm_kernel.hpp:1376:50: note: built-in candidate operator*(__int128, float)
/usr/local/lib/python3.12/dist-packages/aiter_meta/3rdparty/composable_kernel/include/ck_tile/ops/flatmm/kernel/moe_flatmm_kernel.hpp:1376:50: note: built-in candidate operator*(__int128, long double)
/usr/local/lib/python3.12/dist-packages/aiter_meta/3rdparty/composable_kernel/include/ck_tile/ops/flatmm/kernel/moe_flatmm_kernel.hpp:1376:50: note: built-in candidate operator*(__int128, __float128)
/usr/local/lib/python3.12/dist-packages/aiter_meta/3rdparty/composable_kernel/include/ck_tile/ops/flatmm/kernel/moe_flatmm_kernel.hpp:1376:50: note: built-in candidate operator*(__int128, long)
/usr/local/lib/python3.12/dist-packages/aiter_meta/3rdparty/composable_kernel/include/ck_tile/ops/flatmm/kernel/moe_flatmm_kernel.hpp:1376:50: note: built-in candidate operator*(__int128, long long)
/usr/local/lib/python3.12/dist-packages/aiter_meta/3rdparty/composable_kernel/include/ck_tile/ops/flatmm/kernel/moe_flatmm_kernel.hpp:1376:50: note: built-in candidate operator*(__int128, __int128)
/usr/local/lib/python3.12/dist-packages/aiter_meta/3rdparty/composable_kernel/include/ck_tile/ops/flatmm/kernel/moe_flatmm_kernel.hpp:1376:50: note: built-in candidate operator*(__int128, unsigned int)
/usr/local/lib/python3.12/dist-packages/aiter_meta/3rdparty/composable_kernel/include/ck_tile/ops/flatmm/kernel/moe_flatmm_kernel.hpp:1376:50: note: built-in candidate operator*(__int128, unsigned long)
/usr/local/lib/python3.12/dist-packages/aiter_meta/3rdparty/composable_kernel/include/ck_tile/ops/flatmm/kernel/moe_flatmm_kernel.hpp:1376:50: note: built-in candidate operator*(__int128, unsigned long long)
/usr/local/lib/python3.12/dist-packages/aiter_meta/3rdparty/composable_kernel/include/ck_tile/ops/flatmm/kernel/moe_flatmm_kernel.hpp:1376:50: note: built-in candidate operator*(__int128, unsigned __int128)
/usr/local/lib/python3.12/dist-packages/aiter_meta/3rdparty/composable_kernel/include/ck_tile/ops/flatmm/kernel/moe_flatmm_kernel.hpp:1376:50: note: built-in candidate operator*(unsigned int, float)
/usr/local/lib/python3.12/dist-packages/aiter_meta/3rdparty/composable_kernel/include/ck_tile/ops/flatmm/kernel/moe_flatmm_kernel.hpp:1376:50: note: built-in candidate operator*(unsigned int, long double)
/usr/local/lib/python3.12/dist-packages/aiter_meta/3rdparty/composable_kernel/include/ck_tile/ops/flatmm/kernel/moe_flatmm_kernel.hpp:1376:50: note: built-in candidate operator*(unsigned int, __float128)
/usr/local/lib/python3.12/dist-packages/aiter_meta/3rdparty/composable_kernel/include/ck_tile/ops/flatmm/kernel/moe_flatmm_kernel.hpp:1376:50: note: built-in candidate operator*(unsigned int, long)
/usr/local/lib/python3.12/dist-packages/aiter_meta/3rdparty/composable_kernel/include/ck_tile/ops/flatmm/kernel/moe_flatmm_kernel.hpp:1376:50: note: built-in candidate operator*(unsigned int, long long)
/usr/local/lib/python3.12/dist-packages/aiter_meta/3rdparty/composable_kernel/include/ck_tile/ops/flatmm/kernel/moe_flatmm_kernel.hpp:1376:50: note: built-in candidate operator*(unsigned int, __int128)
/usr/local/lib/python3.12/dist-packages/aiter_meta/3rdparty/composable_kernel/include/ck_tile/ops/flatmm/kernel/moe_flatmm_kernel.hpp:1376:50: note: built-in candidate operator*(unsigned int, unsigned int)
/usr/local/lib/python3.12/dist-packages/aiter_meta/3rdparty/composable_kernel/include/ck_tile/ops/flatmm/kernel/moe_flatmm_kernel.hpp:1376:50: note: built-in candidate operator*(unsigned int, unsigned long)
/usr/local/lib/python3.12/dist-packages/aiter_meta/3rdparty/composable_kernel/include/ck_tile/ops/flatmm/kernel/moe_flatmm_kernel.hpp:1376:50: note: built-in candidate operator*(unsigned int, unsigned long long)
/usr/local/lib/python3.12/dist-packages/aiter_meta/3rdparty/composable_kernel/include/ck_tile/ops/flatmm/kernel/moe_flatmm_kernel.hpp:1376:50: note: built-in candidate operator*(unsigned int, unsigned __int128)
/usr/local/lib/python3.12/dist-packages/aiter_meta/3rdparty/composable_kernel/include/ck_tile/ops/flatmm/kernel/moe_flatmm_kernel.hpp:1376:50: note: built-in candidate operator*(unsigned long, float)
/usr/local/lib/python3.12/dist-packages/aiter_meta/3rdparty/composable_kernel/include/ck_tile/ops/flatmm/kernel/moe_flatmm_kernel.hpp:1376:50: note: built-in candidate operator*(unsigned long, long double)
/usr/local/lib/python3.12/dist-packages/aiter_meta/3rdparty/composable_kernel/include/ck_tile/ops/flatmm/kernel/moe_flatmm_kernel.hpp:1376:50: note: built-in candidate operator*(unsigned long, __float128)
/usr/local/lib/python3.12/dist-packages/aiter_meta/3rdparty/composable_kernel/include/ck_tile/ops/flatmm/kernel/moe_flatmm_kernel.hpp:1376:50: note: built-in candidate operator*(unsigned long, long)
/usr/local/lib/python3.12/dist-packages/aiter_meta/3rdparty/composable_kernel/include/ck_tile/ops/flatmm/kernel/moe_flatmm_kernel.hpp:1376:50: note: built-in candidate operator*(unsigned long, long long)
/usr/local/lib/python3.12/dist-packages/aiter_meta/3rdparty/composable_kernel/include/ck_tile/ops/flatmm/kernel/moe_flatmm_kernel.hpp:1376:50: note: built-in candidate operator*(unsigned long, __int128)
/usr/local/lib/python3.12/dist-packages/aiter_meta/3rdparty/composable_kernel/include/ck_tile/ops/flatmm/kernel/moe_flatmm_kernel.hpp:1376:50: note: built-in candidate operator*(unsigned long, unsigned int)
/usr/local/lib/python3.12/dist-packages/aiter_meta/3rdparty/composable_kernel/include/ck_tile/ops/flatmm/kernel/moe_flatmm_kernel.hpp:1376:50: note: built-in candidate operator*(unsigned long, unsigned long)
/usr/local/lib/python3.12/dist-packages/aiter_meta/3rdparty/composable_kernel/include/ck_tile/ops/flatmm/kernel/moe_flatmm_kernel.hpp:1376:50: note: built-in candidate operator*(unsigned long, unsigned long long)
/usr/local/lib/python3.12/dist-packages/aiter_meta/3rdparty/composable_kernel/include/ck_tile/ops/flatmm/kernel/moe_flatmm_kernel.hpp:1376:50: note: built-in candidate operator*(unsigned long, unsigned __int128)
/usr/local/lib/python3.12/dist-packages/aiter_meta/3rdparty/composable_kernel/include/ck_tile/ops/flatmm/kernel/moe_flatmm_kernel.hpp:1376:50: note: built-in candidate operator*(unsigned long long, float)
/usr/local/lib/python3.12/dist-packages/aiter_meta/3rdparty/composable_kernel/include/ck_tile/ops/flatmm/kernel/moe_flatmm_kernel.hpp:1376:50: note: built-in candidate operator*(unsigned long long, long double)
/usr/local/lib/python3.12/dist-packages/aiter_meta/3rdparty/composable_kernel/include/ck_tile/ops/flatmm/kernel/moe_flatmm_kernel.hpp:1376:50: note: built-in candidate operator*(unsigned long long, __float128)
/usr/local/lib/python3.12/dist-packages/aiter_meta/3rdparty/composable_kernel/include/ck_tile/ops/flatmm/kernel/moe_flatmm_kernel.hpp:1376:50: note: built-in candidate operator*(unsigned long long, long)
/usr/local/lib/python3.12/dist-packages/aiter_meta/3rdparty/composable_kernel/include/ck_tile/ops/flatmm/kernel/moe_flatmm_kernel.hpp:1376:50: note: built-in candidate operator*(unsigned long long, long long)
/usr/local/lib/python3.12/dist-packages/aiter_meta/3rdparty/composable_kernel/include/ck_tile/ops/flatmm/kernel/moe_flatmm_kernel.hpp:1376:50: note: built-in candidate operator*(unsigned long long, __int128)
/usr/local/lib/python3.12/dist-packages/aiter_meta/3rdparty/composable_kernel/include/ck_tile/ops/flatmm/kernel/moe_flatmm_kernel.hpp:1376:50: note: built-in candidate operator*(unsigned long long, unsigned int)
/usr/local/lib/python3.12/dist-packages/aiter_meta/3rdparty/composable_kernel/include/ck_tile/ops/flatmm/kernel/moe_flatmm_kernel.hpp:1376:50: note: built-in candidate operator*(unsigned long long, unsigned long)
/usr/local/lib/python3.12/dist-packages/aiter_meta/3rdparty/composable_kernel/include/ck_tile/ops/flatmm/kernel/moe_flatmm_kernel.hpp:1376:50: note: built-in candidate operator*(unsigned long long, unsigned long long)
/usr/local/lib/python3.12/dist-packages/aiter_meta/3rdparty/composable_kernel/include/ck_tile/ops/flatmm/kernel/moe_flatmm_kernel.hpp:1376:50: note: built-in candidate operator*(unsigned long long, unsigned __int128)
/usr/local/lib/python3.12/dist-packages/aiter_meta/3rdparty/composable_kernel/include/ck_tile/ops/flatmm/kernel/moe_flatmm_kernel.hpp:1376:50: note: built-in candidate operator*(unsigned __int128, float)
/usr/local/lib/python3.12/dist-packages/aiter_meta/3rdparty/composable_kernel/include/ck_tile/ops/flatmm/kernel/moe_flatmm_kernel.hpp:1376:50: note: built-in candidate operator*(unsigned __int128, long double)
/usr/local/lib/python3.12/dist-packages/aiter_meta/3rdparty/composable_kernel/include/ck_tile/ops/flatmm/kernel/moe_flatmm_kernel.hpp:1376:50: note: built-in candidate operator*(unsigned __int128, __float128)
/usr/local/lib/python3.12/dist-packages/aiter_meta/3rdparty/composable_kernel/include/ck_tile/ops/flatmm/kernel/moe_flatmm_kernel.hpp:1376:50: note: built-in candidate operator*(unsigned __int128, long)
/usr/local/lib/python3.12/dist-packages/aiter_meta/3rdparty/composable_kernel/include/ck_tile/ops/flatmm/kernel/moe_flatmm_kernel.hpp:1376:50: note: built-in candidate operator*(unsigned __int128, long long)
/usr/local/lib/python3.12/dist-packages/aiter_meta/3rdparty/composable_kernel/include/ck_tile/ops/flatmm/kernel/moe_flatmm_kernel.hpp:1376:50: note: built-in candidate operator*(unsigned __int128, __int128)
/usr/local/lib/python3.12/dist-packages/aiter_meta/3rdparty/composable_kernel/include/ck_tile/ops/flatmm/kernel/moe_flatmm_kernel.hpp:1376:50: note: built-in candidate operator*(unsigned __int128, unsigned int)
/usr/local/lib/python3.12/dist-packages/aiter_meta/3rdparty/composable_kernel/include/ck_tile/ops/flatmm/kernel/moe_flatmm_kernel.hpp:1376:50: note: built-in candidate operator*(unsigned __int128, unsigned long)
/usr/local/lib/python3.12/dist-packages/aiter_meta/3rdparty/composable_kernel/include/ck_tile/ops/flatmm/kernel/moe_flatmm_kernel.hpp:1376:50: note: built-in candidate operator*(unsigned __int128, unsigned long long)
/usr/local/lib/python3.12/dist-packages/aiter_meta/3rdparty/composable_kernel/include/ck_tile/ops/flatmm/kernel/moe_flatmm_kernel.hpp:1376:50: note: built-in candidate operator*(unsigned __int128, unsigned __int128)
/usr/local/lib/python3.12/dist-packages/aiter_meta/3rdparty/composable_kernel/include/ck_tile/ops/flatmm/kernel/moe_flatmm_kernel.hpp:1376:50: note: built-in candidate operator*(long double, double)
/usr/local/lib/python3.12/dist-packages/aiter_meta/3rdparty/composable_kernel/include/ck_tile/ops/flatmm/kernel/moe_flatmm_kernel.hpp:1376:50: note: built-in candidate operator*(long double, int)
/usr/local/lib/python3.12/dist-packages/aiter_meta/3rdparty/composable_kernel/include/ck_tile/ops/flatmm/kernel/moe_flatmm_kernel.hpp:1376:50: note: built-in candidate operator*(__float128, double)
/usr/local/lib/python3.12/dist-packages/aiter_meta/3rdparty/composable_kernel/include/ck_tile/ops/flatmm/kernel/moe_flatmm_kernel.hpp:1376:50: note: built-in candidate operator*(__float128, int)
/usr/local/lib/python3.12/dist-packages/aiter_meta/3rdparty/composable_kernel/include/ck_tile/ops/flatmm/kernel/moe_flatmm_kernel.hpp:1376:50: note: built-in candidate operator*(int, double)
/usr/local/lib/python3.12/dist-packages/aiter_meta/3rdparty/composable_kernel/include/ck_tile/ops/flatmm/kernel/moe_flatmm_kernel.hpp:1376:50: note: built-in candidate operator*(int, int)
/usr/local/lib/python3.12/dist-packages/aiter_meta/3rdparty/composable_kernel/include/ck_tile/ops/flatmm/kernel/moe_flatmm_kernel.hpp:1376:50: note: built-in candidate operator*(long, double)
/usr/local/lib/python3.12/dist-packages/aiter_meta/3rdparty/composable_kernel/include/ck_tile/ops/flatmm/kernel/moe_flatmm_kernel.hpp:1376:50: note: built-in candidate operator*(long, int)
/usr/local/lib/python3.12/dist-packages/aiter_meta/3rdparty/composable_kernel/include/ck_tile/ops/flatmm/kernel/moe_flatmm_kernel.hpp:1376:50: note: built-in candidate operator*(long long, double)
/usr/local/lib/python3.12/dist-packages/aiter_meta/3rdparty/composable_kernel/include/ck_tile/ops/flatmm/kernel/moe_flatmm_kernel.hpp:1376:50: note: built-in candidate operator*(long long, int)
/usr/local/lib/python3.12/dist-packages/aiter_meta/3rdparty/composable_kernel/include/ck_tile/ops/flatmm/kernel/moe_flatmm_kernel.hpp:1376:50: note: built-in candidate operator*(__int128, double)
/usr/local/lib/python3.12/dist-packages/aiter_meta/3rdparty/composable_kernel/include/ck_tile/ops/flatmm/kernel/moe_flatmm_kernel.hpp:1376:50: note: built-in candidate operator*(__int128, int)
/usr/local/lib/python3.12/dist-packages/aiter_meta/3rdparty/composable_kernel/include/ck_tile/ops/flatmm/kernel/moe_flatmm_kernel.hpp:1376:50: note: built-in candidate operator*(unsigned int, double)
/usr/local/lib/python3.12/dist-packages/aiter_meta/3rdparty/composable_kernel/include/ck_tile/ops/flatmm/kernel/moe_flatmm_kernel.hpp:1376:50: note: built-in candidate operator*(unsigned int, int)
/usr/local/lib/python3.12/dist-packages/aiter_meta/3rdparty/composable_kernel/include/ck_tile/ops/flatmm/kernel/moe_flatmm_kernel.hpp:1376:50: note: built-in candidate operator*(unsigned long, double)
/usr/local/lib/python3.12/dist-packages/aiter_meta/3rdparty/composable_kernel/include/ck_tile/ops/flatmm/kernel/moe_flatmm_kernel.hpp:1376:50: note: built-in candidate operator*(unsigned long, int)
/usr/local/lib/python3.12/dist-packages/aiter_meta/3rdparty/composable_kernel/include/ck_tile/ops/flatmm/kernel/moe_flatmm_kernel.hpp:1376:50: note: built-in candidate operator*(unsigned long long, double)
/usr/local/lib/python3.12/dist-packages/aiter_meta/3rdparty/composable_kernel/include/ck_tile/ops/flatmm/kernel/moe_flatmm_kernel.hpp:1376:50: note: built-in candidate operator*(unsigned long long, int)
/usr/local/lib/python3.12/dist-packages/aiter_meta/3rdparty/composable_kernel/include/ck_tile/ops/flatmm/kernel/moe_flatmm_kernel.hpp:1376:50: note: built-in candidate operator*(unsigned __int128, double)
/usr/local/lib/python3.12/dist-packages/aiter_meta/3rdparty/composable_kernel/include/ck_tile/ops/flatmm/kernel/moe_flatmm_kernel.hpp:1376:50: note: built-in candidate operator*(unsigned __int128, int)
/usr/local/lib/python3.12/dist-packages/aiter_meta/3rdparty/composable_kernel/include/ck_tile/ops/flatmm/kernel/moe_flatmm_kernel.hpp:1378:50: error: use of overloaded operator '*' is ambiguous (with operand types 'value_type' (aka 'float') and 'value_type' (aka 'ck_tile::e8m0_bexp_t'))
 1378 |                                 epi_scale_m[idx] * epi_scale_n_up[idx];
      |                                 ~~~~~~~~~~~~~~~~ ^ ~~~~~~~~~~~~~~~~~~~
/usr/local/lib/python3.12/dist-packages/aiter_meta/3rdparty/composable_kernel/include/ck_tile/ops/flatmm/kernel/moe_flatmm_kernel.hpp:1378:50: note: built-in candidate operator*(float, float)
/usr/local/lib/python3.12/dist-packages/aiter_meta/3rdparty/composable_kernel/include/ck_tile/ops/flatmm/kernel/moe_flatmm_kernel.hpp:1378:50: note: built-in candidate operator*(float, long double)
/usr/local/lib/python3.12/dist-packages/aiter_meta/3rdparty/composable_kernel/include/ck_tile/ops/flatmm/kernel/moe_flatmm_kernel.hpp:1378:50: note: built-in candidate operator*(float, __float128)
/usr/local/lib/python3.12/dist-packages/aiter_meta/3rdparty/composable_kernel/include/ck_tile/ops/flatmm/kernel/moe_flatmm_kernel.hpp:1378:50: note: built-in candidate operator*(float, long)
/usr/local/lib/python3.12/dist-packages/aiter_meta/3rdparty/composable_kernel/include/ck_tile/ops/flatmm/kernel/moe_flatmm_kernel.hpp:1378:50: note: built-in candidate operator*(float, long long)
/usr/local/lib/python3.12/dist-packages/aiter_meta/3rdparty/composable_kernel/include/ck_tile/ops/flatmm/kernel/moe_flatmm_kernel.hpp:1378:50: note: built-in candidate operator*(float, __int128)
/usr/local/lib/python3.12/dist-packages/aiter_meta/3rdparty/composable_kernel/include/ck_tile/ops/flatmm/kernel/moe_flatmm_kernel.hpp:1378:50: note: built-in candidate operator*(float, unsigned int)
/usr/local/lib/python3.12/dist-packages/aiter_meta/3rdparty/composable_kernel/include/ck_tile/ops/flatmm/kernel/moe_flatmm_kernel.hpp:1378:50: note: built-in candidate operator*(float, unsigned long)
/usr/local/lib/python3.12/dist-packages/aiter_meta/3rdparty/composable_kernel/include/ck_tile/ops/flatmm/kernel/moe_flatmm_kernel.hpp:1378:50: note: built-in candidate operator*(float, unsigned long long)
/usr/local/lib/python3.12/dist-packages/aiter_meta/3rdparty/composable_kernel/include/ck_tile/ops/flatmm/kernel/moe_flatmm_kernel.hpp:1378:50: note: built-in candidate operator*(float, unsigned __int128)
/usr/local/lib/python3.12/dist-packages/aiter_meta/3rdparty/composable_kernel/include/ck_tile/ops/flatmm/kernel/moe_flatmm_kernel.hpp:1378:50: note: built-in candidate operator*(float, double)
/usr/local/lib/python3.12/dist-packages/aiter_meta/3rdparty/composable_kernel/include/ck_tile/ops/flatmm/kernel/moe_flatmm_kernel.hpp:1378:50: note: built-in candidate operator*(float, int)
/usr/local/lib/python3.12/dist-packages/aiter_meta/3rdparty/composable_kernel/include/ck_tile/ops/flatmm/kernel/moe_flatmm_kernel.hpp:1378:50: note: built-in candidate operator*(double, float)
/usr/local/lib/python3.12/dist-packages/aiter_meta/3rdparty/composable_kernel/include/ck_tile/ops/flatmm/kernel/moe_flatmm_kernel.hpp:1378:50: note: built-in candidate operator*(double, long double)
/usr/local/lib/python3.12/dist-packages/aiter_meta/3rdparty/composable_kernel/include/ck_tile/ops/flatmm/kernel/moe_flatmm_kernel.hpp:1378:50: note: built-in candidate operator*(double, __float128)
/usr/local/lib/python3.12/dist-packages/aiter_meta/3rdparty/composable_kernel/include/ck_tile/ops/flatmm/kernel/moe_flatmm_kernel.hpp:1378:50: note: built-in candidate operator*(double, long)
/usr/local/lib/python3.12/dist-packages/aiter_meta/3rdparty/composable_kernel/include/ck_tile/ops/flatmm/kernel/moe_flatmm_kernel.hpp:1378:50: note: built-in candidate operator*(double, long long)
/usr/local/lib/python3.12/dist-packages/aiter_meta/3rdparty/composable_kernel/include/ck_tile/ops/flatmm/kernel/moe_flatmm_kernel.hpp:1378:50: note: built-in candidate operator*(double, __int128)
/usr/local/lib/python3.12/dist-packages/aiter_meta/3rdparty/composable_kernel/include/ck_tile/ops/flatmm/kernel/moe_flatmm_kernel.hpp:1378:50: note: built-in candidate operator*(double, unsigned int)
/usr/local/lib/python3.12/dist-packages/aiter_meta/3rdparty/composable_kernel/include/ck_tile/ops/flatmm/kernel/moe_flatmm_kernel.hpp:1378:50: note: built-in candidate operator*(double, unsigned long)
/usr/local/lib/python3.12/dist-packages/aiter_meta/3rdparty/composable_kernel/include/ck_tile/ops/flatmm/kernel/moe_flatmm_kernel.hpp:1378:50: note: built-in candidate operator*(double, unsigned long long)
/usr/local/lib/python3.12/dist-packages/aiter_meta/3rdparty/composable_kernel/include/ck_tile/ops/flatmm/kernel/moe_flatmm_kernel.hpp:1378:50: note: built-in candidate operator*(double, unsigned __int128)
/usr/local/lib/python3.12/dist-packages/aiter_meta/3rdparty/composable_kernel/include/ck_tile/ops/flatmm/kernel/moe_flatmm_kernel.hpp:1378:50: note: built-in candidate operator*(double, double)
/usr/local/lib/python3.12/dist-packages/aiter_meta/3rdparty/composable_kernel/include/ck_tile/ops/flatmm/kernel/moe_flatmm_kernel.hpp:1378:50: note: built-in candidate operator*(double, int)
/usr/local/lib/python3.12/dist-packages/aiter_meta/3rdparty/composable_kernel/include/ck_tile/ops/flatmm/kernel/moe_flatmm_kernel.hpp:1378:50: note: built-in candidate operator*(long double, float)
/usr/local/lib/python3.12/dist-packages/aiter_meta/3rdparty/composable_kernel/include/ck_tile/ops/flatmm/kernel/moe_flatmm_kernel.hpp:1378:50: note: built-in candidate operator*(long double, long double)
/usr/local/lib/python3.12/dist-packages/aiter_meta/3rdparty/composable_kernel/include/ck_tile/ops/flatmm/kernel/moe_flatmm_kernel.hpp:1378:50: note: built-in candidate operator*(long double, __float128)
/usr/local/lib/python3.12/dist-packages/aiter_meta/3rdparty/composable_kernel/include/ck_tile/ops/flatmm/kernel/moe_flatmm_kernel.hpp:1378:50: note: built-in candidate operator*(long double, long)
/usr/local/lib/python3.12/dist-packages/aiter_meta/3rdparty/composable_kernel/include/ck_tile/ops/flatmm/kernel/moe_flatmm_kernel.hpp:1378:50: note: built-in candidate operator*(long double, long long)
/usr/local/lib/python3.12/dist-packages/aiter_meta/3rdparty/composable_kernel/include/ck_tile/ops/flatmm/kernel/moe_flatmm_kernel.hpp:1378:50: note: built-in candidate operator*(long double, __int128)
/usr/local/lib/python3.12/dist-packages/aiter_meta/3rdparty/composable_kernel/include/ck_tile/ops/flatmm/kernel/moe_flatmm_kernel.hpp:1378:50: note: built-in candidate operator*(long double, unsigned int)
/usr/local/lib/python3.12/dist-packages/aiter_meta/3rdparty/composable_kernel/include/ck_tile/ops/flatmm/kernel/moe_flatmm_kernel.hpp:1378:50: note: built-in candidate operator*(long double, unsigned long)
/usr/local/lib/python3.12/dist-packages/aiter_meta/3rdparty/composable_kernel/include/ck_tile/ops/flatmm/kernel/moe_flatmm_kernel.hpp:1378:50: note: built-in candidate operator*(long double, unsigned long long)
/usr/local/lib/python3.12/dist-packages/aiter_meta/3rdparty/composable_kernel/include/ck_tile/ops/flatmm/kernel/moe_flatmm_kernel.hpp:1378:50: note: built-in candidate operator*(long double, unsigned __int128)
/usr/local/lib/python3.12/dist-packages/aiter_meta/3rdparty/composable_kernel/include/ck_tile/ops/flatmm/kernel/moe_flatmm_kernel.hpp:1378:50: note: built-in candidate operator*(__float128, float)
/usr/local/lib/python3.12/dist-packages/aiter_meta/3rdparty/composable_kernel/include/ck_tile/ops/flatmm/kernel/moe_flatmm_kernel.hpp:1378:50: note: built-in candidate operator*(__float128, long double)
/usr/local/lib/python3.12/dist-packages/aiter_meta/3rdparty/composable_kernel/include/ck_tile/ops/flatmm/kernel/moe_flatmm_kernel.hpp:1378:50: note: built-in candidate operator*(__float128, __float128)
/usr/local/lib/python3.12/dist-packages/aiter_meta/3rdparty/composable_kernel/include/ck_tile/ops/flatmm/kernel/moe_flatmm_kernel.hpp:1378:50: note: built-in candidate operator*(__float128, long)
/usr/local/lib/python3.12/dist-packages/aiter_meta/3rdparty/composable_kernel/include/ck_tile/ops/flatmm/kernel/moe_flatmm_kernel.hpp:1378:50: note: built-in candidate operator*(__float128, long long)
/usr/local/lib/python3.12/dist-packages/aiter_meta/3rdparty/composable_kernel/include/ck_tile/ops/flatmm/kernel/moe_flatmm_kernel.hpp:1378:50: note: built-in candidate operator*(__float128, __int128)
/usr/local/lib/python3.12/dist-packages/aiter_meta/3rdparty/composable_kernel/include/ck_tile/ops/flatmm/kernel/moe_flatmm_kernel.hpp:1378:50: note: built-in candidate operator*(__float128, unsigned int)
/usr/local/lib/python3.12/dist-packages/aiter_meta/3rdparty/composable_kernel/include/ck_tile/ops/flatmm/kernel/moe_flatmm_kernel.hpp:1378:50: note: built-in candidate operator*(__float128, unsigned long)
/usr/local/lib/python3.12/dist-packages/aiter_meta/3rdparty/composable_kernel/include/ck_tile/ops/flatmm/kernel/moe_flatmm_kernel.hpp:1378:50: note: built-in candidate operator*(__float128, unsigned long long)
/usr/local/lib/python3.12/dist-packages/aiter_meta/3rdparty/composable_kernel/include/ck_tile/ops/flatmm/kernel/moe_flatmm_kernel.hpp:1378:50: note: built-in candidate operator*(__float128, unsigned __int128)
/usr/local/lib/python3.12/dist-packages/aiter_meta/3rdparty/composable_kernel/include/ck_tile/ops/flatmm/kernel/moe_flatmm_kernel.hpp:1378:50: note: built-in candidate operator*(int, float)
/usr/local/lib/python3.12/dist-packages/aiter_meta/3rdparty/composable_kernel/include/ck_tile/ops/flatmm/kernel/moe_flatmm_kernel.hpp:1378:50: note: built-in candidate operator*(int, long double)
/usr/local/lib/python3.12/dist-packages/aiter_meta/3rdparty/composable_kernel/include/ck_tile/ops/flatmm/kernel/moe_flatmm_kernel.hpp:1378:50: note: built-in candidate operator*(int, __float128)
/usr/local/lib/python3.12/dist-packages/aiter_meta/3rdparty/composable_kernel/include/ck_tile/ops/flatmm/kernel/moe_flatmm_kernel.hpp:1378:50: note: built-in candidate operator*(int, long)
/usr/local/lib/python3.12/dist-packages/aiter_meta/3rdparty/composable_kernel/include/ck_tile/ops/flatmm/kernel/moe_flatmm_kernel.hpp:1378:50: note: built-in candidate operator*(int, long long)
/usr/local/lib/python3.12/dist-packages/aiter_meta/3rdparty/composable_kernel/include/ck_tile/ops/flatmm/kernel/moe_flatmm_kernel.hpp:1378:50: note: built-in candidate operator*(int, __int128)
/usr/local/lib/python3.12/dist-packages/aiter_meta/3rdparty/composable_kernel/include/ck_tile/ops/flatmm/kernel/moe_flatmm_kernel.hpp:1378:50: note: built-in candidate operator*(int, unsigned int)
/usr/local/lib/python3.12/dist-packages/aiter_meta/3rdparty/composable_kernel/include/ck_tile/ops/flatmm/kernel/moe_flatmm_kernel.hpp:1378:50: note: built-in candidate operator*(int, unsigned long)
/usr/local/lib/python3.12/dist-packages/aiter_meta/3rdparty/composable_kernel/include/ck_tile/ops/flatmm/kernel/moe_flatmm_kernel.hpp:1378:50: note: built-in candidate operator*(int, unsigned long long)
/usr/local/lib/python3.12/dist-packages/aiter_meta/3rdparty/composable_kernel/include/ck_tile/ops/flatmm/kernel/moe_flatmm_kernel.hpp:1378:50: note: built-in candidate operator*(int, unsigned __int128)
/usr/local/lib/python3.12/dist-packages/aiter_meta/3rdparty/composable_kernel/include/ck_tile/ops/flatmm/kernel/moe_flatmm_kernel.hpp:1378:50: note: built-in candidate operator*(long, float)
/usr/local/lib/python3.12/dist-packages/aiter_meta/3rdparty/composable_kernel/include/ck_tile/ops/flatmm/kernel/moe_flatmm_kernel.hpp:1378:50: note: built-in candidate operator*(long, long double)
/usr/local/lib/python3.12/dist-packages/aiter_meta/3rdparty/composable_kernel/include/ck_tile/ops/flatmm/kernel/moe_flatmm_kernel.hpp:1378:50: note: built-in candidate operator*(long, __float128)
/usr/local/lib/python3.12/dist-packages/aiter_meta/3rdparty/composable_kernel/include/ck_tile/ops/flatmm/kernel/moe_flatmm_kernel.hpp:1378:50: note: built-in candidate operator*(long, long)
/usr/local/lib/python3.12/dist-packages/aiter_meta/3rdparty/composable_kernel/include/ck_tile/ops/flatmm/kernel/moe_flatmm_kernel.hpp:1378:50: note: built-in candidate operator*(long, long long)
/usr/local/lib/python3.12/dist-packages/aiter_meta/3rdparty/composable_kernel/include/ck_tile/ops/flatmm/kernel/moe_flatmm_kernel.hpp:1378:50: note: built-in candidate operator*(long, __int128)
/usr/local/lib/python3.12/dist-packages/aiter_meta/3rdparty/composable_kernel/include/ck_tile/ops/flatmm/kernel/moe_flatmm_kernel.hpp:1378:50: note: built-in candidate operator*(long, unsigned int)
/usr/local/lib/python3.12/dist-packages/aiter_meta/3rdparty/composable_kernel/include/ck_tile/ops/flatmm/kernel/moe_flatmm_kernel.hpp:1378:50: note: built-in candidate operator*(long, unsigned long)
/usr/local/lib/python3.12/dist-packages/aiter_meta/3rdparty/composable_kernel/include/ck_tile/ops/flatmm/kernel/moe_flatmm_kernel.hpp:1378:50: note: built-in candidate operator*(long, unsigned long long)
/usr/local/lib/python3.12/dist-packages/aiter_meta/3rdparty/composable_kernel/include/ck_tile/ops/flatmm/kernel/moe_flatmm_kernel.hpp:1378:50: note: built-in candidate operator*(long, unsigned __int128)
/usr/local/lib/python3.12/dist-packages/aiter_meta/3rdparty/composable_kernel/include/ck_tile/ops/flatmm/kernel/moe_flatmm_kernel.hpp:1378:50: note: built-in candidate operator*(long long, float)
/usr/local/lib/python3.12/dist-packages/aiter_meta/3rdparty/composable_kernel/include/ck_tile/ops/flatmm/kernel/moe_flatmm_kernel.hpp:1378:50: note: built-in candidate operator*(long long, long double)
/usr/local/lib/python3.12/dist-packages/aiter_meta/3rdparty/composable_kernel/include/ck_tile/ops/flatmm/kernel/moe_flatmm_kernel.hpp:1378:50: note: built-in candidate operator*(long long, __float128)
/usr/local/lib/python3.12/dist-packages/aiter_meta/3rdparty/composable_kernel/include/ck_tile/ops/flatmm/kernel/moe_flatmm_kernel.hpp:1378:50: note: built-in candidate operator*(long long, long)
/usr/local/lib/python3.12/dist-packages/aiter_meta/3rdparty/composable_kernel/include/ck_tile/ops/flatmm/kernel/moe_flatmm_kernel.hpp:1378:50: note: built-in candidate operator*(long long, long long)
/usr/local/lib/python3.12/dist-packages/aiter_meta/3rdparty/composable_kernel/include/ck_tile/ops/flatmm/kernel/moe_flatmm_kernel.hpp:1378:50: note: built-in candidate operator*(long long, __int128)
/usr/local/lib/python3.12/dist-packages/aiter_meta/3rdparty/composable_kernel/include/ck_tile/ops/flatmm/kernel/moe_flatmm_kernel.hpp:1378:50: note: built-in candidate operator*(long long, unsigned int)
/usr/local/lib/python3.12/dist-packages/aiter_meta/3rdparty/composable_kernel/include/ck_tile/ops/flatmm/kernel/moe_flatmm_kernel.hpp:1378:50: note: built-in candidate operator*(long long, unsigned long)
/usr/local/lib/python3.12/dist-packages/aiter_meta/3rdparty/composable_kernel/include/ck_tile/ops/flatmm/kernel/moe_flatmm_kernel.hpp:1378:50: note: built-in candidate operator*(long long, unsigned long long)
/usr/local/lib/python3.12/dist-packages/aiter_meta/3rdparty/composable_kernel/include/ck_tile/ops/flatmm/kernel/moe_flatmm_kernel.hpp:1378:50: note: built-in candidate operator*(long long, unsigned __int128)
/usr/local/lib/python3.12/dist-packages/aiter_meta/3rdparty/composable_kernel/include/ck_tile/ops/flatmm/kernel/moe_flatmm_kernel.hpp:1378:50: note: built-in candidate operator*(__int128, float)
/usr/local/lib/python3.12/dist-packages/aiter_meta/3rdparty/composable_kernel/include/ck_tile/ops/flatmm/kernel/moe_flatmm_kernel.hpp:1378:50: note: built-in candidate operator*(__int128, long double)
/usr/local/lib/python3.12/dist-packages/aiter_meta/3rdparty/composable_kernel/include/ck_tile/ops/flatmm/kernel/moe_flatmm_kernel.hpp:1378:50: note: built-in candidate operator*(__int128, __float128)
/usr/local/lib/python3.12/dist-packages/aiter_meta/3rdparty/composable_kernel/include/ck_tile/ops/flatmm/kernel/moe_flatmm_kernel.hpp:1378:50: note: built-in candidate operator*(__int128, long)
/usr/local/lib/python3.12/dist-packages/aiter_meta/3rdparty/composable_kernel/include/ck_tile/ops/flatmm/kernel/moe_flatmm_kernel.hpp:1378:50: note: built-in candidate operator*(__int128, long long)
/usr/local/lib/python3.12/dist-packages/aiter_meta/3rdparty/composable_kernel/include/ck_tile/ops/flatmm/kernel/moe_flatmm_kernel.hpp:1378:50: note: built-in candidate operator*(__int128, __int128)
/usr/local/lib/python3.12/dist-packages/aiter_meta/3rdparty/composable_kernel/include/ck_tile/ops/flatmm/kernel/moe_flatmm_kernel.hpp:1378:50: note: built-in candidate operator*(__int128, unsigned int)
/usr/local/lib/python3.12/dist-packages/aiter_meta/3rdparty/composable_kernel/include/ck_tile/ops/flatmm/kernel/moe_flatmm_kernel.hpp:1378:50: note: built-in candidate operator*(__int128, unsigned long)
/usr/local/lib/python3.12/dist-packages/aiter_meta/3rdparty/composable_kernel/include/ck_tile/ops/flatmm/kernel/moe_flatmm_kernel.hpp:1378:50: note: built-in candidate operator*(__int128, unsigned long long)
/usr/local/lib/python3.12/dist-packages/aiter_meta/3rdparty/composable_kernel/include/ck_tile/ops/flatmm/kernel/moe_flatmm_kernel.hpp:1378:50: note: built-in candidate operator*(__int128, unsigned __int128)
/usr/local/lib/python3.12/dist-packages/aiter_meta/3rdparty/composable_kernel/include/ck_tile/ops/flatmm/kernel/moe_flatmm_kernel.hpp:1378:50: note: built-in candidate operator*(unsigned int, float)
/usr/local/lib/python3.12/dist-packages/aiter_meta/3rdparty/composable_kernel/include/ck_tile/ops/flatmm/kernel/moe_flatmm_kernel.hpp:1378:50: note: built-in candidate operator*(unsigned int, long double)
/usr/local/lib/python3.12/dist-packages/aiter_meta/3rdparty/composable_kernel/include/ck_tile/ops/flatmm/kernel/moe_flatmm_kernel.hpp:1378:50: note: built-in candidate operator*(unsigned int, __float128)
/usr/local/lib/python3.12/dist-packages/aiter_meta/3rdparty/composable_kernel/include/ck_tile/ops/flatmm/kernel/moe_flatmm_kernel.hpp:1378:50: note: built-in candidate operator*(unsigned int, long)
/usr/local/lib/python3.12/dist-packages/aiter_meta/3rdparty/composable_kernel/include/ck_tile/ops/flatmm/kernel/moe_flatmm_kernel.hpp:1378:50: note: built-in candidate operator*(unsigned int, long long)
/usr/local/lib/python3.12/dist-packages/aiter_meta/3rdparty/composable_kernel/include/ck_tile/ops/flatmm/kernel/moe_flatmm_kernel.hpp:1378:50: note: built-in candidate operator*(unsigned int, __int128)
/usr/local/lib/python3.12/dist-packages/aiter_meta/3rdparty/composable_kernel/include/ck_tile/ops/flatmm/kernel/moe_flatmm_kernel.hpp:1378:50: note: built-in candidate operator*(unsigned int, unsigned int)
/usr/local/lib/python3.12/dist-packages/aiter_meta/3rdparty/composable_kernel/include/ck_tile/ops/flatmm/kernel/moe_flatmm_kernel.hpp:1378:50: note: built-in candidate operator*(unsigned int, unsigned long)
/usr/local/lib/python3.12/dist-packages/aiter_meta/3rdparty/composable_kernel/include/ck_tile/ops/flatmm/kernel/moe_flatmm_kernel.hpp:1378:50: note: built-in candidate operator*(unsigned int, unsigned long long)
/usr/local/lib/python3.12/dist-packages/aiter_meta/3rdparty/composable_kernel/include/ck_tile/ops/flatmm/kernel/moe_flatmm_kernel.hpp:1378:50: note: built-in candidate operator*(unsigned int, unsigned __int128)
/usr/local/lib/python3.12/dist-packages/aiter_meta/3rdparty/composable_kernel/include/ck_tile/ops/flatmm/kernel/moe_flatmm_kernel.hpp:1378:50: note: built-in candidate operator*(unsigned long, float)
/usr/local/lib/python3.12/dist-packages/aiter_meta/3rdparty/composable_kernel/include/ck_tile/ops/flatmm/kernel/moe_flatmm_kernel.hpp:1378:50: note: built-in candidate operator*(unsigned long, long double)
/usr/local/lib/python3.12/dist-packages/aiter_meta/3rdparty/composable_kernel/include/ck_tile/ops/flatmm/kernel/moe_flatmm_kernel.hpp:1378:50: note: built-in candidate operator*(unsigned long, __float128)
/usr/local/lib/python3.12/dist-packages/aiter_meta/3rdparty/composable_kernel/include/ck_tile/ops/flatmm/kernel/moe_flatmm_kernel.hpp:1378:50: note: built-in candidate operator*(unsigned long, long)
/usr/local/lib/python3.12/dist-packages/aiter_meta/3rdparty/composable_kernel/include/ck_tile/ops/flatmm/kernel/moe_flatmm_kernel.hpp:1378:50: note: built-in candidate operator*(unsigned long, long long)
/usr/local/lib/python3.12/dist-packages/aiter_meta/3rdparty/composable_kernel/include/ck_tile/ops/flatmm/kernel/moe_flatmm_kernel.hpp:1378:50: note: built-in candidate operator*(unsigned long, __int128)
/usr/local/lib/python3.12/dist-packages/aiter_meta/3rdparty/composable_kernel/include/ck_tile/ops/flatmm/kernel/moe_flatmm_kernel.hpp:1378:50: note: built-in candidate operator*(unsigned long, unsigned int)
/usr/local/lib/python3.12/dist-packages/aiter_meta/3rdparty/composable_kernel/include/ck_tile/ops/flatmm/kernel/moe_flatmm_kernel.hpp:1378:50: note: built-in candidate operator*(unsigned long, unsigned long)
/usr/local/lib/python3.12/dist-packages/aiter_meta/3rdparty/composable_kernel/include/ck_tile/ops/flatmm/kernel/moe_flatmm_kernel.hpp:1378:50: note: built-in candidate operator*(unsigned long, unsigned long long)
/usr/local/lib/python3.12/dist-packages/aiter_meta/3rdparty/composable_kernel/include/ck_tile/ops/flatmm/kernel/moe_flatmm_kernel.hpp:1378:50: note: built-in candidate operator*(unsigned long, unsigned __int128)
/usr/local/lib/python3.12/dist-packages/aiter_meta/3rdparty/composable_kernel/include/ck_tile/ops/flatmm/kernel/moe_flatmm_kernel.hpp:1378:50: note: built-in candidate operator*(unsigned long long, float)
/usr/local/lib/python3.12/dist-packages/aiter_meta/3rdparty/composable_kernel/include/ck_tile/ops/flatmm/kernel/moe_flatmm_kernel.hpp:1378:50: note: built-in candidate operator*(unsigned long long, long double)
/usr/local/lib/python3.12/dist-packages/aiter_meta/3rdparty/composable_kernel/include/ck_tile/ops/flatmm/kernel/moe_flatmm_kernel.hpp:1378:50: note: built-in candidate operator*(unsigned long long, __float128)
/usr/local/lib/python3.12/dist-packages/aiter_meta/3rdparty/composable_kernel/include/ck_tile/ops/flatmm/kernel/moe_flatmm_kernel.hpp:1378:50: note: built-in candidate operator*(unsigned long long, long)
/usr/local/lib/python3.12/dist-packages/aiter_meta/3rdparty/composable_kernel/include/ck_tile/ops/flatmm/kernel/moe_flatmm_kernel.hpp:1378:50: note: built-in candidate operator*(unsigned long long, long long)
/usr/local/lib/python3.12/dist-packages/aiter_meta/3rdparty/composable_kernel/include/ck_tile/ops/flatmm/kernel/moe_flatmm_kernel.hpp:1378:50: note: built-in candidate operator*(unsigned long long, __int128)
/usr/local/lib/python3.12/dist-packages/aiter_meta/3rdparty/composable_kernel/include/ck_tile/ops/flatmm/kernel/moe_flatmm_kernel.hpp:1378:50: note: built-in candidate operator*(unsigned long long, unsigned int)
/usr/local/lib/python3.12/dist-packages/aiter_meta/3rdparty/composable_kernel/include/ck_tile/ops/flatmm/kernel/moe_flatmm_kernel.hpp:1378:50: note: built-in candidate operator*(unsigned long long, unsigned long)
/usr/local/lib/python3.12/dist-packages/aiter_meta/3rdparty/composable_kernel/include/ck_tile/ops/flatmm/kernel/moe_flatmm_kernel.hpp:1378:50: note: built-in candidate operator*(unsigned long long, unsigned long long)
/usr/local/lib/python3.12/dist-packages/aiter_meta/3rdparty/composable_kernel/include/ck_tile/ops/flatmm/kernel/moe_flatmm_kernel.hpp:1378:50: note: built-in candidate operator*(unsigned long long, unsigned __int128)
/usr/local/lib/python3.12/dist-packages/aiter_meta/3rdparty/composable_kernel/include/ck_tile/ops/flatmm/kernel/moe_flatmm_kernel.hpp:1378:50: note: built-in candidate operator*(unsigned __int128, float)
/usr/local/lib/python3.12/dist-packages/aiter_meta/3rdparty/composable_kernel/include/ck_tile/ops/flatmm/kernel/moe_flatmm_kernel.hpp:1378:50: note: built-in candidate operator*(unsigned __int128, long double)
/usr/local/lib/python3.12/dist-packages/aiter_meta/3rdparty/composable_kernel/include/ck_tile/ops/flatmm/kernel/moe_flatmm_kernel.hpp:1378:50: note: built-in candidate operator*(unsigned __int128, __float128)
/usr/local/lib/python3.12/dist-packages/aiter_meta/3rdparty/composable_kernel/include/ck_tile/ops/flatmm/kernel/moe_flatmm_kernel.hpp:1378:50: note: built-in candidate operator*(unsigned __int128, long)
/usr/local/lib/python3.12/dist-packages/aiter_meta/3rdparty/composable_kernel/include/ck_tile/ops/flatmm/kernel/moe_flatmm_kernel.hpp:1378:50: note: built-in candidate operator*(unsigned __int128, long long)
/usr/local/lib/python3.12/dist-packages/aiter_meta/3rdparty/composable_kernel/include/ck_tile/ops/flatmm/kernel/moe_flatmm_kernel.hpp:1378:50: note: built-in candidate operator*(unsigned __int128, __int128)
/usr/local/lib/python3.12/dist-packages/aiter_meta/3rdparty/composable_kernel/include/ck_tile/ops/flatmm/kernel/moe_flatmm_kernel.hpp:1378:50: note: built-in candidate operator*(unsigned __int128, unsigned int)
/usr/local/lib/python3.12/dist-packages/aiter_meta/3rdparty/composable_kernel/include/ck_tile/ops/flatmm/kernel/moe_flatmm_kernel.hpp:1378:50: note: built-in candidate operator*(unsigned __int128, unsigned long)
/usr/local/lib/python3.12/dist-packages/aiter_meta/3rdparty/composable_kernel/include/ck_tile/ops/flatmm/kernel/moe_flatmm_kernel.hpp:1378:50: note: built-in candidate operator*(unsigned __int128, unsigned long long)
/usr/local/lib/python3.12/dist-packages/aiter_meta/3rdparty/composable_kernel/include/ck_tile/ops/flatmm/kernel/moe_flatmm_kernel.hpp:1378:50: note: built-in candidate operator*(unsigned __int128, unsigned __int128)
/usr/local/lib/python3.12/dist-packages/aiter_meta/3rdparty/composable_kernel/include/ck_tile/ops/flatmm/kernel/moe_flatmm_kernel.hpp:1378:50: note: built-in candidate operator*(long double, double)
/usr/local/lib/python3.12/dist-packages/aiter_meta/3rdparty/composable_kernel/include/ck_tile/ops/flatmm/kernel/moe_flatmm_kernel.hpp:1378:50: note: built-in candidate operator*(long double, int)
/usr/local/lib/python3.12/dist-packages/aiter_meta/3rdparty/composable_kernel/include/ck_tile/ops/flatmm/kernel/moe_flatmm_kernel.hpp:1378:50: note: built-in candidate operator*(__float128, double)
/usr/local/lib/python3.12/dist-packages/aiter_meta/3rdparty/composable_kernel/include/ck_tile/ops/flatmm/kernel/moe_flatmm_kernel.hpp:1378:50: note: built-in candidate operator*(__float128, int)
/usr/local/lib/python3.12/dist-packages/aiter_meta/3rdparty/composable_kernel/include/ck_tile/ops/flatmm/kernel/moe_flatmm_kernel.hpp:1378:50: note: built-in candidate operator*(int, double)
/usr/local/lib/python3.12/dist-packages/aiter_meta/3rdparty/composable_kernel/include/ck_tile/ops/flatmm/kernel/moe_flatmm_kernel.hpp:1378:50: note: built-in candidate operator*(int, int)
/usr/local/lib/python3.12/dist-packages/aiter_meta/3rdparty/composable_kernel/include/ck_tile/ops/flatmm/kernel/moe_flatmm_kernel.hpp:1378:50: note: built-in candidate operator*(long, double)
/usr/local/lib/python3.12/dist-packages/aiter_meta/3rdparty/composable_kernel/include/ck_tile/ops/flatmm/kernel/moe_flatmm_kernel.hpp:1378:50: note: built-in candidate operator*(long, int)
/usr/local/lib/python3.12/dist-packages/aiter_meta/3rdparty/composable_kernel/include/ck_tile/ops/flatmm/kernel/moe_flatmm_kernel.hpp:1378:50: note: built-in candidate operator*(long long, double)
/usr/local/lib/python3.12/dist-packages/aiter_meta/3rdparty/composable_kernel/include/ck_tile/ops/flatmm/kernel/moe_flatmm_kernel.hpp:1378:50: note: built-in candidate operator*(long long, int)
/usr/local/lib/python3.12/dist-packages/aiter_meta/3rdparty/composable_kernel/include/ck_tile/ops/flatmm/kernel/moe_flatmm_kernel.hpp:1378:50: note: built-in candidate operator*(__int128, double)
/usr/local/lib/python3.12/dist-packages/aiter_meta/3rdparty/composable_kernel/include/ck_tile/ops/flatmm/kernel/moe_flatmm_kernel.hpp:1378:50: note: built-in candidate operator*(__int128, int)
/usr/local/lib/python3.12/dist-packages/aiter_meta/3rdparty/composable_kernel/include/ck_tile/ops/flatmm/kernel/moe_flatmm_kernel.hpp:1378:50: note: built-in candidate operator*(unsigned int, double)
/usr/local/lib/python3.12/dist-packages/aiter_meta/3rdparty/composable_kernel/include/ck_tile/ops/flatmm/kernel/moe_flatmm_kernel.hpp:1378:50: note: built-in candidate operator*(unsigned int, int)
/usr/local/lib/python3.12/dist-packages/aiter_meta/3rdparty/composable_kernel/include/ck_tile/ops/flatmm/kernel/moe_flatmm_kernel.hpp:1378:50: note: built-in candidate operator*(unsigned long, double)
/usr/local/lib/python3.12/dist-packages/aiter_meta/3rdparty/composable_kernel/include/ck_tile/ops/flatmm/kernel/moe_flatmm_kernel.hpp:1378:50: note: built-in candidate operator*(unsigned long, int)
/usr/local/lib/python3.12/dist-packages/aiter_meta/3rdparty/composable_kernel/include/ck_tile/ops/flatmm/kernel/moe_flatmm_kernel.hpp:1378:50: note: built-in candidate operator*(unsigned long long, double)
/usr/local/lib/python3.12/dist-packages/aiter_meta/3rdparty/composable_kernel/include/ck_tile/ops/flatmm/kernel/moe_flatmm_kernel.hpp:1378:50: note: built-in candidate operator*(unsigned long long, int)
/usr/local/lib/python3.12/dist-packages/aiter_meta/3rdparty/composable_kernel/include/ck_tile/ops/flatmm/kernel/moe_flatmm_kernel.hpp:1378:50: note: built-in candidate operator*(unsigned __int128, double)
/usr/local/lib/python3.12/dist-packages/aiter_meta/3rdparty/composable_kernel/include/ck_tile/ops/flatmm/kernel/moe_flatmm_kernel.hpp:1378:50: note: built-in candidate operator*(unsigned __int128, int)
/usr/local/lib/python3.12/dist-packages/aiter_meta/3rdparty/composable_kernel/include/ck_tile/ops/flatmm/kernel/moe_flatmm_kernel.hpp:1376:50: error: use of overloaded operator '*' is ambiguous (with operand types 'value_type' (aka 'float') and 'value_type' (aka 'ck_tile::e8m0_bexp_t'))
 1376 |                                 epi_scale_m[idx] * epi_scale_n[idx];
      |                                 ~~~~~~~~~~~~~~~~ ^ ~~~~~~~~~~~~~~~~
/usr/local/lib/python3.12/dist-packages/aiter_meta/3rdparty/composable_kernel/include/ck_tile/core/utility/functional.hpp:74:10: note: in instantiation of function template specialization 'ck_tile::MoeFlatmmKernel<ck_tile::GemmSpatiallyLocalTilePartitioner<ck_tile::TileGemmShape<ck_tile::sequence<32, 256, 256>, ck_tile::sequence<1, 4, 1>, ck_tile::sequence<16, 16, 32>>, 8, 4>, ck_tile::MoeFlatmmPipelineAGmemBGmemCRegV1<ck_tile::FlatmmPipelineProblem<__bf16, ck_tile::pk_int4_t, float, ck_tile::TileGemmShape<ck_tile::sequence<32, 256, 256>, ck_tile::sequence<1, 4, 1>, ck_tile::sequence<16, 16, 32>>, ck_tile::TileGemmUniversalTraits<false, false, false, false, ck_tile::tensor_layout::gemm::RowMajor, ck_tile::tensor_layout::gemm::ColumnMajor, ck_tile::tensor_layout::gemm::RowMajor, false, false, false, 1, true>, ck_tile::GemmPipelineScheduler::Default, true, ck_tile::TailNumber::Even, ck_tile::amd_buffer_coherence_enum::coherence_default>>, ck_tile::CShuffleEpilogue<ck_tile::CShuffleEpilogueProblem<__bf16, __bf16, ck_tile::tuple<>, float, __bf16, ck_tile::tuple<>, ck_tile::tensor_layout::gemm::RowMajor, ck_tile::element_wise::PassThrough, 32, 256, 1, 4, 16, 16, 32, false, 1, false, 1, 2>>, ck_tile::MoeFlatmmKind::kFFN_gemm1_gate_up>::operator()(ck_tile::MoeFlatmmKernel<ck_tile::GemmSpatiallyLocalTilePartitioner<ck_tile::TileGemmShape<ck_tile::sequence<32, 256, 256>, ck_tile::sequence<1, 4, 1>, ck_tile::sequence<16, 16, 32>>, 8, 4>, ck_tile::MoeFlatmmPipelineAGmemBGmemCRegV1<ck_tile::FlatmmPipelineProblem<__bf16, ck_tile::pk_int4_t, float, ck_tile::TileGemmShape<ck_tile::sequence<32, 256, 256>, ck_tile::sequence<1, 4, 1>, ck_tile::sequence<16, 16, 32>>, ck_tile::TileGemmUniversalTraits<false, false, false, false, ck_tile::tensor_layout::gemm::RowMajor, ck_tile::tensor_layout::gemm::ColumnMajor, ck_tile::tensor_layout::gemm::RowMajor, false, false, false, 1, true>, ck_tile::GemmPipelineScheduler::Default, true, ck_tile::TailNumber::Even, ck_tile::amd_buffer_coherence_enum::coherence_default>>, ck_tile::CShuffleEpilogue<ck_tile::CShuffleEpilogueProblem<__bf16, __bf16, ck_tile::tuple<>, float, __bf16, ck_tile::tuple<>, ck_tile::tensor_layout::gemm::RowMajor, ck_tile::element_wise::PassThrough, 32, 256, 1, 4, 16, 16, 32, false, 1, false, 1, 2>>, ck_tile::MoeFlatmmKind::kFFN_gemm1_gate_up>::MoeFlatmmKernelArgs<ck_tile::FlatmmScalePointer<-1>, ck_tile::FlatmmScalePointer<1, 32, ck_tile::e8m0_bexp_t>, ck_tile::FlatmmScalePointer<1>>, index_t, index_t)::(anonymous class)::operator()(ck_tile::constant<1>, ck_tile::constant<1>, ck_tile::constant<0>)::(anonymous class)::operator()<ck_tile::constant<3>>' requested here
   74 |         (f(number<Is>{}), ...);
      |          ^
/usr/local/lib/python3.12/dist-packages/aiter_meta/3rdparty/composable_kernel/include/ck_tile/ops/flatmm/kernel/moe_flatmm_kernel.hpp:1372:21: note: in instantiation of function template specialization 'ck_tile::detail::applier<int, 0, 1, 2, 3>::operator()<(lambda at /usr/local/lib/python3.12/dist-packages/aiter_meta/3rdparty/composable_kernel/include/ck_tile/ops/flatmm/kernel/moe_flatmm_kernel.hpp:1372:55)>' requested here
 1372 |                     static_for<0, ActVectorSize, 1>{}([&](auto idx) {
      |                     ^
/usr/local/lib/python3.12/dist-packages/aiter_meta/3rdparty/composable_kernel/include/ck_tile/ops/flatmm/kernel/moe_flatmm_kernel.hpp:1466:21: note: in instantiation of function template specialization 'ck_tile::MoeFlatmmKernel<ck_tile::GemmSpatiallyLocalTilePartitioner<ck_tile::TileGemmShape<ck_tile::sequence<32, 256, 256>, ck_tile::sequence<1, 4, 1>, ck_tile::sequence<16, 16, 32>>, 8, 4>, ck_tile::MoeFlatmmPipelineAGmemBGmemCRegV1<ck_tile::FlatmmPipelineProblem<__bf16, ck_tile::pk_int4_t, float, ck_tile::TileGemmShape<ck_tile::sequence<32, 256, 256>, ck_tile::sequence<1, 4, 1>, ck_tile::sequence<16, 16, 32>>, ck_tile::TileGemmUniversalTraits<false, false, false, false, ck_tile::tensor_layout::gemm::RowMajor, ck_tile::tensor_layout::gemm::ColumnMajor, ck_tile::tensor_layout::gemm::RowMajor, false, false, false, 1, true>, ck_tile::GemmPipelineScheduler::Default, true, ck_tile::TailNumber::Even, ck_tile::amd_buffer_coherence_enum::coherence_default>>, ck_tile::CShuffleEpilogue<ck_tile::CShuffleEpilogueProblem<__bf16, __bf16, ck_tile::tuple<>, float, __bf16, ck_tile::tuple<>, ck_tile::tensor_layout::gemm::RowMajor, ck_tile::element_wise::PassThrough, 32, 256, 1, 4, 16, 16, 32, false, 1, false, 1, 2>>, ck_tile::MoeFlatmmKind::kFFN_gemm1_gate_up>::operator()(ck_tile::MoeFlatmmKernel<ck_tile::GemmSpatiallyLocalTilePartitioner<ck_tile::TileGemmShape<ck_tile::sequence<32, 256, 256>, ck_tile::sequence<1, 4, 1>, ck_tile::sequence<16, 16, 32>>, 8, 4>, ck_tile::MoeFlatmmPipelineAGmemBGmemCRegV1<ck_tile::FlatmmPipelineProblem<__bf16, ck_tile::pk_int4_t, float, ck_tile::TileGemmShape<ck_tile::sequence<32, 256, 256>, ck_tile::sequence<1, 4, 1>, ck_tile::sequence<16, 16, 32>>, ck_tile::TileGemmUniversalTraits<false, false, false, false, ck_tile::tensor_layout::gemm::RowMajor, ck_tile::tensor_layout::gemm::ColumnMajor, ck_tile::tensor_layout::gemm::RowMajor, false, false, false, 1, true>, ck_tile::GemmPipelineScheduler::Default, true, ck_tile::TailNumber::Even, ck_tile::amd_buffer_coherence_enum::coherence_default>>, ck_tile::CShuffleEpilogue<ck_tile::CShuffleEpilogueProblem<__bf16, __bf16, ck_tile::tuple<>, float, __bf16, ck_tile::tuple<>, ck_tile::tensor_layout::gemm::RowMajor, ck_tile::element_wise::PassThrough, 32, 256, 1, 4, 16, 16, 32, false, 1, false, 1, 2>>, ck_tile::MoeFlatmmKind::kFFN_gemm1_gate_up>::MoeFlatmmKernelArgs<ck_tile::FlatmmScalePointer<-1>, ck_tile::FlatmmScalePointer<1, 32, ck_tile::e8m0_bexp_t>, ck_tile::FlatmmScalePointer<1>>, index_t, index_t)::(anonymous class)::operator()<ck_tile::constant<1>, ck_tile::constant<1>, ck_tile::constant<0>>' requested here
 1466 |                     process_epi_tile(number<write_stage>{}, mIter_next, nIter_next);
      |                     ^
/usr/local/lib/python3.12/dist-packages/aiter_meta/3rdparty/composable_kernel/include/ck_tile/core/utility/functional.hpp:74:10: note: in instantiation of function template specialization 'ck_tile::MoeFlatmmKernel<ck_tile::GemmSpatiallyLocalTilePartitioner<ck_tile::TileGemmShape<ck_tile::sequence<32, 256, 256>, ck_tile::sequence<1, 4, 1>, ck_tile::sequence<16, 16, 32>>, 8, 4>, ck_tile::MoeFlatmmPipelineAGmemBGmemCRegV1<ck_tile::FlatmmPipelineProblem<__bf16, ck_tile::pk_int4_t, float, ck_tile::TileGemmShape<ck_tile::sequence<32, 256, 256>, ck_tile::sequence<1, 4, 1>, ck_tile::sequence<16, 16, 32>>, ck_tile::TileGemmUniversalTraits<false, false, false, false, ck_tile::tensor_layout::gemm::RowMajor, ck_tile::tensor_layout::gemm::ColumnMajor, ck_tile::tensor_layout::gemm::RowMajor, false, false, false, 1, true>, ck_tile::GemmPipelineScheduler::Default, true, ck_tile::TailNumber::Even, ck_tile::amd_buffer_coherence_enum::coherence_default>>, ck_tile::CShuffleEpilogue<ck_tile::CShuffleEpilogueProblem<__bf16, __bf16, ck_tile::tuple<>, float, __bf16, ck_tile::tuple<>, ck_tile::tensor_layout::gemm::RowMajor, ck_tile::element_wise::PassThrough, 32, 256, 1, 4, 16, 16, 32, false, 1, false, 1, 2>>, ck_tile::MoeFlatmmKind::kFFN_gemm1_gate_up>::operator()(ck_tile::MoeFlatmmKernel<ck_tile::GemmSpatiallyLocalTilePartitioner<ck_tile::TileGemmShape<ck_tile::sequence<32, 256, 256>, ck_tile::sequence<1, 4, 1>, ck_tile::sequence<16, 16, 32>>, 8, 4>, ck_tile::MoeFlatmmPipelineAGmemBGmemCRegV1<ck_tile::FlatmmPipelineProblem<__bf16, ck_tile::pk_int4_t, float, ck_tile::TileGemmShape<ck_tile::sequence<32, 256, 256>, ck_tile::sequence<1, 4, 1>, ck_tile::sequence<16, 16, 32>>, ck_tile::TileGemmUniversalTraits<false, false, false, false, ck_tile::tensor_layout::gemm::RowMajor, ck_tile::tensor_layout::gemm::ColumnMajor, ck_tile::tensor_layout::gemm::RowMajor, false, false, false, 1, true>, ck_tile::GemmPipelineScheduler::Default, true, ck_tile::TailNumber::Even, ck_tile::amd_buffer_coherence_enum::coherence_default>>, ck_tile::CShuffleEpilogue<ck_tile::CShuffleEpilogueProblem<__bf16, __bf16, ck_tile::tuple<>, float, __bf16, ck_tile::tuple<>, ck_tile::tensor_layout::gemm::RowMajor, ck_tile::element_wise::PassThrough, 32, 256, 1, 4, 16, 16, 32, false, 1, false, 1, 2>>, ck_tile::MoeFlatmmKind::kFFN_gemm1_gate_up>::MoeFlatmmKernelArgs<ck_tile::FlatmmScalePointer<-1>, ck_tile::FlatmmScalePointer<1, 32, ck_tile::e8m0_bexp_t>, ck_tile::FlatmmScalePointer<1>>, index_t, index_t)::(anonymous class)::operator()<ck_tile::constant<2>>' requested here
   74 |         (f(number<Is>{}), ...);
      |          ^
/usr/local/lib/python3.12/dist-packages/aiter_meta/3rdparty/composable_kernel/include/ck_tile/ops/flatmm/kernel/moe_flatmm_kernel.hpp:1446:13: note: in instantiation of function template specialization 'ck_tile::detail::applier<int, 0, 1, 2, 3>::operator()<(lambda at /usr/local/lib/python3.12/dist-packages/aiter_meta/3rdparty/composable_kernel/include/ck_tile/ops/flatmm/kernel/moe_flatmm_kernel.hpp:1446:44)>' requested here
 1446 |             static_for<0, num_access, 1>{}([&](auto iAccess) {
      |             ^
/usr/local/lib/python3.12/dist-packages/aiter_meta/3rdparty/composable_kernel/include/ck_tile/ops/flatmm/kernel/moe_flatmm_kernel.hpp:923:19: note: (skipping 2 contexts in backtrace; use -ftemplate-backtrace-limit=0 to see all)
  923 |             this->operator()(kargs, block_offset_m, block_offset_n);
      |                   ^
/usr/local/lib/python3.12/dist-packages/aiter_meta/3rdparty/composable_kernel/include/ck_tile/host/kernel_launch.hpp:128:20: note: in instantiation of function template specialization 'ck_tile::kentry<1, ck_tile::MoeFlatmmKernel<ck_tile::GemmSpatiallyLocalTilePartitioner<ck_tile::TileGemmShape<ck_tile::sequence<32, 256, 256>, ck_tile::sequence<1, 4, 1>, ck_tile::sequence<16, 16, 32>>, 8, 4>, ck_tile::MoeFlatmmPipelineAGmemBGmemCRegV1<ck_tile::FlatmmPipelineProblem<__bf16, ck_tile::pk_int4_t, float, ck_tile::TileGemmShape<ck_tile::sequence<32, 256, 256>, ck_tile::sequence<1, 4, 1>, ck_tile::sequence<16, 16, 32>>, ck_tile::TileGemmUniversalTraits<false, false, false, false, ck_tile::tensor_layout::gemm::RowMajor, ck_tile::tensor_layout::gemm::ColumnMajor, ck_tile::tensor_layout::gemm::RowMajor, false, false, false, 1, true>, ck_tile::GemmPipelineScheduler::Default, true, ck_tile::TailNumber::Even, ck_tile::amd_buffer_coherence_enum::coherence_default>>, ck_tile::CShuffleEpilogue<ck_tile::CShuffleEpilogueProblem<__bf16, __bf16, ck_tile::tuple<>, float, __bf16, ck_tile::tuple<>, ck_tile::tensor_layout::gemm::RowMajor, ck_tile::element_wise::PassThrough, 32, 256, 1, 4, 16, 16, 32, false, 1, false, 1, 2>>, ck_tile::MoeFlatmmKind::kFFN_gemm1_gate_up>, ck_tile::MoeFlatmmKernel<ck_tile::GemmSpatiallyLocalTilePartitioner<ck_tile::TileGemmShape<ck_tile::sequence<32, 256, 256>, ck_tile::sequence<1, 4, 1>, ck_tile::sequence<16, 16, 32>>, 8, 4>, ck_tile::MoeFlatmmPipelineAGmemBGmemCRegV1<ck_tile::FlatmmPipelineProblem<__bf16, ck_tile::pk_int4_t, float, ck_tile::TileGemmShape<ck_tile::sequence<32, 256, 256>, ck_tile::sequence<1, 4, 1>, ck_tile::sequence<16, 16, 32>>, ck_tile::TileGemmUniversalTraits<false, false, false, false, ck_tile::tensor_layout::gemm::RowMajor, ck_tile::tensor_layout::gemm::ColumnMajor, ck_tile::tensor_layout::gemm::RowMajor, false, false, false, 1, true>, ck_tile::GemmPipelineScheduler::Default, true, ck_tile::TailNumber::Even, ck_tile::amd_buffer_coherence_enum::coherence_default>>, ck_tile::CShuffleEpilogue<ck_tile::CShuffleEpilogueProblem<__bf16, __bf16, ck_tile::tuple<>, float, __bf16, ck_tile::tuple<>, ck_tile::tensor_layout::gemm::RowMajor, ck_tile::element_wise::PassThrough, 32, 256, 1, 4, 16, 16, 32, false, 1, false, 1, 2>>, ck_tile::MoeFlatmmKind::kFFN_gemm1_gate_up>::MoeFlatmmKernelArgs<ck_tile::FlatmmScalePointer<-1>, ck_tile::FlatmmScalePointer<1, 32, ck_tile::e8m0_bexp_t>, ck_tile::FlatmmScalePointer<1>>>' requested here
  128 |             return kentry<MinBlockPerCu, KernelImpl, Args...>;
      |                    ^
/work/mpB/run_a16w4_moe_flatmm_example.inc:19:22: note: in instantiation of function template specialization 'a16w4_moe_gemm<A16W4_FlatmmConfig16, __bf16, ck_tile::pk_int4_t, ck_tile::tuple<>, float, __bf16, ck_tile::tensor_layout::gemm::RowMajor, ck_tile::tensor_layout::gemm::ColumnMajor, ck_tile::tuple<>, ck_tile::tensor_layout::gemm::RowMajor, ck_tile::MoeFlatmmKind::kFFN_gemm1_gate_up, ck_tile::element_wise::PassThrough, ck_tile::MoeFlatmmHostArgs<ck_tile::FlatmmScalePointer<-1>, ck_tile::FlatmmScalePointer<1, 32, ck_tile::e8m0_bexp_t>, ck_tile::FlatmmScalePointer<1>>>' requested here
   19 |     float ave_time = a16w4_moe_gemm<FlatmmConfig,
      |                      ^
/work/mpB/run_a16w4_moe_flatmm_example.inc:269:5: note: in instantiation of function template specialization 'invoke_a16w4_moe_gemm<A16W4_FlatmmConfig16, __bf16, ck_tile::pk_int4_t, ck_tile::tuple<>, float, __bf16, ck_tile::tensor_layout::gemm::RowMajor, ck_tile::tensor_layout::gemm::ColumnMajor, ck_tile::tuple<>, ck_tile::tensor_layout::gemm::RowMajor, ck_tile::MoeFlatmmKind::kFFN_gemm1_gate_up, ck_tile::element_wise::PassThrough, ck_tile::MoeFlatmmHostArgs<ck_tile::FlatmmScalePointer<-1>, ck_tile::FlatmmScalePointer<1, 32, ck_tile::e8m0_bexp_t>, ck_tile::FlatmmScalePointer<1>>>' requested here
  269 |     invoke_a16w4_moe_gemm<FlatmmConfig,
      |     ^
/work/mpB/a16w4_moe_flatmm.cpp:455:24: note: in instantiation of function template specialization 'run_a16w4_moe_gemm_example_with_layouts<__bf16, ck_tile::pk_int4_t, A16W4_FlatmmConfig16, ck_tile::MoeFlatmmKind::kFFN_gemm1_gate_up, ck_tile::tensor_layout::gemm::RowMajor, ck_tile::tensor_layout::gemm::ColumnMajor, ck_tile::tensor_layout::gemm::RowMajor>' requested here
  455 |                 return run_a16w4_moe_gemm_example_with_layouts<
      |                        ^
/work/mpB/a16w4_moe_flatmm.cpp:544:21: note: in instantiation of function template specialization 'run_a16w4_moe_flatmm_example<A16W4_FlatmmConfig16>' requested here
  544 |             return !run_a16w4_moe_flatmm_example<A16W4_FlatmmConfig16>(argc, argv);
      |                     ^
/usr/local/lib/python3.12/dist-packages/aiter_meta/3rdparty/composable_kernel/include/ck_tile/ops/flatmm/kernel/moe_flatmm_kernel.hpp:1376:50: note: built-in candidate operator*(float, float)
 1376 |                                 epi_scale_m[idx] * epi_scale_n[idx];
      |                                                  ^
/usr/local/lib/python3.12/dist-packages/aiter_meta/3rdparty/composable_kernel/include/ck_tile/ops/flatmm/kernel/moe_flatmm_kernel.hpp:1376:50: note: built-in candidate operator*(float, long double)
/usr/local/lib/python3.12/dist-packages/aiter_meta/3rdparty/composable_kernel/include/ck_tile/ops/flatmm/kernel/moe_flatmm_kernel.hpp:1376:50: note: built-in candidate operator*(float, __float128)
/usr/local/lib/python3.12/dist-packages/aiter_meta/3rdparty/composable_kernel/include/ck_tile/ops/flatmm/kernel/moe_flatmm_kernel.hpp:1376:50: note: built-in candidate operator*(float, long)
/usr/local/lib/python3.12/dist-packages/aiter_meta/3rdparty/composable_kernel/include/ck_tile/ops/flatmm/kernel/moe_flatmm_kernel.hpp:1376:50: note: built-in candidate operator*(float, long long)
/usr/local/lib/python3.12/dist-packages/aiter_meta/3rdparty/composable_kernel/include/ck_tile/ops/flatmm/kernel/moe_flatmm_kernel.hpp:1376:50: note: built-in candidate operator*(float, __int128)
/usr/local/lib/python3.12/dist-packages/aiter_meta/3rdparty/composable_kernel/include/ck_tile/ops/flatmm/kernel/moe_flatmm_kernel.hpp:1376:50: note: built-in candidate operator*(float, unsigned int)
/usr/local/lib/python3.12/dist-packages/aiter_meta/3rdparty/composable_kernel/include/ck_tile/ops/flatmm/kernel/moe_flatmm_kernel.hpp:1376:50: note: built-in candidate operator*(float, unsigned long)
/usr/local/lib/python3.12/dist-packages/aiter_meta/3rdparty/composable_kernel/include/ck_tile/ops/flatmm/kernel/moe_flatmm_kernel.hpp:1376:50: note: built-in candidate operator*(float, unsigned long long)
/usr/local/lib/python3.12/dist-packages/aiter_meta/3rdparty/composable_kernel/include/ck_tile/ops/flatmm/kernel/moe_flatmm_kernel.hpp:1376:50: note: built-in candidate operator*(float, unsigned __int128)
/usr/local/lib/python3.12/dist-packages/aiter_meta/3rdparty/composable_kernel/include/ck_tile/ops/flatmm/kernel/moe_flatmm_kernel.hpp:1376:50: note: built-in candidate operator*(float, double)
/usr/local/lib/python3.12/dist-packages/aiter_meta/3rdparty/composable_kernel/include/ck_tile/ops/flatmm/kernel/moe_flatmm_kernel.hpp:1376:50: note: built-in candidate operator*(float, int)
/usr/local/lib/python3.12/dist-packages/aiter_meta/3rdparty/composable_kernel/include/ck_tile/ops/flatmm/kernel/moe_flatmm_kernel.hpp:1376:50: note: built-in candidate operator*(double, float)
/usr/local/lib/python3.12/dist-packages/aiter_meta/3rdparty/composable_kernel/include/ck_tile/ops/flatmm/kernel/moe_flatmm_kernel.hpp:1376:50: note: built-in candidate operator*(double, long double)
/usr/local/lib/python3.12/dist-packages/aiter_meta/3rdparty/composable_kernel/include/ck_tile/ops/flatmm/kernel/moe_flatmm_kernel.hpp:1376:50: note: built-in candidate operator*(double, __float128)
/usr/local/lib/python3.12/dist-packages/aiter_meta/3rdparty/composable_kernel/include/ck_tile/ops/flatmm/kernel/moe_flatmm_kernel.hpp:1376:50: note: built-in candidate operator*(double, long)
/usr/local/lib/python3.12/dist-packages/aiter_meta/3rdparty/composable_kernel/include/ck_tile/ops/flatmm/kernel/moe_flatmm_kernel.hpp:1376:50: note: built-in candidate operator*(double, long long)
/usr/local/lib/python3.12/dist-packages/aiter_meta/3rdparty/composable_kernel/include/ck_tile/ops/flatmm/kernel/moe_flatmm_kernel.hpp:1376:50: note: built-in candidate operator*(double, __int128)
/usr/local/lib/python3.12/dist-packages/aiter_meta/3rdparty/composable_kernel/include/ck_tile/ops/flatmm/kernel/moe_flatmm_kernel.hpp:1376:50: note: built-in candidate operator*(double, unsigned int)
/usr/local/lib/python3.12/dist-packages/aiter_meta/3rdparty/composable_kernel/include/ck_tile/ops/flatmm/kernel/moe_flatmm_kernel.hpp:1376:50: note: built-in candidate operator*(double, unsigned long)
/usr/local/lib/python3.12/dist-packages/aiter_meta/3rdparty/composable_kernel/include/ck_tile/ops/flatmm/kernel/moe_flatmm_kernel.hpp:1376:50: note: built-in candidate operator*(double, unsigned long long)
/usr/local/lib/python3.12/dist-packages/aiter_meta/3rdparty/composable_kernel/include/ck_tile/ops/flatmm/kernel/moe_flatmm_kernel.hpp:1376:50: note: built-in candidate operator*(double, unsigned __int128)
/usr/local/lib/python3.12/dist-packages/aiter_meta/3rdparty/composable_kernel/include/ck_tile/ops/flatmm/kernel/moe_flatmm_kernel.hpp:1376:50: note: built-in candidate operator*(double, double)
/usr/local/lib/python3.12/dist-packages/aiter_meta/3rdparty/composable_kernel/include/ck_tile/ops/flatmm/kernel/moe_flatmm_kernel.hpp:1376:50: note: built-in candidate operator*(double, int)
/usr/local/lib/python3.12/dist-packages/aiter_meta/3rdparty/composable_kernel/include/ck_tile/ops/flatmm/kernel/moe_flatmm_kernel.hpp:1376:50: note: built-in candidate operator*(long double, float)
/usr/local/lib/python3.12/dist-packages/aiter_meta/3rdparty/composable_kernel/include/ck_tile/ops/flatmm/kernel/moe_flatmm_kernel.hpp:1376:50: note: built-in candidate operator*(long double, long double)
/usr/local/lib/python3.12/dist-packages/aiter_meta/3rdparty/composable_kernel/include/ck_tile/ops/flatmm/kernel/moe_flatmm_kernel.hpp:1376:50: note: built-in candidate operator*(long double, __float128)
/usr/local/lib/python3.12/dist-packages/aiter_meta/3rdparty/composable_kernel/include/ck_tile/ops/flatmm/kernel/moe_flatmm_kernel.hpp:1376:50: note: built-in candidate operator*(long double, long)
/usr/local/lib/python3.12/dist-packages/aiter_meta/3rdparty/composable_kernel/include/ck_tile/ops/flatmm/kernel/moe_flatmm_kernel.hpp:1376:50: note: built-in candidate operator*(long double, long long)
/usr/local/lib/python3.12/dist-packages/aiter_meta/3rdparty/composable_kernel/include/ck_tile/ops/flatmm/kernel/moe_flatmm_kernel.hpp:1376:50: note: built-in candidate operator*(long double, __int128)
/usr/local/lib/python3.12/dist-packages/aiter_meta/3rdparty/composable_kernel/include/ck_tile/ops/flatmm/kernel/moe_flatmm_kernel.hpp:1376:50: note: built-in candidate operator*(long double, unsigned int)
/usr/local/lib/python3.12/dist-packages/aiter_meta/3rdparty/composable_kernel/include/ck_tile/ops/flatmm/kernel/moe_flatmm_kernel.hpp:1376:50: note: built-in candidate operator*(long double, unsigned long)
/usr/local/lib/python3.12/dist-packages/aiter_meta/3rdparty/composable_kernel/include/ck_tile/ops/flatmm/kernel/moe_flatmm_kernel.hpp:1376:50: note: built-in candidate operator*(long double, unsigned long long)
/usr/local/lib/python3.12/dist-packages/aiter_meta/3rdparty/composable_kernel/include/ck_tile/ops/flatmm/kernel/moe_flatmm_kernel.hpp:1376:50: note: built-in candidate operator*(long double, unsigned __int128)
/usr/local/lib/python3.12/dist-packages/aiter_meta/3rdparty/composable_kernel/include/ck_tile/ops/flatmm/kernel/moe_flatmm_kernel.hpp:1376:50: note: built-in candidate operator*(__float128, float)
/usr/local/lib/python3.12/dist-packages/aiter_meta/3rdparty/composable_kernel/include/ck_tile/ops/flatmm/kernel/moe_flatmm_kernel.hpp:1376:50: note: built-in candidate operator*(__float128, long double)
/usr/local/lib/python3.12/dist-packages/aiter_meta/3rdparty/composable_kernel/include/ck_tile/ops/flatmm/kernel/moe_flatmm_kernel.hpp:1376:50: note: built-in candidate operator*(__float128, __float128)
/usr/local/lib/python3.12/dist-packages/aiter_meta/3rdparty/composable_kernel/include/ck_tile/ops/flatmm/kernel/moe_flatmm_kernel.hpp:1376:50: note: built-in candidate operator*(__float128, long)
/usr/local/lib/python3.12/dist-packages/aiter_meta/3rdparty/composable_kernel/include/ck_tile/ops/flatmm/kernel/moe_flatmm_kernel.hpp:1376:50: note: built-in candidate operator*(__float128, long long)
/usr/local/lib/python3.12/dist-packages/aiter_meta/3rdparty/composable_kernel/include/ck_tile/ops/flatmm/kernel/moe_flatmm_kernel.hpp:1376:50: note: built-in candidate operator*(__float128, __int128)
/usr/local/lib/python3.12/dist-packages/aiter_meta/3rdparty/composable_kernel/include/ck_tile/ops/flatmm/kernel/moe_flatmm_kernel.hpp:1376:50: note: built-in candidate operator*(__float128, unsigned int)
/usr/local/lib/python3.12/dist-packages/aiter_meta/3rdparty/composable_kernel/include/ck_tile/ops/flatmm/kernel/moe_flatmm_kernel.hpp:1376:50: note: built-in candidate operator*(__float128, unsigned long)
/usr/local/lib/python3.12/dist-packages/aiter_meta/3rdparty/composable_kernel/include/ck_tile/ops/flatmm/kernel/moe_flatmm_kernel.hpp:1376:50: note: built-in candidate operator*(__float128, unsigned long long)
/usr/local/lib/python3.12/dist-packages/aiter_meta/3rdparty/composable_kernel/include/ck_tile/ops/flatmm/kernel/moe_flatmm_kernel.hpp:1376:50: note: built-in candidate operator*(__float128, unsigned __int128)
/usr/local/lib/python3.12/dist-packages/aiter_meta/3rdparty/composable_kernel/include/ck_tile/ops/flatmm/kernel/moe_flatmm_kernel.hpp:1376:50: note: built-in candidate operator*(int, float)
/usr/local/lib/python3.12/dist-packages/aiter_meta/3rdparty/composable_kernel/include/ck_tile/ops/flatmm/kernel/moe_flatmm_kernel.hpp:1376:50: note: built-in candidate operator*(int, long double)
/usr/local/lib/python3.12/dist-packages/aiter_meta/3rdparty/composable_kernel/include/ck_tile/ops/flatmm/kernel/moe_flatmm_kernel.hpp:1376:50: note: built-in candidate operator*(int, __float128)
/usr/local/lib/python3.12/dist-packages/aiter_meta/3rdparty/composable_kernel/include/ck_tile/ops/flatmm/kernel/moe_flatmm_kernel.hpp:1376:50: note: built-in candidate operator*(int, long)
/usr/local/lib/python3.12/dist-packages/aiter_meta/3rdparty/composable_kernel/include/ck_tile/ops/flatmm/kernel/moe_flatmm_kernel.hpp:1376:50: note: built-in candidate operator*(int, long long)
/usr/local/lib/python3.12/dist-packages/aiter_meta/3rdparty/composable_kernel/include/ck_tile/ops/flatmm/kernel/moe_flatmm_kernel.hpp:1376:50: note: built-in candidate operator*(int, __int128)
/usr/local/lib/python3.12/dist-packages/aiter_meta/3rdparty/composable_kernel/include/ck_tile/ops/flatmm/kernel/moe_flatmm_kernel.hpp:1376:50: note: built-in candidate operator*(int, unsigned int)
/usr/local/lib/python3.12/dist-packages/aiter_meta/3rdparty/composable_kernel/include/ck_tile/ops/flatmm/kernel/moe_flatmm_kernel.hpp:1376:50: note: built-in candidate operator*(int, unsigned long)
/usr/local/lib/python3.12/dist-packages/aiter_meta/3rdparty/composable_kernel/include/ck_tile/ops/flatmm/kernel/moe_flatmm_kernel.hpp:1376:50: note: built-in candidate operator*(int, unsigned long long)
/usr/local/lib/python3.12/dist-packages/aiter_meta/3rdparty/composable_kernel/include/ck_tile/ops/flatmm/kernel/moe_flatmm_kernel.hpp:1376:50: note: built-in candidate operator*(int, unsigned __int128)
/usr/local/lib/python3.12/dist-packages/aiter_meta/3rdparty/composable_kernel/include/ck_tile/ops/flatmm/kernel/moe_flatmm_kernel.hpp:1376:50: note: built-in candidate operator*(long, float)
/usr/local/lib/python3.12/dist-packages/aiter_meta/3rdparty/composable_kernel/include/ck_tile/ops/flatmm/kernel/moe_flatmm_kernel.hpp:1376:50: note: built-in candidate operator*(long, long double)
/usr/local/lib/python3.12/dist-packages/aiter_meta/3rdparty/composable_kernel/include/ck_tile/ops/flatmm/kernel/moe_flatmm_kernel.hpp:1376:50: note: built-in candidate operator*(long, __float128)
/usr/local/lib/python3.12/dist-packages/aiter_meta/3rdparty/composable_kernel/include/ck_tile/ops/flatmm/kernel/moe_flatmm_kernel.hpp:1376:50: note: built-in candidate operator*(long, long)
/usr/local/lib/python3.12/dist-packages/aiter_meta/3rdparty/composable_kernel/include/ck_tile/ops/flatmm/kernel/moe_flatmm_kernel.hpp:1376:50: note: built-in candidate operator*(long, long long)
/usr/local/lib/python3.12/dist-packages/aiter_meta/3rdparty/composable_kernel/include/ck_tile/ops/flatmm/kernel/moe_flatmm_kernel.hpp:1376:50: note: built-in candidate operator*(long, __int128)
/usr/local/lib/python3.12/dist-packages/aiter_meta/3rdparty/composable_kernel/include/ck_tile/ops/flatmm/kernel/moe_flatmm_kernel.hpp:1376:50: note: built-in candidate operator*(long, unsigned int)
/usr/local/lib/python3.12/dist-packages/aiter_meta/3rdparty/composable_kernel/include/ck_tile/ops/flatmm/kernel/moe_flatmm_kernel.hpp:1376:50: note: built-in candidate operator*(long, unsigned long)
/usr/local/lib/python3.12/dist-packages/aiter_meta/3rdparty/composable_kernel/include/ck_tile/ops/flatmm/kernel/moe_flatmm_kernel.hpp:1376:50: note: built-in candidate operator*(long, unsigned long long)
/usr/local/lib/python3.12/dist-packages/aiter_meta/3rdparty/composable_kernel/include/ck_tile/ops/flatmm/kernel/moe_flatmm_kernel.hpp:1376:50: note: built-in candidate operator*(long, unsigned __int128)
/usr/local/lib/python3.12/dist-packages/aiter_meta/3rdparty/composable_kernel/include/ck_tile/ops/flatmm/kernel/moe_flatmm_kernel.hpp:1376:50: note: built-in candidate operator*(long long, float)
/usr/local/lib/python3.12/dist-packages/aiter_meta/3rdparty/composable_kernel/include/ck_tile/ops/flatmm/kernel/moe_flatmm_kernel.hpp:1376:50: note: built-in candidate operator*(long long, long double)
/usr/local/lib/python3.12/dist-packages/aiter_meta/3rdparty/composable_kernel/include/ck_tile/ops/flatmm/kernel/moe_flatmm_kernel.hpp:1376:50: note: built-in candidate operator*(long long, __float128)
/usr/local/lib/python3.12/dist-packages/aiter_meta/3rdparty/composable_kernel/include/ck_tile/ops/flatmm/kernel/moe_flatmm_kernel.hpp:1376:50: note: built-in candidate operator*(long long, long)
/usr/local/lib/python3.12/dist-packages/aiter_meta/3rdparty/composable_kernel/include/ck_tile/ops/flatmm/kernel/moe_flatmm_kernel.hpp:1376:50: note: built-in candidate operator*(long long, long long)
/usr/local/lib/python3.12/dist-packages/aiter_meta/3rdparty/composable_kernel/include/ck_tile/ops/flatmm/kernel/moe_flatmm_kernel.hpp:1376:50: note: built-in candidate operator*(long long, __int128)
/usr/local/lib/python3.12/dist-packages/aiter_meta/3rdparty/composable_kernel/include/ck_tile/ops/flatmm/kernel/moe_flatmm_kernel.hpp:1376:50: note: built-in candidate operator*(long long, unsigned int)
/usr/local/lib/python3.12/dist-packages/aiter_meta/3rdparty/composable_kernel/include/ck_tile/ops/flatmm/kernel/moe_flatmm_kernel.hpp:1376:50: note: built-in candidate operator*(long long, unsigned long)
/usr/local/lib/python3.12/dist-packages/aiter_meta/3rdparty/composable_kernel/include/ck_tile/ops/flatmm/kernel/moe_flatmm_kernel.hpp:1376:50: note: built-in candidate operator*(long long, unsigned long long)
/usr/local/lib/python3.12/dist-packages/aiter_meta/3rdparty/composable_kernel/include/ck_tile/ops/flatmm/kernel/moe_flatmm_kernel.hpp:1376:50: note: built-in candidate operator*(long long, unsigned __int128)
/usr/local/lib/python3.12/dist-packages/aiter_meta/3rdparty/composable_kernel/include/ck_tile/ops/flatmm/kernel/moe_flatmm_kernel.hpp:1376:50: note: built-in candidate operator*(__int128, float)
/usr/local/lib/python3.12/dist-packages/aiter_meta/3rdparty/composable_kernel/include/ck_tile/ops/flatmm/kernel/moe_flatmm_kernel.hpp:1376:50: note: built-in candidate operator*(__int128, long double)
/usr/local/lib/python3.12/dist-packages/aiter_meta/3rdparty/composable_kernel/include/ck_tile/ops/flatmm/kernel/moe_flatmm_kernel.hpp:1376:50: note: built-in candidate operator*(__int128, __float128)
/usr/local/lib/python3.12/dist-packages/aiter_meta/3rdparty/composable_kernel/include/ck_tile/ops/flatmm/kernel/moe_flatmm_kernel.hpp:1376:50: note: built-in candidate operator*(__int128, long)
/usr/local/lib/python3.12/dist-packages/aiter_meta/3rdparty/composable_kernel/include/ck_tile/ops/flatmm/kernel/moe_flatmm_kernel.hpp:1376:50: note: built-in candidate operator*(__int128, long long)
/usr/local/lib/python3.12/dist-packages/aiter_meta/3rdparty/composable_kernel/include/ck_tile/ops/flatmm/kernel/moe_flatmm_kernel.hpp:1376:50: note: built-in candidate operator*(__int128, __int128)
/usr/local/lib/python3.12/dist-packages/aiter_meta/3rdparty/composable_kernel/include/ck_tile/ops/flatmm/kernel/moe_flatmm_kernel.hpp:1376:50: note: built-in candidate operator*(__int128, unsigned int)
/usr/local/lib/python3.12/dist-packages/aiter_meta/3rdparty/composable_kernel/include/ck_tile/ops/flatmm/kernel/moe_flatmm_kernel.hpp:1376:50: note: built-in candidate operator*(__int128, unsigned long)
/usr/local/lib/python3.12/dist-packages/aiter_meta/3rdparty/composable_kernel/include/ck_tile/ops/flatmm/kernel/moe_flatmm_kernel.hpp:1376:50: note: built-in candidate operator*(__int128, unsigned long long)
/usr/local/lib/python3.12/dist-packages/aiter_meta/3rdparty/composable_kernel/include/ck_tile/ops/flatmm/kernel/moe_flatmm_kernel.hpp:1376:50: note: built-in candidate operator*(__int128, unsigned __int128)
/usr/local/lib/python3.12/dist-packages/aiter_meta/3rdparty/composable_kernel/include/ck_tile/ops/flatmm/kernel/moe_flatmm_kernel.hpp:1376:50: note: built-in candidate operator*(unsigned int, float)
/usr/local/lib/python3.12/dist-packages/aiter_meta/3rdparty/composable_kernel/include/ck_tile/ops/flatmm/kernel/moe_flatmm_kernel.hpp:1376:50: note: built-in candidate operator*(unsigned int, long double)
/usr/local/lib/python3.12/dist-packages/aiter_meta/3rdparty/composable_kernel/include/ck_tile/ops/flatmm/kernel/moe_flatmm_kernel.hpp:1376:50: note: built-in candidate operator*(unsigned int, __float128)
/usr/local/lib/python3.12/dist-packages/aiter_meta/3rdparty/composable_kernel/include/ck_tile/ops/flatmm/kernel/moe_flatmm_kernel.hpp:1376:50: note: built-in candidate operator*(unsigned int, long)
/usr/local/lib/python3.12/dist-packages/aiter_meta/3rdparty/composable_kernel/include/ck_tile/ops/flatmm/kernel/moe_flatmm_kernel.hpp:1376:50: note: built-in candidate operator*(unsigned int, long long)
/usr/local/lib/python3.12/dist-packages/aiter_meta/3rdparty/composable_kernel/include/ck_tile/ops/flatmm/kernel/moe_flatmm_kernel.hpp:1376:50: note: built-in candidate operator*(unsigned int, __int128)
/usr/local/lib/python3.12/dist-packages/aiter_meta/3rdparty/composable_kernel/include/ck_tile/ops/flatmm/kernel/moe_flatmm_kernel.hpp:1376:50: note: built-in candidate operator*(unsigned int, unsigned int)
/usr/local/lib/python3.12/dist-packages/aiter_meta/3rdparty/composable_kernel/include/ck_tile/ops/flatmm/kernel/moe_flatmm_kernel.hpp:1376:50: note: built-in candidate operator*(unsigned int, unsigned long)
/usr/local/lib/python3.12/dist-packages/aiter_meta/3rdparty/composable_kernel/include/ck_tile/ops/flatmm/kernel/moe_flatmm_kernel.hpp:1376:50: note: built-in candidate operator*(unsigned int, unsigned long long)
/usr/local/lib/python3.12/dist-packages/aiter_meta/3rdparty/composable_kernel/include/ck_tile/ops/flatmm/kernel/moe_flatmm_kernel.hpp:1376:50: note: built-in candidate operator*(unsigned int, unsigned __int128)
/usr/local/lib/python3.12/dist-packages/aiter_meta/3rdparty/composable_kernel/include/ck_tile/ops/flatmm/kernel/moe_flatmm_kernel.hpp:1376:50: note: built-in candidate operator*(unsigned long, float)
/usr/local/lib/python3.12/dist-packages/aiter_meta/3rdparty/composable_kernel/include/ck_tile/ops/flatmm/kernel/moe_flatmm_kernel.hpp:1376:50: note: built-in candidate operator*(unsigned long, long double)
/usr/local/lib/python3.12/dist-packages/aiter_meta/3rdparty/composable_kernel/include/ck_tile/ops/flatmm/kernel/moe_flatmm_kernel.hpp:1376:50: note: built-in candidate operator*(unsigned long, __float128)
/usr/local/lib/python3.12/dist-packages/aiter_meta/3rdparty/composable_kernel/include/ck_tile/ops/flatmm/kernel/moe_flatmm_kernel.hpp:1376:50: note: built-in candidate operator*(unsigned long, long)
/usr/local/lib/python3.12/dist-packages/aiter_meta/3rdparty/composable_kernel/include/ck_tile/ops/flatmm/kernel/moe_flatmm_kernel.hpp:1376:50: note: built-in candidate operator*(unsigned long, long long)
/usr/local/lib/python3.12/dist-packages/aiter_meta/3rdparty/composable_kernel/include/ck_tile/ops/flatmm/kernel/moe_flatmm_kernel.hpp:1376:50: note: built-in candidate operator*(unsigned long, __int128)
/usr/local/lib/python3.12/dist-packages/aiter_meta/3rdparty/composable_kernel/include/ck_tile/ops/flatmm/kernel/moe_flatmm_kernel.hpp:1376:50: note: built-in candidate operator*(unsigned long, unsigned int)
/usr/local/lib/python3.12/dist-packages/aiter_meta/3rdparty/composable_kernel/include/ck_tile/ops/flatmm/kernel/moe_flatmm_kernel.hpp:1376:50: note: built-in candidate operator*(unsigned long, unsigned long)
/usr/local/lib/python3.12/dist-packages/aiter_meta/3rdparty/composable_kernel/include/ck_tile/ops/flatmm/kernel/moe_flatmm_kernel.hpp:1376:50: note: built-in candidate operator*(unsigned long, unsigned long long)
/usr/local/lib/python3.12/dist-packages/aiter_meta/3rdparty/composable_kernel/include/ck_tile/ops/flatmm/kernel/moe_flatmm_kernel.hpp:1376:50: note: built-in candidate operator*(unsigned long, unsigned __int128)
/usr/local/lib/python3.12/dist-packages/aiter_meta/3rdparty/composable_kernel/include/ck_tile/ops/flatmm/kernel/moe_flatmm_kernel.hpp:1376:50: note: built-in candidate operator*(unsigned long long, float)
/usr/local/lib/python3.12/dist-packages/aiter_meta/3rdparty/composable_kernel/include/ck_tile/ops/flatmm/kernel/moe_flatmm_kernel.hpp:1376:50: note: built-in candidate operator*(unsigned long long, long double)
/usr/local/lib/python3.12/dist-packages/aiter_meta/3rdparty/composable_kernel/include/ck_tile/ops/flatmm/kernel/moe_flatmm_kernel.hpp:1376:50: note: built-in candidate operator*(unsigned long long, __float128)
/usr/local/lib/python3.12/dist-packages/aiter_meta/3rdparty/composable_kernel/include/ck_tile/ops/flatmm/kernel/moe_flatmm_kernel.hpp:1376:50: note: built-in candidate operator*(unsigned long long, long)
/usr/local/lib/python3.12/dist-packages/aiter_meta/3rdparty/composable_kernel/include/ck_tile/ops/flatmm/kernel/moe_flatmm_kernel.hpp:1376:50: note: built-in candidate operator*(unsigned long long, long long)
/usr/local/lib/python3.12/dist-packages/aiter_meta/3rdparty/composable_kernel/include/ck_tile/ops/flatmm/kernel/moe_flatmm_kernel.hpp:1376:50: note: built-in candidate operator*(unsigned long long, __int128)
/usr/local/lib/python3.12/dist-packages/aiter_meta/3rdparty/composable_kernel/include/ck_tile/ops/flatmm/kernel/moe_flatmm_kernel.hpp:1376:50: note: built-in candidate operator*(unsigned long long, unsigned int)
/usr/local/lib/python3.12/dist-packages/aiter_meta/3rdparty/composable_kernel/include/ck_tile/ops/flatmm/kernel/moe_flatmm_kernel.hpp:1376:50: note: built-in candidate operator*(unsigned long long, unsigned long)
/usr/local/lib/python3.12/dist-packages/aiter_meta/3rdparty/composable_kernel/include/ck_tile/ops/flatmm/kernel/moe_flatmm_kernel.hpp:1376:50: note: built-in candidate operator*(unsigned long long, unsigned long long)
/usr/local/lib/python3.12/dist-packages/aiter_meta/3rdparty/composable_kernel/include/ck_tile/ops/flatmm/kernel/moe_flatmm_kernel.hpp:1376:50: note: built-in candidate operator*(unsigned long long, unsigned __int128)
/usr/local/lib/python3.12/dist-packages/aiter_meta/3rdparty/composable_kernel/include/ck_tile/ops/flatmm/kernel/moe_flatmm_kernel.hpp:1376:50: note: built-in candidate operator*(unsigned __int128, float)
/usr/local/lib/python3.12/dist-packages/aiter_meta/3rdparty/composable_kernel/include/ck_tile/ops/flatmm/kernel/moe_flatmm_kernel.hpp:1376:50: note: built-in candidate operator*(unsigned __int128, long double)
/usr/local/lib/python3.12/dist-packages/aiter_meta/3rdparty/composable_kernel/include/ck_tile/ops/flatmm/kernel/moe_flatmm_kernel.hpp:1376:50: note: built-in candidate operator*(unsigned __int128, __float128)
/usr/local/lib/python3.12/dist-packages/aiter_meta/3rdparty/composable_kernel/include/ck_tile/ops/flatmm/kernel/moe_flatmm_kernel.hpp:1376:50: note: built-in candidate operator*(unsigned __int128, long)
/usr/local/lib/python3.12/dist-packages/aiter_meta/3rdparty/composable_kernel/include/ck_tile/ops/flatmm/kernel/moe_flatmm_kernel.hpp:1376:50: note: built-in candidate operator*(unsigned __int128, long long)
/usr/local/lib/python3.12/dist-packages/aiter_meta/3rdparty/composable_kernel/include/ck_tile/ops/flatmm/kernel/moe_flatmm_kernel.hpp:1376:50: note: built-in candidate operator*(unsigned __int128, __int128)
/usr/local/lib/python3.12/dist-packages/aiter_meta/3rdparty/composable_kernel/include/ck_tile/ops/flatmm/kernel/moe_flatmm_kernel.hpp:1376:50: note: built-in candidate operator*(unsigned __int128, unsigned int)
/usr/local/lib/python3.12/dist-packages/aiter_meta/3rdparty/composable_kernel/include/ck_tile/ops/flatmm/kernel/moe_flatmm_kernel.hpp:1376:50: note: built-in candidate operator*(unsigned __int128, unsigned long)
/usr/local/lib/python3.12/dist-packages/aiter_meta/3rdparty/composable_kernel/include/ck_tile/ops/flatmm/kernel/moe_flatmm_kernel.hpp:1376:50: note: built-in candidate operator*(unsigned __int128, unsigned long long)
/usr/local/lib/python3.12/dist-packages/aiter_meta/3rdparty/composable_kernel/include/ck_tile/ops/flatmm/kernel/moe_flatmm_kernel.hpp:1376:50: note: built-in candidate operator*(unsigned __int128, unsigned __int128)
/usr/local/lib/python3.12/dist-packages/aiter_meta/3rdparty/composable_kernel/include/ck_tile/ops/flatmm/kernel/moe_flatmm_kernel.hpp:1376:50: note: built-in candidate operator*(long double, double)
/usr/local/lib/python3.12/dist-packages/aiter_meta/3rdparty/composable_kernel/include/ck_tile/ops/flatmm/kernel/moe_flatmm_kernel.hpp:1376:50: note: built-in candidate operator*(long double, int)
/usr/local/lib/python3.12/dist-packages/aiter_meta/3rdparty/composable_kernel/include/ck_tile/ops/flatmm/kernel/moe_flatmm_kernel.hpp:1376:50: note: built-in candidate operator*(__float128, double)
/usr/local/lib/python3.12/dist-packages/aiter_meta/3rdparty/composable_kernel/include/ck_tile/ops/flatmm/kernel/moe_flatmm_kernel.hpp:1376:50: note: built-in candidate operator*(__float128, int)
/usr/local/lib/python3.12/dist-packages/aiter_meta/3rdparty/composable_kernel/include/ck_tile/ops/flatmm/kernel/moe_flatmm_kernel.hpp:1376:50: note: built-in candidate operator*(int, double)
/usr/local/lib/python3.12/dist-packages/aiter_meta/3rdparty/composable_kernel/include/ck_tile/ops/flatmm/kernel/moe_flatmm_kernel.hpp:1376:50: note: built-in candidate operator*(int, int)
/usr/local/lib/python3.12/dist-packages/aiter_meta/3rdparty/composable_kernel/include/ck_tile/ops/flatmm/kernel/moe_flatmm_kernel.hpp:1376:50: note: built-in candidate operator*(long, double)
/usr/local/lib/python3.12/dist-packages/aiter_meta/3rdparty/composable_kernel/include/ck_tile/ops/flatmm/kernel/moe_flatmm_kernel.hpp:1376:50: note: built-in candidate operator*(long, int)
/usr/local/lib/python3.12/dist-packages/aiter_meta/3rdparty/composable_kernel/include/ck_tile/ops/flatmm/kernel/moe_flatmm_kernel.hpp:1376:50: note: built-in candidate operator*(long long, double)
/usr/local/lib/python3.12/dist-packages/aiter_meta/3rdparty/composable_kernel/include/ck_tile/ops/flatmm/kernel/moe_flatmm_kernel.hpp:1376:50: note: built-in candidate operator*(long long, int)
/usr/local/lib/python3.12/dist-packages/aiter_meta/3rdparty/composable_kernel/include/ck_tile/ops/flatmm/kernel/moe_flatmm_kernel.hpp:1376:50: note: built-in candidate operator*(__int128, double)
/usr/local/lib/python3.12/dist-packages/aiter_meta/3rdparty/composable_kernel/include/ck_tile/ops/flatmm/kernel/moe_flatmm_kernel.hpp:1376:50: note: built-in candidate operator*(__int128, int)
/usr/local/lib/python3.12/dist-packages/aiter_meta/3rdparty/composable_kernel/include/ck_tile/ops/flatmm/kernel/moe_flatmm_kernel.hpp:1376:50: note: built-in candidate operator*(unsigned int, double)
/usr/local/lib/python3.12/dist-packages/aiter_meta/3rdparty/composable_kernel/include/ck_tile/ops/flatmm/kernel/moe_flatmm_kernel.hpp:1376:50: note: built-in candidate operator*(unsigned int, int)
/usr/local/lib/python3.12/dist-packages/aiter_meta/3rdparty/composable_kernel/include/ck_tile/ops/flatmm/kernel/moe_flatmm_kernel.hpp:1376:50: note: built-in candidate operator*(unsigned long, double)
/usr/local/lib/python3.12/dist-packages/aiter_meta/3rdparty/composable_kernel/include/ck_tile/ops/flatmm/kernel/moe_flatmm_kernel.hpp:1376:50: note: built-in candidate operator*(unsigned long, int)
/usr/local/lib/python3.12/dist-packages/aiter_meta/3rdparty/composable_kernel/include/ck_tile/ops/flatmm/kernel/moe_flatmm_kernel.hpp:1376:50: note: built-in candidate operator*(unsigned long long, double)
/usr/local/lib/python3.12/dist-packages/aiter_meta/3rdparty/composable_kernel/include/ck_tile/ops/flatmm/kernel/moe_flatmm_kernel.hpp:1376:50: note: built-in candidate operator*(unsigned long long, int)
/usr/local/lib/python3.12/dist-packages/aiter_meta/3rdparty/composable_kernel/include/ck_tile/ops/flatmm/kernel/moe_flatmm_kernel.hpp:1376:50: note: built-in candidate operator*(unsigned __int128, double)
/usr/local/lib/python3.12/dist-packages/aiter_meta/3rdparty/composable_kernel/include/ck_tile/ops/flatmm/kernel/moe_flatmm_kernel.hpp:1376:50: note: built-in candidate operator*(unsigned __int128, int)
/usr/local/lib/python3.12/dist-packages/aiter_meta/3rdparty/composable_kernel/include/ck_tile/ops/flatmm/kernel/moe_flatmm_kernel.hpp:1378:50: error: use of overloaded operator '*' is ambiguous (with operand types 'value_type' (aka 'float') and 'value_type' (aka 'ck_tile::e8m0_bexp_t'))
 1378 |                                 epi_scale_m[idx] * epi_scale_n_up[idx];
      |                                 ~~~~~~~~~~~~~~~~ ^ ~~~~~~~~~~~~~~~~~~~
/usr/local/lib/python3.12/dist-packages/aiter_meta/3rdparty/composable_kernel/include/ck_tile/ops/flatmm/kernel/moe_flatmm_kernel.hpp:1378:50: note: built-in candidate operator*(float, float)
/usr/local/lib/python3.12/dist-packages/aiter_meta/3rdparty/composable_kernel/include/ck_tile/ops/flatmm/kernel/moe_flatmm_kernel.hpp:1378:50: note: built-in candidate operator*(float, long double)
/usr/local/lib/python3.12/dist-packages/aiter_meta/3rdparty/composable_kernel/include/ck_tile/ops/flatmm/kernel/moe_flatmm_kernel.hpp:1378:50: note: built-in candidate operator*(float, __float128)
/usr/local/lib/python3.12/dist-packages/aiter_meta/3rdparty/composable_kernel/include/ck_tile/ops/flatmm/kernel/moe_flatmm_kernel.hpp:1378:50: note: built-in candidate operator*(float, long)
/usr/local/lib/python3.12/dist-packages/aiter_meta/3rdparty/composable_kernel/include/ck_tile/ops/flatmm/kernel/moe_flatmm_kernel.hpp:1378:50: note: built-in candidate operator*(float, long long)
/usr/local/lib/python3.12/dist-packages/aiter_meta/3rdparty/composable_kernel/include/ck_tile/ops/flatmm/kernel/moe_flatmm_kernel.hpp:1378:50: note: built-in candidate operator*(float, __int128)
/usr/local/lib/python3.12/dist-packages/aiter_meta/3rdparty/composable_kernel/include/ck_tile/ops/flatmm/kernel/moe_flatmm_kernel.hpp:1378:50: note: built-in candidate operator*(float, unsigned int)
/usr/local/lib/python3.12/dist-packages/aiter_meta/3rdparty/composable_kernel/include/ck_tile/ops/flatmm/kernel/moe_flatmm_kernel.hpp:1378:50: note: built-in candidate operator*(float, unsigned long)
/usr/local/lib/python3.12/dist-packages/aiter_meta/3rdparty/composable_kernel/include/ck_tile/ops/flatmm/kernel/moe_flatmm_kernel.hpp:1378:50: note: built-in candidate operator*(float, unsigned long long)
/usr/local/lib/python3.12/dist-packages/aiter_meta/3rdparty/composable_kernel/include/ck_tile/ops/flatmm/kernel/moe_flatmm_kernel.hpp:1378:50: note: built-in candidate operator*(float, unsigned __int128)
/usr/local/lib/python3.12/dist-packages/aiter_meta/3rdparty/composable_kernel/include/ck_tile/ops/flatmm/kernel/moe_flatmm_kernel.hpp:1378:50: note: built-in candidate operator*(float, double)
/usr/local/lib/python3.12/dist-packages/aiter_meta/3rdparty/composable_kernel/include/ck_tile/ops/flatmm/kernel/moe_flatmm_kernel.hpp:1378:50: note: built-in candidate operator*(float, int)
/usr/local/lib/python3.12/dist-packages/aiter_meta/3rdparty/composable_kernel/include/ck_tile/ops/flatmm/kernel/moe_flatmm_kernel.hpp:1378:50: note: built-in candidate operator*(double, float)
/usr/local/lib/python3.12/dist-packages/aiter_meta/3rdparty/composable_kernel/include/ck_tile/ops/flatmm/kernel/moe_flatmm_kernel.hpp:1378:50: note: built-in candidate operator*(double, long double)
/usr/local/lib/python3.12/dist-packages/aiter_meta/3rdparty/composable_kernel/include/ck_tile/ops/flatmm/kernel/moe_flatmm_kernel.hpp:1378:50: note: built-in candidate operator*(double, __float128)
/usr/local/lib/python3.12/dist-packages/aiter_meta/3rdparty/composable_kernel/include/ck_tile/ops/flatmm/kernel/moe_flatmm_kernel.hpp:1378:50: note: built-in candidate operator*(double, long)
/usr/local/lib/python3.12/dist-packages/aiter_meta/3rdparty/composable_kernel/include/ck_tile/ops/flatmm/kernel/moe_flatmm_kernel.hpp:1378:50: note: built-in candidate operator*(double, long long)
/usr/local/lib/python3.12/dist-packages/aiter_meta/3rdparty/composable_kernel/include/ck_tile/ops/flatmm/kernel/moe_flatmm_kernel.hpp:1378:50: note: built-in candidate operator*(double, __int128)
/usr/local/lib/python3.12/dist-packages/aiter_meta/3rdparty/composable_kernel/include/ck_tile/ops/flatmm/kernel/moe_flatmm_kernel.hpp:1378:50: note: built-in candidate operator*(double, unsigned int)
/usr/local/lib/python3.12/dist-packages/aiter_meta/3rdparty/composable_kernel/include/ck_tile/ops/flatmm/kernel/moe_flatmm_kernel.hpp:1378:50: note: built-in candidate operator*(double, unsigned long)
/usr/local/lib/python3.12/dist-packages/aiter_meta/3rdparty/composable_kernel/include/ck_tile/ops/flatmm/kernel/moe_flatmm_kernel.hpp:1378:50: note: built-in candidate operator*(double, unsigned long long)
/usr/local/lib/python3.12/dist-packages/aiter_meta/3rdparty/composable_kernel/include/ck_tile/ops/flatmm/kernel/moe_flatmm_kernel.hpp:1378:50: note: built-in candidate operator*(double, unsigned __int128)
/usr/local/lib/python3.12/dist-packages/aiter_meta/3rdparty/composable_kernel/include/ck_tile/ops/flatmm/kernel/moe_flatmm_kernel.hpp:1378:50: note: built-in candidate operator*(double, double)
/usr/local/lib/python3.12/dist-packages/aiter_meta/3rdparty/composable_kernel/include/ck_tile/ops/flatmm/kernel/moe_flatmm_kernel.hpp:1378:50: note: built-in candidate operator*(double, int)
/usr/local/lib/python3.12/dist-packages/aiter_meta/3rdparty/composable_kernel/include/ck_tile/ops/flatmm/kernel/moe_flatmm_kernel.hpp:1378:50: note: built-in candidate operator*(long double, float)
/usr/local/lib/python3.12/dist-packages/aiter_meta/3rdparty/composable_kernel/include/ck_tile/ops/flatmm/kernel/moe_flatmm_kernel.hpp:1378:50: note: built-in candidate operator*(long double, long double)
/usr/local/lib/python3.12/dist-packages/aiter_meta/3rdparty/composable_kernel/include/ck_tile/ops/flatmm/kernel/moe_flatmm_kernel.hpp:1378:50: note: built-in candidate operator*(long double, __float128)
/usr/local/lib/python3.12/dist-packages/aiter_meta/3rdparty/composable_kernel/include/ck_tile/ops/flatmm/kernel/moe_flatmm_kernel.hpp:1378:50: note: built-in candidate operator*(long double, long)
/usr/local/lib/python3.12/dist-packages/aiter_meta/3rdparty/composable_kernel/include/ck_tile/ops/flatmm/kernel/moe_flatmm_kernel.hpp:1378:50: note: built-in candidate operator*(long double, long long)
/usr/local/lib/python3.12/dist-packages/aiter_meta/3rdparty/composable_kernel/include/ck_tile/ops/flatmm/kernel/moe_flatmm_kernel.hpp:1378:50: note: built-in candidate operator*(long double, __int128)
/usr/local/lib/python3.12/dist-packages/aiter_meta/3rdparty/composable_kernel/include/ck_tile/ops/flatmm/kernel/moe_flatmm_kernel.hpp:1378:50: note: built-in candidate operator*(long double, unsigned int)
/usr/local/lib/python3.12/dist-packages/aiter_meta/3rdparty/composable_kernel/include/ck_tile/ops/flatmm/kernel/moe_flatmm_kernel.hpp:1378:50: note: built-in candidate operator*(long double, unsigned long)
/usr/local/lib/python3.12/dist-packages/aiter_meta/3rdparty/composable_kernel/include/ck_tile/ops/flatmm/kernel/moe_flatmm_kernel.hpp:1378:50: note: built-in candidate operator*(long double, unsigned long long)
/usr/local/lib/python3.12/dist-packages/aiter_meta/3rdparty/composable_kernel/include/ck_tile/ops/flatmm/kernel/moe_flatmm_kernel.hpp:1378:50: note: built-in candidate operator*(long double, unsigned __int128)
/usr/local/lib/python3.12/dist-packages/aiter_meta/3rdparty/composable_kernel/include/ck_tile/ops/flatmm/kernel/moe_flatmm_kernel.hpp:1378:50: note: built-in candidate operator*(__float128, float)
/usr/local/lib/python3.12/dist-packages/aiter_meta/3rdparty/composable_kernel/include/ck_tile/ops/flatmm/kernel/moe_flatmm_kernel.hpp:1378:50: note: built-in candidate operator*(__float128, long double)
/usr/local/lib/python3.12/dist-packages/aiter_meta/3rdparty/composable_kernel/include/ck_tile/ops/flatmm/kernel/moe_flatmm_kernel.hpp:1378:50: note: built-in candidate operator*(__float128, __float128)
/usr/local/lib/python3.12/dist-packages/aiter_meta/3rdparty/composable_kernel/include/ck_tile/ops/flatmm/kernel/moe_flatmm_kernel.hpp:1378:50: note: built-in candidate operator*(__float128, long)
/usr/local/lib/python3.12/dist-packages/aiter_meta/3rdparty/composable_kernel/include/ck_tile/ops/flatmm/kernel/moe_flatmm_kernel.hpp:1378:50: note: built-in candidate operator*(__float128, long long)
/usr/local/lib/python3.12/dist-packages/aiter_meta/3rdparty/composable_kernel/include/ck_tile/ops/flatmm/kernel/moe_flatmm_kernel.hpp:1378:50: note: built-in candidate operator*(__float128, __int128)
/usr/local/lib/python3.12/dist-packages/aiter_meta/3rdparty/composable_kernel/include/ck_tile/ops/flatmm/kernel/moe_flatmm_kernel.hpp:1378:50: note: built-in candidate operator*(__float128, unsigned int)
/usr/local/lib/python3.12/dist-packages/aiter_meta/3rdparty/composable_kernel/include/ck_tile/ops/flatmm/kernel/moe_flatmm_kernel.hpp:1378:50: note: built-in candidate operator*(__float128, unsigned long)
/usr/local/lib/python3.12/dist-packages/aiter_meta/3rdparty/composable_kernel/include/ck_tile/ops/flatmm/kernel/moe_flatmm_kernel.hpp:1378:50: note: built-in candidate operator*(__float128, unsigned long long)
/usr/local/lib/python3.12/dist-packages/aiter_meta/3rdparty/composable_kernel/include/ck_tile/ops/flatmm/kernel/moe_flatmm_kernel.hpp:1378:50: note: built-in candidate operator*(__float128, unsigned __int128)
/usr/local/lib/python3.12/dist-packages/aiter_meta/3rdparty/composable_kernel/include/ck_tile/ops/flatmm/kernel/moe_flatmm_kernel.hpp:1378:50: note: built-in candidate operator*(int, float)
/usr/local/lib/python3.12/dist-packages/aiter_meta/3rdparty/composable_kernel/include/ck_tile/ops/flatmm/kernel/moe_flatmm_kernel.hpp:1378:50: note: built-in candidate operator*(int, long double)
/usr/local/lib/python3.12/dist-packages/aiter_meta/3rdparty/composable_kernel/include/ck_tile/ops/flatmm/kernel/moe_flatmm_kernel.hpp:1378:50: note: built-in candidate operator*(int, __float128)
/usr/local/lib/python3.12/dist-packages/aiter_meta/3rdparty/composable_kernel/include/ck_tile/ops/flatmm/kernel/moe_flatmm_kernel.hpp:1378:50: note: built-in candidate operator*(int, long)
/usr/local/lib/python3.12/dist-packages/aiter_meta/3rdparty/composable_kernel/include/ck_tile/ops/flatmm/kernel/moe_flatmm_kernel.hpp:1378:50: note: built-in candidate operator*(int, long long)
/usr/local/lib/python3.12/dist-packages/aiter_meta/3rdparty/composable_kernel/include/ck_tile/ops/flatmm/kernel/moe_flatmm_kernel.hpp:1378:50: note: built-in candidate operator*(int, __int128)
/usr/local/lib/python3.12/dist-packages/aiter_meta/3rdparty/composable_kernel/include/ck_tile/ops/flatmm/kernel/moe_flatmm_kernel.hpp:1378:50: note: built-in candidate operator*(int, unsigned int)
/usr/local/lib/python3.12/dist-packages/aiter_meta/3rdparty/composable_kernel/include/ck_tile/ops/flatmm/kernel/moe_flatmm_kernel.hpp:1378:50: note: built-in candidate operator*(int, unsigned long)
/usr/local/lib/python3.12/dist-packages/aiter_meta/3rdparty/composable_kernel/include/ck_tile/ops/flatmm/kernel/moe_flatmm_kernel.hpp:1378:50: note: built-in candidate operator*(int, unsigned long long)
/usr/local/lib/python3.12/dist-packages/aiter_meta/3rdparty/composable_kernel/include/ck_tile/ops/flatmm/kernel/moe_flatmm_kernel.hpp:1378:50: note: built-in candidate operator*(int, unsigned __int128)
/usr/local/lib/python3.12/dist-packages/aiter_meta/3rdparty/composable_kernel/include/ck_tile/ops/flatmm/kernel/moe_flatmm_kernel.hpp:1378:50: note: built-in candidate operator*(long, float)
/usr/local/lib/python3.12/dist-packages/aiter_meta/3rdparty/composable_kernel/include/ck_tile/ops/flatmm/kernel/moe_flatmm_kernel.hpp:1378:50: note: built-in candidate operator*(long, long double)
/usr/local/lib/python3.12/dist-packages/aiter_meta/3rdparty/composable_kernel/include/ck_tile/ops/flatmm/kernel/moe_flatmm_kernel.hpp:1378:50: note: built-in candidate operator*(long, __float128)
/usr/local/lib/python3.12/dist-packages/aiter_meta/3rdparty/composable_kernel/include/ck_tile/ops/flatmm/kernel/moe_flatmm_kernel.hpp:1378:50: note: built-in candidate operator*(long, long)
/usr/local/lib/python3.12/dist-packages/aiter_meta/3rdparty/composable_kernel/include/ck_tile/ops/flatmm/kernel/moe_flatmm_kernel.hpp:1378:50: note: built-in candidate operator*(long, long long)
/usr/local/lib/python3.12/dist-packages/aiter_meta/3rdparty/composable_kernel/include/ck_tile/ops/flatmm/kernel/moe_flatmm_kernel.hpp:1378:50: note: built-in candidate operator*(long, __int128)
/usr/local/lib/python3.12/dist-packages/aiter_meta/3rdparty/composable_kernel/include/ck_tile/ops/flatmm/kernel/moe_flatmm_kernel.hpp:1378:50: note: built-in candidate operator*(long, unsigned int)
/usr/local/lib/python3.12/dist-packages/aiter_meta/3rdparty/composable_kernel/include/ck_tile/ops/flatmm/kernel/moe_flatmm_kernel.hpp:1378:50: note: built-in candidate operator*(long, unsigned long)
/usr/local/lib/python3.12/dist-packages/aiter_meta/3rdparty/composable_kernel/include/ck_tile/ops/flatmm/kernel/moe_flatmm_kernel.hpp:1378:50: note: built-in candidate operator*(long, unsigned long long)
/usr/local/lib/python3.12/dist-packages/aiter_meta/3rdparty/composable_kernel/include/ck_tile/ops/flatmm/kernel/moe_flatmm_kernel.hpp:1378:50: note: built-in candidate operator*(long, unsigned __int128)
/usr/local/lib/python3.12/dist-packages/aiter_meta/3rdparty/composable_kernel/include/ck_tile/ops/flatmm/kernel/moe_flatmm_kernel.hpp:1378:50: note: built-in candidate operator*(long long, float)
/usr/local/lib/python3.12/dist-packages/aiter_meta/3rdparty/composable_kernel/include/ck_tile/ops/flatmm/kernel/moe_flatmm_kernel.hpp:1378:50: note: built-in candidate operator*(long long, long double)
/usr/local/lib/python3.12/dist-packages/aiter_meta/3rdparty/composable_kernel/include/ck_tile/ops/flatmm/kernel/moe_flatmm_kernel.hpp:1378:50: note: built-in candidate operator*(long long, __float128)
/usr/local/lib/python3.12/dist-packages/aiter_meta/3rdparty/composable_kernel/include/ck_tile/ops/flatmm/kernel/moe_flatmm_kernel.hpp:1378:50: note: built-in candidate operator*(long long, long)
/usr/local/lib/python3.12/dist-packages/aiter_meta/3rdparty/composable_kernel/include/ck_tile/ops/flatmm/kernel/moe_flatmm_kernel.hpp:1378:50: note: built-in candidate operator*(long long, long long)
/usr/local/lib/python3.12/dist-packages/aiter_meta/3rdparty/composable_kernel/include/ck_tile/ops/flatmm/kernel/moe_flatmm_kernel.hpp:1378:50: note: built-in candidate operator*(long long, __int128)
/usr/local/lib/python3.12/dist-packages/aiter_meta/3rdparty/composable_kernel/include/ck_tile/ops/flatmm/kernel/moe_flatmm_kernel.hpp:1378:50: note: built-in candidate operator*(long long, unsigned int)
/usr/local/lib/python3.12/dist-packages/aiter_meta/3rdparty/composable_kernel/include/ck_tile/ops/flatmm/kernel/moe_flatmm_kernel.hpp:1378:50: note: built-in candidate operator*(long long, unsigned long)
/usr/local/lib/python3.12/dist-packages/aiter_meta/3rdparty/composable_kernel/include/ck_tile/ops/flatmm/kernel/moe_flatmm_kernel.hpp:1378:50: note: built-in candidate operator*(long long, unsigned long long)
/usr/local/lib/python3.12/dist-packages/aiter_meta/3rdparty/composable_kernel/include/ck_tile/ops/flatmm/kernel/moe_flatmm_kernel.hpp:1378:50: note: built-in candidate operator*(long long, unsigned __int128)
/usr/local/lib/python3.12/dist-packages/aiter_meta/3rdparty/composable_kernel/include/ck_tile/ops/flatmm/kernel/moe_flatmm_kernel.hpp:1378:50: note: built-in candidate operator*(__int128, float)
/usr/local/lib/python3.12/dist-packages/aiter_meta/3rdparty/composable_kernel/include/ck_tile/ops/flatmm/kernel/moe_flatmm_kernel.hpp:1378:50: note: built-in candidate operator*(__int128, long double)
/usr/local/lib/python3.12/dist-packages/aiter_meta/3rdparty/composable_kernel/include/ck_tile/ops/flatmm/kernel/moe_flatmm_kernel.hpp:1378:50: note: built-in candidate operator*(__int128, __float128)
/usr/local/lib/python3.12/dist-packages/aiter_meta/3rdparty/composable_kernel/include/ck_tile/ops/flatmm/kernel/moe_flatmm_kernel.hpp:1378:50: note: built-in candidate operator*(__int128, long)
/usr/local/lib/python3.12/dist-packages/aiter_meta/3rdparty/composable_kernel/include/ck_tile/ops/flatmm/kernel/moe_flatmm_kernel.hpp:1378:50: note: built-in candidate operator*(__int128, long long)
/usr/local/lib/python3.12/dist-packages/aiter_meta/3rdparty/composable_kernel/include/ck_tile/ops/flatmm/kernel/moe_flatmm_kernel.hpp:1378:50: note: built-in candidate operator*(__int128, __int128)
/usr/local/lib/python3.12/dist-packages/aiter_meta/3rdparty/composable_kernel/include/ck_tile/ops/flatmm/kernel/moe_flatmm_kernel.hpp:1378:50: note: built-in candidate operator*(__int128, unsigned int)
/usr/local/lib/python3.12/dist-packages/aiter_meta/3rdparty/composable_kernel/include/ck_tile/ops/flatmm/kernel/moe_flatmm_kernel.hpp:1378:50: note: built-in candidate operator*(__int128, unsigned long)
/usr/local/lib/python3.12/dist-packages/aiter_meta/3rdparty/composable_kernel/include/ck_tile/ops/flatmm/kernel/moe_flatmm_kernel.hpp:1378:50: note: built-in candidate operator*(__int128, unsigned long long)
/usr/local/lib/python3.12/dist-packages/aiter_meta/3rdparty/composable_kernel/include/ck_tile/ops/flatmm/kernel/moe_flatmm_kernel.hpp:1378:50: note: built-in candidate operator*(__int128, unsigned __int128)
/usr/local/lib/python3.12/dist-packages/aiter_meta/3rdparty/composable_kernel/include/ck_tile/ops/flatmm/kernel/moe_flatmm_kernel.hpp:1378:50: note: built-in candidate operator*(unsigned int, float)
/usr/local/lib/python3.12/dist-packages/aiter_meta/3rdparty/composable_kernel/include/ck_tile/ops/flatmm/kernel/moe_flatmm_kernel.hpp:1378:50: note: built-in candidate operator*(unsigned int, long double)
/usr/local/lib/python3.12/dist-packages/aiter_meta/3rdparty/composable_kernel/include/ck_tile/ops/flatmm/kernel/moe_flatmm_kernel.hpp:1378:50: note: built-in candidate operator*(unsigned int, __float128)
/usr/local/lib/python3.12/dist-packages/aiter_meta/3rdparty/composable_kernel/include/ck_tile/ops/flatmm/kernel/moe_flatmm_kernel.hpp:1378:50: note: built-in candidate operator*(unsigned int, long)
/usr/local/lib/python3.12/dist-packages/aiter_meta/3rdparty/composable_kernel/include/ck_tile/ops/flatmm/kernel/moe_flatmm_kernel.hpp:1378:50: note: built-in candidate operator*(unsigned int, long long)
/usr/local/lib/python3.12/dist-packages/aiter_meta/3rdparty/composable_kernel/include/ck_tile/ops/flatmm/kernel/moe_flatmm_kernel.hpp:1378:50: note: built-in candidate operator*(unsigned int, __int128)
/usr/local/lib/python3.12/dist-packages/aiter_meta/3rdparty/composable_kernel/include/ck_tile/ops/flatmm/kernel/moe_flatmm_kernel.hpp:1378:50: note: built-in candidate operator*(unsigned int, unsigned int)
/usr/local/lib/python3.12/dist-packages/aiter_meta/3rdparty/composable_kernel/include/ck_tile/ops/flatmm/kernel/moe_flatmm_kernel.hpp:1378:50: note: built-in candidate operator*(unsigned int, unsigned long)
/usr/local/lib/python3.12/dist-packages/aiter_meta/3rdparty/composable_kernel/include/ck_tile/ops/flatmm/kernel/moe_flatmm_kernel.hpp:1378:50: note: built-in candidate operator*(unsigned int, unsigned long long)
/usr/local/lib/python3.12/dist-packages/aiter_meta/3rdparty/composable_kernel/include/ck_tile/ops/flatmm/kernel/moe_flatmm_kernel.hpp:1378:50: note: built-in candidate operator*(unsigned int, unsigned __int128)
/usr/local/lib/python3.12/dist-packages/aiter_meta/3rdparty/composable_kernel/include/ck_tile/ops/flatmm/kernel/moe_flatmm_kernel.hpp:1378:50: note: built-in candidate operator*(unsigned long, float)
/usr/local/lib/python3.12/dist-packages/aiter_meta/3rdparty/composable_kernel/include/ck_tile/ops/flatmm/kernel/moe_flatmm_kernel.hpp:1378:50: note: built-in candidate operator*(unsigned long, long double)
/usr/local/lib/python3.12/dist-packages/aiter_meta/3rdparty/composable_kernel/include/ck_tile/ops/flatmm/kernel/moe_flatmm_kernel.hpp:1378:50: note: built-in candidate operator*(unsigned long, __float128)
/usr/local/lib/python3.12/dist-packages/aiter_meta/3rdparty/composable_kernel/include/ck_tile/ops/flatmm/kernel/moe_flatmm_kernel.hpp:1378:50: note: built-in candidate operator*(unsigned long, long)
/usr/local/lib/python3.12/dist-packages/aiter_meta/3rdparty/composable_kernel/include/ck_tile/ops/flatmm/kernel/moe_flatmm_kernel.hpp:1378:50: note: built-in candidate operator*(unsigned long, long long)
/usr/local/lib/python3.12/dist-packages/aiter_meta/3rdparty/composable_kernel/include/ck_tile/ops/flatmm/kernel/moe_flatmm_kernel.hpp:1378:50: note: built-in candidate operator*(unsigned long, __int128)
/usr/local/lib/python3.12/dist-packages/aiter_meta/3rdparty/composable_kernel/include/ck_tile/ops/flatmm/kernel/moe_flatmm_kernel.hpp:1378:50: note: built-in candidate operator*(unsigned long, unsigned int)
/usr/local/lib/python3.12/dist-packages/aiter_meta/3rdparty/composable_kernel/include/ck_tile/ops/flatmm/kernel/moe_flatmm_kernel.hpp:1378:50: note: built-in candidate operator*(unsigned long, unsigned long)
/usr/local/lib/python3.12/dist-packages/aiter_meta/3rdparty/composable_kernel/include/ck_tile/ops/flatmm/kernel/moe_flatmm_kernel.hpp:1378:50: note: built-in candidate operator*(unsigned long, unsigned long long)
/usr/local/lib/python3.12/dist-packages/aiter_meta/3rdparty/composable_kernel/include/ck_tile/ops/flatmm/kernel/moe_flatmm_kernel.hpp:1378:50: note: built-in candidate operator*(unsigned long, unsigned __int128)
/usr/local/lib/python3.12/dist-packages/aiter_meta/3rdparty/composable_kernel/include/ck_tile/ops/flatmm/kernel/moe_flatmm_kernel.hpp:1378:50: note: built-in candidate operator*(unsigned long long, float)
/usr/local/lib/python3.12/dist-packages/aiter_meta/3rdparty/composable_kernel/include/ck_tile/ops/flatmm/kernel/moe_flatmm_kernel.hpp:1378:50: note: built-in candidate operator*(unsigned long long, long double)
/usr/local/lib/python3.12/dist-packages/aiter_meta/3rdparty/composable_kernel/include/ck_tile/ops/flatmm/kernel/moe_flatmm_kernel.hpp:1378:50: note: built-in candidate operator*(unsigned long long, __float128)
/usr/local/lib/python3.12/dist-packages/aiter_meta/3rdparty/composable_kernel/include/ck_tile/ops/flatmm/kernel/moe_flatmm_kernel.hpp:1378:50: note: built-in candidate operator*(unsigned long long, long)
/usr/local/lib/python3.12/dist-packages/aiter_meta/3rdparty/composable_kernel/include/ck_tile/ops/flatmm/kernel/moe_flatmm_kernel.hpp:1378:50: note: built-in candidate operator*(unsigned long long, long long)
/usr/local/lib/python3.12/dist-packages/aiter_meta/3rdparty/composable_kernel/include/ck_tile/ops/flatmm/kernel/moe_flatmm_kernel.hpp:1378:50: note: built-in candidate operator*(unsigned long long, __int128)
/usr/local/lib/python3.12/dist-packages/aiter_meta/3rdparty/composable_kernel/include/ck_tile/ops/flatmm/kernel/moe_flatmm_kernel.hpp:1378:50: note: built-in candidate operator*(unsigned long long, unsigned int)
/usr/local/lib/python3.12/dist-packages/aiter_meta/3rdparty/composable_kernel/include/ck_tile/ops/flatmm/kernel/moe_flatmm_kernel.hpp:1378:50: note: built-in candidate operator*(unsigned long long, unsigned long)
/usr/local/lib/python3.12/dist-packages/aiter_meta/3rdparty/composable_kernel/include/ck_tile/ops/flatmm/kernel/moe_flatmm_kernel.hpp:1378:50: note: built-in candidate operator*(unsigned long long, unsigned long long)
/usr/local/lib/python3.12/dist-packages/aiter_meta/3rdparty/composable_kernel/include/ck_tile/ops/flatmm/kernel/moe_flatmm_kernel.hpp:1378:50: note: built-in candidate operator*(unsigned long long, unsigned __int128)
/usr/local/lib/python3.12/dist-packages/aiter_meta/3rdparty/composable_kernel/include/ck_tile/ops/flatmm/kernel/moe_flatmm_kernel.hpp:1378:50: note: built-in candidate operator*(unsigned __int128, float)
/usr/local/lib/python3.12/dist-packages/aiter_meta/3rdparty/composable_kernel/include/ck_tile/ops/flatmm/kernel/moe_flatmm_kernel.hpp:1378:50: note: built-in candidate operator*(unsigned __int128, long double)
/usr/local/lib/python3.12/dist-packages/aiter_meta/3rdparty/composable_kernel/include/ck_tile/ops/flatmm/kernel/moe_flatmm_kernel.hpp:1378:50: note: built-in candidate operator*(unsigned __int128, __float128)
/usr/local/lib/python3.12/dist-packages/aiter_meta/3rdparty/composable_kernel/include/ck_tile/ops/flatmm/kernel/moe_flatmm_kernel.hpp:1378:50: note: built-in candidate operator*(unsigned __int128, long)
/usr/local/lib/python3.12/dist-packages/aiter_meta/3rdparty/composable_kernel/include/ck_tile/ops/flatmm/kernel/moe_flatmm_kernel.hpp:1378:50: note: built-in candidate operator*(unsigned __int128, long long)
/usr/local/lib/python3.12/dist-packages/aiter_meta/3rdparty/composable_kernel/include/ck_tile/ops/flatmm/kernel/moe_flatmm_kernel.hpp:1378:50: note: built-in candidate operator*(unsigned __int128, __int128)
/usr/local/lib/python3.12/dist-packages/aiter_meta/3rdparty/composable_kernel/include/ck_tile/ops/flatmm/kernel/moe_flatmm_kernel.hpp:1378:50: note: built-in candidate operator*(unsigned __int128, unsigned int)
/usr/local/lib/python3.12/dist-packages/aiter_meta/3rdparty/composable_kernel/include/ck_tile/ops/flatmm/kernel/moe_flatmm_kernel.hpp:1378:50: note: built-in candidate operator*(unsigned __int128, unsigned long)
/usr/local/lib/python3.12/dist-packages/aiter_meta/3rdparty/composable_kernel/include/ck_tile/ops/flatmm/kernel/moe_flatmm_kernel.hpp:1378:50: note: built-in candidate operator*(unsigned __int128, unsigned long long)
/usr/local/lib/python3.12/dist-packages/aiter_meta/3rdparty/composable_kernel/include/ck_tile/ops/flatmm/kernel/moe_flatmm_kernel.hpp:1378:50: note: built-in candidate operator*(unsigned __int128, unsigned __int128)
/usr/local/lib/python3.12/dist-packages/aiter_meta/3rdparty/composable_kernel/include/ck_tile/ops/flatmm/kernel/moe_flatmm_kernel.hpp:1378:50: note: built-in candidate operator*(long double, double)
/usr/local/lib/python3.12/dist-packages/aiter_meta/3rdparty/composable_kernel/include/ck_tile/ops/flatmm/kernel/moe_flatmm_kernel.hpp:1378:50: note: built-in candidate operator*(long double, int)
/usr/local/lib/python3.12/dist-packages/aiter_meta/3rdparty/composable_kernel/include/ck_tile/ops/flatmm/kernel/moe_flatmm_kernel.hpp:1378:50: note: built-in candidate operator*(__float128, double)
/usr/local/lib/python3.12/dist-packages/aiter_meta/3rdparty/composable_kernel/include/ck_tile/ops/flatmm/kernel/moe_flatmm_kernel.hpp:1378:50: note: built-in candidate operator*(__float128, int)
/usr/local/lib/python3.12/dist-packages/aiter_meta/3rdparty/composable_kernel/include/ck_tile/ops/flatmm/kernel/moe_flatmm_kernel.hpp:1378:50: note: built-in candidate operator*(int, double)
/usr/local/lib/python3.12/dist-packages/aiter_meta/3rdparty/composable_kernel/include/ck_tile/ops/flatmm/kernel/moe_flatmm_kernel.hpp:1378:50: note: built-in candidate operator*(int, int)
/usr/local/lib/python3.12/dist-packages/aiter_meta/3rdparty/composable_kernel/include/ck_tile/ops/flatmm/kernel/moe_flatmm_kernel.hpp:1378:50: note: built-in candidate operator*(long, double)
/usr/local/lib/python3.12/dist-packages/aiter_meta/3rdparty/composable_kernel/include/ck_tile/ops/flatmm/kernel/moe_flatmm_kernel.hpp:1378:50: note: built-in candidate operator*(long, int)
/usr/local/lib/python3.12/dist-packages/aiter_meta/3rdparty/composable_kernel/include/ck_tile/ops/flatmm/kernel/moe_flatmm_kernel.hpp:1378:50: note: built-in candidate operator*(long long, double)
/usr/local/lib/python3.12/dist-packages/aiter_meta/3rdparty/composable_kernel/include/ck_tile/ops/flatmm/kernel/moe_flatmm_kernel.hpp:1378:50: note: built-in candidate operator*(long long, int)
/usr/local/lib/python3.12/dist-packages/aiter_meta/3rdparty/composable_kernel/include/ck_tile/ops/flatmm/kernel/moe_flatmm_kernel.hpp:1378:50: note: built-in candidate operator*(__int128, double)
/usr/local/lib/python3.12/dist-packages/aiter_meta/3rdparty/composable_kernel/include/ck_tile/ops/flatmm/kernel/moe_flatmm_kernel.hpp:1378:50: note: built-in candidate operator*(__int128, int)
/usr/local/lib/python3.12/dist-packages/aiter_meta/3rdparty/composable_kernel/include/ck_tile/ops/flatmm/kernel/moe_flatmm_kernel.hpp:1378:50: note: built-in candidate operator*(unsigned int, double)
/usr/local/lib/python3.12/dist-packages/aiter_meta/3rdparty/composable_kernel/include/ck_tile/ops/flatmm/kernel/moe_flatmm_kernel.hpp:1378:50: note: built-in candidate operator*(unsigned int, int)
/usr/local/lib/python3.12/dist-packages/aiter_meta/3rdparty/composable_kernel/include/ck_tile/ops/flatmm/kernel/moe_flatmm_kernel.hpp:1378:50: note: built-in candidate operator*(unsigned long, double)
/usr/local/lib/python3.12/dist-packages/aiter_meta/3rdparty/composable_kernel/include/ck_tile/ops/flatmm/kernel/moe_flatmm_kernel.hpp:1378:50: note: built-in candidate operator*(unsigned long, int)
/usr/local/lib/python3.12/dist-packages/aiter_meta/3rdparty/composable_kernel/include/ck_tile/ops/flatmm/kernel/moe_flatmm_kernel.hpp:1378:50: note: built-in candidate operator*(unsigned long long, double)
/usr/local/lib/python3.12/dist-packages/aiter_meta/3rdparty/composable_kernel/include/ck_tile/ops/flatmm/kernel/moe_flatmm_kernel.hpp:1378:50: note: built-in candidate operator*(unsigned long long, int)
/usr/local/lib/python3.12/dist-packages/aiter_meta/3rdparty/composable_kernel/include/ck_tile/ops/flatmm/kernel/moe_flatmm_kernel.hpp:1378:50: note: built-in candidate operator*(unsigned __int128, double)
/usr/local/lib/python3.12/dist-packages/aiter_meta/3rdparty/composable_kernel/include/ck_tile/ops/flatmm/kernel/moe_flatmm_kernel.hpp:1378:50: note: built-in candidate operator*(unsigned __int128, int)
/usr/local/lib/python3.12/dist-packages/aiter_meta/3rdparty/composable_kernel/include/ck_tile/ops/flatmm/kernel/moe_flatmm_kernel.hpp:1376:50: error: use of overloaded operator '*' is ambiguous (with operand types 'value_type' (aka 'float') and 'value_type' (aka 'ck_tile::e8m0_bexp_t'))
 1376 |                                 epi_scale_m[idx] * epi_scale_n[idx];
      |                                 ~~~~~~~~~~~~~~~~ ^ ~~~~~~~~~~~~~~~~
/usr/local/lib/python3.12/dist-packages/aiter_meta/3rdparty/composable_kernel/include/ck_tile/core/utility/functional.hpp:74:10: note: in instantiation of function template specialization 'ck_tile::MoeFlatmmKernel<ck_tile::GemmSpatiallyLocalTilePartitioner<ck_tile::TileGemmShape<ck_tile::sequence<32, 256, 256>, ck_tile::sequence<1, 4, 1>, ck_tile::sequence<16, 16, 32>>, 8, 4>, ck_tile::MoeFlatmmPipelineAGmemBGmemCRegV1<ck_tile::FlatmmPipelineProblem<__bf16, ck_tile::pk_int4_t, float, ck_tile::TileGemmShape<ck_tile::sequence<32, 256, 256>, ck_tile::sequence<1, 4, 1>, ck_tile::sequence<16, 16, 32>>, ck_tile::TileGemmUniversalTraits<false, false, false, false, ck_tile::tensor_layout::gemm::RowMajor, ck_tile::tensor_layout::gemm::ColumnMajor, ck_tile::tensor_layout::gemm::RowMajor, false, false, false, 1, true>, ck_tile::GemmPipelineScheduler::Default, true, ck_tile::TailNumber::Even, ck_tile::amd_buffer_coherence_enum::coherence_default>>, ck_tile::CShuffleEpilogue<ck_tile::CShuffleEpilogueProblem<__bf16, __bf16, ck_tile::tuple<>, float, __bf16, ck_tile::tuple<>, ck_tile::tensor_layout::gemm::RowMajor, ck_tile::element_wise::PassThrough, 32, 256, 1, 4, 16, 16, 32, false, 1, false, 1, 2>>, ck_tile::MoeFlatmmKind::kFFN_gemm1_gate_up>::operator()(ck_tile::MoeFlatmmKernel<ck_tile::GemmSpatiallyLocalTilePartitioner<ck_tile::TileGemmShape<ck_tile::sequence<32, 256, 256>, ck_tile::sequence<1, 4, 1>, ck_tile::sequence<16, 16, 32>>, 8, 4>, ck_tile::MoeFlatmmPipelineAGmemBGmemCRegV1<ck_tile::FlatmmPipelineProblem<__bf16, ck_tile::pk_int4_t, float, ck_tile::TileGemmShape<ck_tile::sequence<32, 256, 256>, ck_tile::sequence<1, 4, 1>, ck_tile::sequence<16, 16, 32>>, ck_tile::TileGemmUniversalTraits<false, false, false, false, ck_tile::tensor_layout::gemm::RowMajor, ck_tile::tensor_layout::gemm::ColumnMajor, ck_tile::tensor_layout::gemm::RowMajor, false, false, false, 1, true>, ck_tile::GemmPipelineScheduler::Default, true, ck_tile::TailNumber::Even, ck_tile::amd_buffer_coherence_enum::coherence_default>>, ck_tile::CShuffleEpilogue<ck_tile::CShuffleEpilogueProblem<__bf16, __bf16, ck_tile::tuple<>, float, __bf16, ck_tile::tuple<>, ck_tile::tensor_layout::gemm::RowMajor, ck_tile::element_wise::PassThrough, 32, 256, 1, 4, 16, 16, 32, false, 1, false, 1, 2>>, ck_tile::MoeFlatmmKind::kFFN_gemm1_gate_up>::MoeFlatmmKernelArgs<ck_tile::FlatmmScalePointer<-1>, ck_tile::FlatmmScalePointer<1, 32, ck_tile::e8m0_bexp_t>, ck_tile::FlatmmScalePointer<1>>, index_t, index_t)::(anonymous class)::operator()(ck_tile::constant<0>, ck_tile::constant<1>, ck_tile::constant<1>)::(anonymous class)::operator()<ck_tile::constant<3>>' requested here
   74 |         (f(number<Is>{}), ...);
      |          ^
/usr/local/lib/python3.12/dist-packages/aiter_meta/3rdparty/composable_kernel/include/ck_tile/ops/flatmm/kernel/moe_flatmm_kernel.hpp:1372:21: note: in instantiation of function template specialization 'ck_tile::detail::applier<int, 0, 1, 2, 3>::operator()<(lambda at /usr/local/lib/python3.12/dist-packages/aiter_meta/3rdparty/composable_kernel/include/ck_tile/ops/flatmm/kernel/moe_flatmm_kernel.hpp:1372:55)>' requested here
 1372 |                     static_for<0, ActVectorSize, 1>{}([&](auto idx) {
      |                     ^
/usr/local/lib/python3.12/dist-packages/aiter_meta/3rdparty/composable_kernel/include/ck_tile/ops/flatmm/kernel/moe_flatmm_kernel.hpp:1466:21: note: in instantiation of function template specialization 'ck_tile::MoeFlatmmKernel<ck_tile::GemmSpatiallyLocalTilePartitioner<ck_tile::TileGemmShape<ck_tile::sequence<32, 256, 256>, ck_tile::sequence<1, 4, 1>, ck_tile::sequence<16, 16, 32>>, 8, 4>, ck_tile::MoeFlatmmPipelineAGmemBGmemCRegV1<ck_tile::FlatmmPipelineProblem<__bf16, ck_tile::pk_int4_t, float, ck_tile::TileGemmShape<ck_tile::sequence<32, 256, 256>, ck_tile::sequence<1, 4, 1>, ck_tile::sequence<16, 16, 32>>, ck_tile::TileGemmUniversalTraits<false, false, false, false, ck_tile::tensor_layout::gemm::RowMajor, ck_tile::tensor_layout::gemm::ColumnMajor, ck_tile::tensor_layout::gemm::RowMajor, false, false, false, 1, true>, ck_tile::GemmPipelineScheduler::Default, true, ck_tile::TailNumber::Even, ck_tile::amd_buffer_coherence_enum::coherence_default>>, ck_tile::CShuffleEpilogue<ck_tile::CShuffleEpilogueProblem<__bf16, __bf16, ck_tile::tuple<>, float, __bf16, ck_tile::tuple<>, ck_tile::tensor_layout::gemm::RowMajor, ck_tile::element_wise::PassThrough, 32, 256, 1, 4, 16, 16, 32, false, 1, false, 1, 2>>, ck_tile::MoeFlatmmKind::kFFN_gemm1_gate_up>::operator()(ck_tile::MoeFlatmmKernel<ck_tile::GemmSpatiallyLocalTilePartitioner<ck_tile::TileGemmShape<ck_tile::sequence<32, 256, 256>, ck_tile::sequence<1, 4, 1>, ck_tile::sequence<16, 16, 32>>, 8, 4>, ck_tile::MoeFlatmmPipelineAGmemBGmemCRegV1<ck_tile::FlatmmPipelineProblem<__bf16, ck_tile::pk_int4_t, float, ck_tile::TileGemmShape<ck_tile::sequence<32, 256, 256>, ck_tile::sequence<1, 4, 1>, ck_tile::sequence<16, 16, 32>>, ck_tile::TileGemmUniversalTraits<false, false, false, false, ck_tile::tensor_layout::gemm::RowMajor, ck_tile::tensor_layout::gemm::ColumnMajor, ck_tile::tensor_layout::gemm::RowMajor, false, false, false, 1, true>, ck_tile::GemmPipelineScheduler::Default, true, ck_tile::TailNumber::Even, ck_tile::amd_buffer_coherence_enum::coherence_default>>, ck_tile::CShuffleEpilogue<ck_tile::CShuffleEpilogueProblem<__bf16, __bf16, ck_tile::tuple<>, float, __bf16, ck_tile::tuple<>, ck_tile::tensor_layout::gemm::RowMajor, ck_tile::element_wise::PassThrough, 32, 256, 1, 4, 16, 16, 32, false, 1, false, 1, 2>>, ck_tile::MoeFlatmmKind::kFFN_gemm1_gate_up>::MoeFlatmmKernelArgs<ck_tile::FlatmmScalePointer<-1>, ck_tile::FlatmmScalePointer<1, 32, ck_tile::e8m0_bexp_t>, ck_tile::FlatmmScalePointer<1>>, index_t, index_t)::(anonymous class)::operator()<ck_tile::constant<0>, ck_tile::constant<1>, ck_tile::constant<1>>' requested here
 1466 |                     process_epi_tile(number<write_stage>{}, mIter_next, nIter_next);
      |                     ^
/usr/local/lib/python3.12/dist-packages/aiter_meta/3rdparty/composable_kernel/include/ck_tile/core/utility/functional.hpp:74:10: note: in instantiation of function template specialization 'ck_tile::MoeFlatmmKernel<ck_tile::GemmSpatiallyLocalTilePartitioner<ck_tile::TileGemmShape<ck_tile::sequence<32, 256, 256>, ck_tile::sequence<1, 4, 1>, ck_tile::sequence<16, 16, 32>>, 8, 4>, ck_tile::MoeFlatmmPipelineAGmemBGmemCRegV1<ck_tile::FlatmmPipelineProblem<__bf16, ck_tile::pk_int4_t, float, ck_tile::TileGemmShape<ck_tile::sequence<32, 256, 256>, ck_tile::sequence<1, 4, 1>, ck_tile::sequence<16, 16, 32>>, ck_tile::TileGemmUniversalTraits<false, false, false, false, ck_tile::tensor_layout::gemm::RowMajor, ck_tile::tensor_layout::gemm::ColumnMajor, ck_tile::tensor_layout::gemm::RowMajor, false, false, false, 1, true>, ck_tile::GemmPipelineScheduler::Default, true, ck_tile::TailNumber::Even, ck_tile::amd_buffer_coherence_enum::coherence_default>>, ck_tile::CShuffleEpilogue<ck_tile::CShuffleEpilogueProblem<__bf16, __bf16, ck_tile::tuple<>, float, __bf16, ck_tile::tuple<>, ck_tile::tensor_layout::gemm::RowMajor, ck_tile::element_wise::PassThrough, 32, 256, 1, 4, 16, 16, 32, false, 1, false, 1, 2>>, ck_tile::MoeFlatmmKind::kFFN_gemm1_gate_up>::operator()(ck_tile::MoeFlatmmKernel<ck_tile::GemmSpatiallyLocalTilePartitioner<ck_tile::TileGemmShape<ck_tile::sequence<32, 256, 256>, ck_tile::sequence<1, 4, 1>, ck_tile::sequence<16, 16, 32>>, 8, 4>, ck_tile::MoeFlatmmPipelineAGmemBGmemCRegV1<ck_tile::FlatmmPipelineProblem<__bf16, ck_tile::pk_int4_t, float, ck_tile::TileGemmShape<ck_tile::sequence<32, 256, 256>, ck_tile::sequence<1, 4, 1>, ck_tile::sequence<16, 16, 32>>, ck_tile::TileGemmUniversalTraits<false, false, false, false, ck_tile::tensor_layout::gemm::RowMajor, ck_tile::tensor_layout::gemm::ColumnMajor, ck_tile::tensor_layout::gemm::RowMajor, false, false, false, 1, true>, ck_tile::GemmPipelineScheduler::Default, true, ck_tile::TailNumber::Even, ck_tile::amd_buffer_coherence_enum::coherence_default>>, ck_tile::CShuffleEpilogue<ck_tile::CShuffleEpilogueProblem<__bf16, __bf16, ck_tile::tuple<>, float, __bf16, ck_tile::tuple<>, ck_tile::tensor_layout::gemm::RowMajor, ck_tile::element_wise::PassThrough, 32, 256, 1, 4, 16, 16, 32, false, 1, false, 1, 2>>, ck_tile::MoeFlatmmKind::kFFN_gemm1_gate_up>::MoeFlatmmKernelArgs<ck_tile::FlatmmScalePointer<-1>, ck_tile::FlatmmScalePointer<1, 32, ck_tile::e8m0_bexp_t>, ck_tile::FlatmmScalePointer<1>>, index_t, index_t)::(anonymous class)::operator()<ck_tile::constant<1>>' requested here
   74 |         (f(number<Is>{}), ...);
      |          ^
/usr/local/lib/python3.12/dist-packages/aiter_meta/3rdparty/composable_kernel/include/ck_tile/ops/flatmm/kernel/moe_flatmm_kernel.hpp:1446:13: note: in instantiation of function template specialization 'ck_tile::detail::applier<int, 0, 1, 2, 3>::operator()<(lambda at /usr/local/lib/python3.12/dist-packages/aiter_meta/3rdparty/composable_kernel/include/ck_tile/ops/flatmm/kernel/moe_flatmm_kernel.hpp:1446:44)>' requested here
 1446 |             static_for<0, num_access, 1>{}([&](auto iAccess) {
      |             ^
/usr/local/lib/python3.12/dist-packages/aiter_meta/3rdparty/composable_kernel/include/ck_tile/ops/flatmm/kernel/moe_flatmm_kernel.hpp:923:19: note: (skipping 2 contexts in backtrace; use -ftemplate-backtrace-limit=0 to see all)
  923 |             this->operator()(kargs, block_offset_m, block_offset_n);
      |                   ^
/usr/local/lib/python3.12/dist-packages/aiter_meta/3rdparty/composable_kernel/include/ck_tile/host/kernel_launch.hpp:128:20: note: in instantiation of function template specialization 'ck_tile::kentry<1, ck_tile::MoeFlatmmKernel<ck_tile::GemmSpatiallyLocalTilePartitioner<ck_tile::TileGemmShape<ck_tile::sequence<32, 256, 256>, ck_tile::sequence<1, 4, 1>, ck_tile::sequence<16, 16, 32>>, 8, 4>, ck_tile::MoeFlatmmPipelineAGmemBGmemCRegV1<ck_tile::FlatmmPipelineProblem<__bf16, ck_tile::pk_int4_t, float, ck_tile::TileGemmShape<ck_tile::sequence<32, 256, 256>, ck_tile::sequence<1, 4, 1>, ck_tile::sequence<16, 16, 32>>, ck_tile::TileGemmUniversalTraits<false, false, false, false, ck_tile::tensor_layout::gemm::RowMajor, ck_tile::tensor_layout::gemm::ColumnMajor, ck_tile::tensor_layout::gemm::RowMajor, false, false, false, 1, true>, ck_tile::GemmPipelineScheduler::Default, true, ck_tile::TailNumber::Even, ck_tile::amd_buffer_coherence_enum::coherence_default>>, ck_tile::CShuffleEpilogue<ck_tile::CShuffleEpilogueProblem<__bf16, __bf16, ck_tile::tuple<>, float, __bf16, ck_tile::tuple<>, ck_tile::tensor_layout::gemm::RowMajor, ck_tile::element_wise::PassThrough, 32, 256, 1, 4, 16, 16, 32, false, 1, false, 1, 2>>, ck_tile::MoeFlatmmKind::kFFN_gemm1_gate_up>, ck_tile::MoeFlatmmKernel<ck_tile::GemmSpatiallyLocalTilePartitioner<ck_tile::TileGemmShape<ck_tile::sequence<32, 256, 256>, ck_tile::sequence<1, 4, 1>, ck_tile::sequence<16, 16, 32>>, 8, 4>, ck_tile::MoeFlatmmPipelineAGmemBGmemCRegV1<ck_tile::FlatmmPipelineProblem<__bf16, ck_tile::pk_int4_t, float, ck_tile::TileGemmShape<ck_tile::sequence<32, 256, 256>, ck_tile::sequence<1, 4, 1>, ck_tile::sequence<16, 16, 32>>, ck_tile::TileGemmUniversalTraits<false, false, false, false, ck_tile::tensor_layout::gemm::RowMajor, ck_tile::tensor_layout::gemm::ColumnMajor, ck_tile::tensor_layout::gemm::RowMajor, false, false, false, 1, true>, ck_tile::GemmPipelineScheduler::Default, true, ck_tile::TailNumber::Even, ck_tile::amd_buffer_coherence_enum::coherence_default>>, ck_tile::CShuffleEpilogue<ck_tile::CShuffleEpilogueProblem<__bf16, __bf16, ck_tile::tuple<>, float, __bf16, ck_tile::tuple<>, ck_tile::tensor_layout::gemm::RowMajor, ck_tile::element_wise::PassThrough, 32, 256, 1, 4, 16, 16, 32, false, 1, false, 1, 2>>, ck_tile::MoeFlatmmKind::kFFN_gemm1_gate_up>::MoeFlatmmKernelArgs<ck_tile::FlatmmScalePointer<-1>, ck_tile::FlatmmScalePointer<1, 32, ck_tile::e8m0_bexp_t>, ck_tile::FlatmmScalePointer<1>>>' requested here
  128 |             return kentry<MinBlockPerCu, KernelImpl, Args...>;
      |                    ^
/work/mpB/run_a16w4_moe_flatmm_example.inc:19:22: note: in instantiation of function template specialization 'a16w4_moe_gemm<A16W4_FlatmmConfig16, __bf16, ck_tile::pk_int4_t, ck_tile::tuple<>, float, __bf16, ck_tile::tensor_layout::gemm::RowMajor, ck_tile::tensor_layout::gemm::ColumnMajor, ck_tile::tuple<>, ck_tile::tensor_layout::gemm::RowMajor, ck_tile::MoeFlatmmKind::kFFN_gemm1_gate_up, ck_tile::element_wise::PassThrough, ck_tile::MoeFlatmmHostArgs<ck_tile::FlatmmScalePointer<-1>, ck_tile::FlatmmScalePointer<1, 32, ck_tile::e8m0_bexp_t>, ck_tile::FlatmmScalePointer<1>>>' requested here
   19 |     float ave_time = a16w4_moe_gemm<FlatmmConfig,
      |                      ^
/work/mpB/run_a16w4_moe_flatmm_example.inc:269:5: note: in instantiation of function template specialization 'invoke_a16w4_moe_gemm<A16W4_FlatmmConfig16, __bf16, ck_tile::pk_int4_t, ck_tile::tuple<>, float, __bf16, ck_tile::tensor_layout::gemm::RowMajor, ck_tile::tensor_layout::gemm::ColumnMajor, ck_tile::tuple<>, ck_tile::tensor_layout::gemm::RowMajor, ck_tile::MoeFlatmmKind::kFFN_gemm1_gate_up, ck_tile::element_wise::PassThrough, ck_tile::MoeFlatmmHostArgs<ck_tile::FlatmmScalePointer<-1>, ck_tile::FlatmmScalePointer<1, 32, ck_tile::e8m0_bexp_t>, ck_tile::FlatmmScalePointer<1>>>' requested here
  269 |     invoke_a16w4_moe_gemm<FlatmmConfig,
      |     ^
/work/mpB/a16w4_moe_flatmm.cpp:455:24: note: in instantiation of function template specialization 'run_a16w4_moe_gemm_example_with_layouts<__bf16, ck_tile::pk_int4_t, A16W4_FlatmmConfig16, ck_tile::MoeFlatmmKind::kFFN_gemm1_gate_up, ck_tile::tensor_layout::gemm::RowMajor, ck_tile::tensor_layout::gemm::ColumnMajor, ck_tile::tensor_layout::gemm::RowMajor>' requested here
  455 |                 return run_a16w4_moe_gemm_example_with_layouts<
      |                        ^
/work/mpB/a16w4_moe_flatmm.cpp:544:21: note: in instantiation of function template specialization 'run_a16w4_moe_flatmm_example<A16W4_FlatmmConfig16>' requested here
  544 |             return !run_a16w4_moe_flatmm_example<A16W4_FlatmmConfig16>(argc, argv);
      |                     ^
/usr/local/lib/python3.12/dist-packages/aiter_meta/3rdparty/composable_kernel/include/ck_tile/ops/flatmm/kernel/moe_flatmm_kernel.hpp:1376:50: note: built-in candidate operator*(float, float)
 1376 |                                 epi_scale_m[idx] * epi_scale_n[idx];
      |                                                  ^
/usr/local/lib/python3.12/dist-packages/aiter_meta/3rdparty/composable_kernel/include/ck_tile/ops/flatmm/kernel/moe_flatmm_kernel.hpp:1376:50: note: built-in candidate operator*(float, long double)
/usr/local/lib/python3.12/dist-packages/aiter_meta/3rdparty/composable_kernel/include/ck_tile/ops/flatmm/kernel/moe_flatmm_kernel.hpp:1376:50: note: built-in candidate operator*(float, __float128)
/usr/local/lib/python3.12/dist-packages/aiter_meta/3rdparty/composable_kernel/include/ck_tile/ops/flatmm/kernel/moe_flatmm_kernel.hpp:1376:50: note: built-in candidate operator*(float, long)
/usr/local/lib/python3.12/dist-packages/aiter_meta/3rdparty/composable_kernel/include/ck_tile/ops/flatmm/kernel/moe_flatmm_kernel.hpp:1376:50: note: built-in candidate operator*(float, long long)
/usr/local/lib/python3.12/dist-packages/aiter_meta/3rdparty/composable_kernel/include/ck_tile/ops/flatmm/kernel/moe_flatmm_kernel.hpp:1376:50: note: built-in candidate operator*(float, __int128)
/usr/local/lib/python3.12/dist-packages/aiter_meta/3rdparty/composable_kernel/include/ck_tile/ops/flatmm/kernel/moe_flatmm_kernel.hpp:1376:50: note: built-in candidate operator*(float, unsigned int)
/usr/local/lib/python3.12/dist-packages/aiter_meta/3rdparty/composable_kernel/include/ck_tile/ops/flatmm/kernel/moe_flatmm_kernel.hpp:1376:50: note: built-in candidate operator*(float, unsigned long)
/usr/local/lib/python3.12/dist-packages/aiter_meta/3rdparty/composable_kernel/include/ck_tile/ops/flatmm/kernel/moe_flatmm_kernel.hpp:1376:50: note: built-in candidate operator*(float, unsigned long long)
/usr/local/lib/python3.12/dist-packages/aiter_meta/3rdparty/composable_kernel/include/ck_tile/ops/flatmm/kernel/moe_flatmm_kernel.hpp:1376:50: note: built-in candidate operator*(float, unsigned __int128)
/usr/local/lib/python3.12/dist-packages/aiter_meta/3rdparty/composable_kernel/include/ck_tile/ops/flatmm/kernel/moe_flatmm_kernel.hpp:1376:50: note: built-in candidate operator*(float, double)
/usr/local/lib/python3.12/dist-packages/aiter_meta/3rdparty/composable_kernel/include/ck_tile/ops/flatmm/kernel/moe_flatmm_kernel.hpp:1376:50: note: built-in candidate operator*(float, int)
/usr/local/lib/python3.12/dist-packages/aiter_meta/3rdparty/composable_kernel/include/ck_tile/ops/flatmm/kernel/moe_flatmm_kernel.hpp:1376:50: note: built-in candidate operator*(double, float)
/usr/local/lib/python3.12/dist-packages/aiter_meta/3rdparty/composable_kernel/include/ck_tile/ops/flatmm/kernel/moe_flatmm_kernel.hpp:1376:50: note: built-in candidate operator*(double, long double)
/usr/local/lib/python3.12/dist-packages/aiter_meta/3rdparty/composable_kernel/include/ck_tile/ops/flatmm/kernel/moe_flatmm_kernel.hpp:1376:50: note: built-in candidate operator*(double, __float128)
/usr/local/lib/python3.12/dist-packages/aiter_meta/3rdparty/composable_kernel/include/ck_tile/ops/flatmm/kernel/moe_flatmm_kernel.hpp:1376:50: note: built-in candidate operator*(double, long)
/usr/local/lib/python3.12/dist-packages/aiter_meta/3rdparty/composable_kernel/include/ck_tile/ops/flatmm/kernel/moe_flatmm_kernel.hpp:1376:50: note: built-in candidate operator*(double, long long)
/usr/local/lib/python3.12/dist-packages/aiter_meta/3rdparty/composable_kernel/include/ck_tile/ops/flatmm/kernel/moe_flatmm_kernel.hpp:1376:50: note: built-in candidate operator*(double, __int128)
/usr/local/lib/python3.12/dist-packages/aiter_meta/3rdparty/composable_kernel/include/ck_tile/ops/flatmm/kernel/moe_flatmm_kernel.hpp:1376:50: note: built-in candidate operator*(double, unsigned int)
/usr/local/lib/python3.12/dist-packages/aiter_meta/3rdparty/composable_kernel/include/ck_tile/ops/flatmm/kernel/moe_flatmm_kernel.hpp:1376:50: note: built-in candidate operator*(double, unsigned long)
/usr/local/lib/python3.12/dist-packages/aiter_meta/3rdparty/composable_kernel/include/ck_tile/ops/flatmm/kernel/moe_flatmm_kernel.hpp:1376:50: note: built-in candidate operator*(double, unsigned long long)
/usr/local/lib/python3.12/dist-packages/aiter_meta/3rdparty/composable_kernel/include/ck_tile/ops/flatmm/kernel/moe_flatmm_kernel.hpp:1376:50: note: built-in candidate operator*(double, unsigned __int128)
/usr/local/lib/python3.12/dist-packages/aiter_meta/3rdparty/composable_kernel/include/ck_tile/ops/flatmm/kernel/moe_flatmm_kernel.hpp:1376:50: note: built-in candidate operator*(double, double)
/usr/local/lib/python3.12/dist-packages/aiter_meta/3rdparty/composable_kernel/include/ck_tile/ops/flatmm/kernel/moe_flatmm_kernel.hpp:1376:50: note: built-in candidate operator*(double, int)
/usr/local/lib/python3.12/dist-packages/aiter_meta/3rdparty/composable_kernel/include/ck_tile/ops/flatmm/kernel/moe_flatmm_kernel.hpp:1376:50: note: built-in candidate operator*(long double, float)
/usr/local/lib/python3.12/dist-packages/aiter_meta/3rdparty/composable_kernel/include/ck_tile/ops/flatmm/kernel/moe_flatmm_kernel.hpp:1376:50: note: built-in candidate operator*(long double, long double)
/usr/local/lib/python3.12/dist-packages/aiter_meta/3rdparty/composable_kernel/include/ck_tile/ops/flatmm/kernel/moe_flatmm_kernel.hpp:1376:50: note: built-in candidate operator*(long double, __float128)
/usr/local/lib/python3.12/dist-packages/aiter_meta/3rdparty/composable_kernel/include/ck_tile/ops/flatmm/kernel/moe_flatmm_kernel.hpp:1376:50: note: built-in candidate operator*(long double, long)
/usr/local/lib/python3.12/dist-packages/aiter_meta/3rdparty/composable_kernel/include/ck_tile/ops/flatmm/kernel/moe_flatmm_kernel.hpp:1376:50: note: built-in candidate operator*(long double, long long)
/usr/local/lib/python3.12/dist-packages/aiter_meta/3rdparty/composable_kernel/include/ck_tile/ops/flatmm/kernel/moe_flatmm_kernel.hpp:1376:50: note: built-in candidate operator*(long double, __int128)
/usr/local/lib/python3.12/dist-packages/aiter_meta/3rdparty/composable_kernel/include/ck_tile/ops/flatmm/kernel/moe_flatmm_kernel.hpp:1376:50: note: built-in candidate operator*(long double, unsigned int)
/usr/local/lib/python3.12/dist-packages/aiter_meta/3rdparty/composable_kernel/include/ck_tile/ops/flatmm/kernel/moe_flatmm_kernel.hpp:1376:50: note: built-in candidate operator*(long double, unsigned long)
/usr/local/lib/python3.12/dist-packages/aiter_meta/3rdparty/composable_kernel/include/ck_tile/ops/flatmm/kernel/moe_flatmm_kernel.hpp:1376:50: note: built-in candidate operator*(long double, unsigned long long)
/usr/local/lib/python3.12/dist-packages/aiter_meta/3rdparty/composable_kernel/include/ck_tile/ops/flatmm/kernel/moe_flatmm_kernel.hpp:1376:50: note: built-in candidate operator*(long double, unsigned __int128)
/usr/local/lib/python3.12/dist-packages/aiter_meta/3rdparty/composable_kernel/include/ck_tile/ops/flatmm/kernel/moe_flatmm_kernel.hpp:1376:50: note: built-in candidate operator*(__float128, float)
/usr/local/lib/python3.12/dist-packages/aiter_meta/3rdparty/composable_kernel/include/ck_tile/ops/flatmm/kernel/moe_flatmm_kernel.hpp:1376:50: note: built-in candidate operator*(__float128, long double)
/usr/local/lib/python3.12/dist-packages/aiter_meta/3rdparty/composable_kernel/include/ck_tile/ops/flatmm/kernel/moe_flatmm_kernel.hpp:1376:50: note: built-in candidate operator*(__float128, __float128)
/usr/local/lib/python3.12/dist-packages/aiter_meta/3rdparty/composable_kernel/include/ck_tile/ops/flatmm/kernel/moe_flatmm_kernel.hpp:1376:50: note: built-in candidate operator*(__float128, long)
/usr/local/lib/python3.12/dist-packages/aiter_meta/3rdparty/composable_kernel/include/ck_tile/ops/flatmm/kernel/moe_flatmm_kernel.hpp:1376:50: note: built-in candidate operator*(__float128, long long)
/usr/local/lib/python3.12/dist-packages/aiter_meta/3rdparty/composable_kernel/include/ck_tile/ops/flatmm/kernel/moe_flatmm_kernel.hpp:1376:50: note: built-in candidate operator*(__float128, __int128)
/usr/local/lib/python3.12/dist-packages/aiter_meta/3rdparty/composable_kernel/include/ck_tile/ops/flatmm/kernel/moe_flatmm_kernel.hpp:1376:50: note: built-in candidate operator*(__float128, unsigned int)
/usr/local/lib/python3.12/dist-packages/aiter_meta/3rdparty/composable_kernel/include/ck_tile/ops/flatmm/kernel/moe_flatmm_kernel.hpp:1376:50: note: built-in candidate operator*(__float128, unsigned long)
/usr/local/lib/python3.12/dist-packages/aiter_meta/3rdparty/composable_kernel/include/ck_tile/ops/flatmm/kernel/moe_flatmm_kernel.hpp:1376:50: note: built-in candidate operator*(__float128, unsigned long long)
/usr/local/lib/python3.12/dist-packages/aiter_meta/3rdparty/composable_kernel/include/ck_tile/ops/flatmm/kernel/moe_flatmm_kernel.hpp:1376:50: note: built-in candidate operator*(__float128, unsigned __int128)
/usr/local/lib/python3.12/dist-packages/aiter_meta/3rdparty/composable_kernel/include/ck_tile/ops/flatmm/kernel/moe_flatmm_kernel.hpp:1376:50: note: built-in candidate operator*(int, float)
/usr/local/lib/python3.12/dist-packages/aiter_meta/3rdparty/composable_kernel/include/ck_tile/ops/flatmm/kernel/moe_flatmm_kernel.hpp:1376:50: note: built-in candidate operator*(int, long double)
/usr/local/lib/python3.12/dist-packages/aiter_meta/3rdparty/composable_kernel/include/ck_tile/ops/flatmm/kernel/moe_flatmm_kernel.hpp:1376:50: note: built-in candidate operator*(int, __float128)
/usr/local/lib/python3.12/dist-packages/aiter_meta/3rdparty/composable_kernel/include/ck_tile/ops/flatmm/kernel/moe_flatmm_kernel.hpp:1376:50: note: built-in candidate operator*(int, long)
/usr/local/lib/python3.12/dist-packages/aiter_meta/3rdparty/composable_kernel/include/ck_tile/ops/flatmm/kernel/moe_flatmm_kernel.hpp:1376:50: note: built-in candidate operator*(int, long long)
/usr/local/lib/python3.12/dist-packages/aiter_meta/3rdparty/composable_kernel/include/ck_tile/ops/flatmm/kernel/moe_flatmm_kernel.hpp:1376:50: note: built-in candidate operator*(int, __int128)
/usr/local/lib/python3.12/dist-packages/aiter_meta/3rdparty/composable_kernel/include/ck_tile/ops/flatmm/kernel/moe_flatmm_kernel.hpp:1376:50: note: built-in candidate operator*(int, unsigned int)
/usr/local/lib/python3.12/dist-packages/aiter_meta/3rdparty/composable_kernel/include/ck_tile/ops/flatmm/kernel/moe_flatmm_kernel.hpp:1376:50: note: built-in candidate operator*(int, unsigned long)
/usr/local/lib/python3.12/dist-packages/aiter_meta/3rdparty/composable_kernel/include/ck_tile/ops/flatmm/kernel/moe_flatmm_kernel.hpp:1376:50: note: built-in candidate operator*(int, unsigned long long)
/usr/local/lib/python3.12/dist-packages/aiter_meta/3rdparty/composable_kernel/include/ck_tile/ops/flatmm/kernel/moe_flatmm_kernel.hpp:1376:50: note: built-in candidate operator*(int, unsigned __int128)
/usr/local/lib/python3.12/dist-packages/aiter_meta/3rdparty/composable_kernel/include/ck_tile/ops/flatmm/kernel/moe_flatmm_kernel.hpp:1376:50: note: built-in candidate operator*(long, float)
/usr/local/lib/python3.12/dist-packages/aiter_meta/3rdparty/composable_kernel/include/ck_tile/ops/flatmm/kernel/moe_flatmm_kernel.hpp:1376:50: note: built-in candidate operator*(long, long double)
/usr/local/lib/python3.12/dist-packages/aiter_meta/3rdparty/composable_kernel/include/ck_tile/ops/flatmm/kernel/moe_flatmm_kernel.hpp:1376:50: note: built-in candidate operator*(long, __float128)
/usr/local/lib/python3.12/dist-packages/aiter_meta/3rdparty/composable_kernel/include/ck_tile/ops/flatmm/kernel/moe_flatmm_kernel.hpp:1376:50: note: built-in candidate operator*(long, long)
/usr/local/lib/python3.12/dist-packages/aiter_meta/3rdparty/composable_kernel/include/ck_tile/ops/flatmm/kernel/moe_flatmm_kernel.hpp:1376:50: note: built-in candidate operator*(long, long long)
/usr/local/lib/python3.12/dist-packages/aiter_meta/3rdparty/composable_kernel/include/ck_tile/ops/flatmm/kernel/moe_flatmm_kernel.hpp:1376:50: note: built-in candidate operator*(long, __int128)
/usr/local/lib/python3.12/dist-packages/aiter_meta/3rdparty/composable_kernel/include/ck_tile/ops/flatmm/kernel/moe_flatmm_kernel.hpp:1376:50: note: built-in candidate operator*(long, unsigned int)
/usr/local/lib/python3.12/dist-packages/aiter_meta/3rdparty/composable_kernel/include/ck_tile/ops/flatmm/kernel/moe_flatmm_kernel.hpp:1376:50: note: built-in candidate operator*(long, unsigned long)
/usr/local/lib/python3.12/dist-packages/aiter_meta/3rdparty/composable_kernel/include/ck_tile/ops/flatmm/kernel/moe_flatmm_kernel.hpp:1376:50: note: built-in candidate operator*(long, unsigned long long)
/usr/local/lib/python3.12/dist-packages/aiter_meta/3rdparty/composable_kernel/include/ck_tile/ops/flatmm/kernel/moe_flatmm_kernel.hpp:1376:50: note: built-in candidate operator*(long, unsigned __int128)
/usr/local/lib/python3.12/dist-packages/aiter_meta/3rdparty/composable_kernel/include/ck_tile/ops/flatmm/kernel/moe_flatmm_kernel.hpp:1376:50: note: built-in candidate operator*(long long, float)
/usr/local/lib/python3.12/dist-packages/aiter_meta/3rdparty/composable_kernel/include/ck_tile/ops/flatmm/kernel/moe_flatmm_kernel.hpp:1376:50: note: built-in candidate operator*(long long, long double)
/usr/local/lib/python3.12/dist-packages/aiter_meta/3rdparty/composable_kernel/include/ck_tile/ops/flatmm/kernel/moe_flatmm_kernel.hpp:1376:50: note: built-in candidate operator*(long long, __float128)
/usr/local/lib/python3.12/dist-packages/aiter_meta/3rdparty/composable_kernel/include/ck_tile/ops/flatmm/kernel/moe_flatmm_kernel.hpp:1376:50: note: built-in candidate operator*(long long, long)
/usr/local/lib/python3.12/dist-packages/aiter_meta/3rdparty/composable_kernel/include/ck_tile/ops/flatmm/kernel/moe_flatmm_kernel.hpp:1376:50: note: built-in candidate operator*(long long, long long)
/usr/local/lib/python3.12/dist-packages/aiter_meta/3rdparty/composable_kernel/include/ck_tile/ops/flatmm/kernel/moe_flatmm_kernel.hpp:1376:50: note: built-in candidate operator*(long long, __int128)
/usr/local/lib/python3.12/dist-packages/aiter_meta/3rdparty/composable_kernel/include/ck_tile/ops/flatmm/kernel/moe_flatmm_kernel.hpp:1376:50: note: built-in candidate operator*(long long, unsigned int)
/usr/local/lib/python3.12/dist-packages/aiter_meta/3rdparty/composable_kernel/include/ck_tile/ops/flatmm/kernel/moe_flatmm_kernel.hpp:1376:50: note: built-in candidate operator*(long long, unsigned long)
/usr/local/lib/python3.12/dist-packages/aiter_meta/3rdparty/composable_kernel/include/ck_tile/ops/flatmm/kernel/moe_flatmm_kernel.hpp:1376:50: note: built-in candidate operator*(long long, unsigned long long)
/usr/local/lib/python3.12/dist-packages/aiter_meta/3rdparty/composable_kernel/include/ck_tile/ops/flatmm/kernel/moe_flatmm_kernel.hpp:1376:50: note: built-in candidate operator*(long long, unsigned __int128)
/usr/local/lib/python3.12/dist-packages/aiter_meta/3rdparty/composable_kernel/include/ck_tile/ops/flatmm/kernel/moe_flatmm_kernel.hpp:1376:50: note: built-in candidate operator*(__int128, float)
/usr/local/lib/python3.12/dist-packages/aiter_meta/3rdparty/composable_kernel/include/ck_tile/ops/flatmm/kernel/moe_flatmm_kernel.hpp:1376:50: note: built-in candidate operator*(__int128, long double)
/usr/local/lib/python3.12/dist-packages/aiter_meta/3rdparty/composable_kernel/include/ck_tile/ops/flatmm/kernel/moe_flatmm_kernel.hpp:1376:50: note: built-in candidate operator*(__int128, __float128)
/usr/local/lib/python3.12/dist-packages/aiter_meta/3rdparty/composable_kernel/include/ck_tile/ops/flatmm/kernel/moe_flatmm_kernel.hpp:1376:50: note: built-in candidate operator*(__int128, long)
/usr/local/lib/python3.12/dist-packages/aiter_meta/3rdparty/composable_kernel/include/ck_tile/ops/flatmm/kernel/moe_flatmm_kernel.hpp:1376:50: note: built-in candidate operator*(__int128, long long)
/usr/local/lib/python3.12/dist-packages/aiter_meta/3rdparty/composable_kernel/include/ck_tile/ops/flatmm/kernel/moe_flatmm_kernel.hpp:1376:50: note: built-in candidate operator*(__int128, __int128)
/usr/local/lib/python3.12/dist-packages/aiter_meta/3rdparty/composable_kernel/include/ck_tile/ops/flatmm/kernel/moe_flatmm_kernel.hpp:1376:50: note: built-in candidate operator*(__int128, unsigned int)
/usr/local/lib/python3.12/dist-packages/aiter_meta/3rdparty/composable_kernel/include/ck_tile/ops/flatmm/kernel/moe_flatmm_kernel.hpp:1376:50: note: built-in candidate operator*(__int128, unsigned long)
/usr/local/lib/python3.12/dist-packages/aiter_meta/3rdparty/composable_kernel/include/ck_tile/ops/flatmm/kernel/moe_flatmm_kernel.hpp:1376:50: note: built-in candidate operator*(__int128, unsigned long long)
/usr/local/lib/python3.12/dist-packages/aiter_meta/3rdparty/composable_kernel/include/ck_tile/ops/flatmm/kernel/moe_flatmm_kernel.hpp:1376:50: note: built-in candidate operator*(__int128, unsigned __int128)
/usr/local/lib/python3.12/dist-packages/aiter_meta/3rdparty/composable_kernel/include/ck_tile/ops/flatmm/kernel/moe_flatmm_kernel.hpp:1376:50: note: built-in candidate operator*(unsigned int, float)
/usr/local/lib/python3.12/dist-packages/aiter_meta/3rdparty/composable_kernel/include/ck_tile/ops/flatmm/kernel/moe_flatmm_kernel.hpp:1376:50: note: built-in candidate operator*(unsigned int, long double)
/usr/local/lib/python3.12/dist-packages/aiter_meta/3rdparty/composable_kernel/include/ck_tile/ops/flatmm/kernel/moe_flatmm_kernel.hpp:1376:50: note: built-in candidate operator*(unsigned int, __float128)
/usr/local/lib/python3.12/dist-packages/aiter_meta/3rdparty/composable_kernel/include/ck_tile/ops/flatmm/kernel/moe_flatmm_kernel.hpp:1376:50: note: built-in candidate operator*(unsigned int, long)
/usr/local/lib/python3.12/dist-packages/aiter_meta/3rdparty/composable_kernel/include/ck_tile/ops/flatmm/kernel/moe_flatmm_kernel.hpp:1376:50: note: built-in candidate operator*(unsigned int, long long)
/usr/local/lib/python3.12/dist-packages/aiter_meta/3rdparty/composable_kernel/include/ck_tile/ops/flatmm/kernel/moe_flatmm_kernel.hpp:1376:50: note: built-in candidate operator*(unsigned int, __int128)
/usr/local/lib/python3.12/dist-packages/aiter_meta/3rdparty/composable_kernel/include/ck_tile/ops/flatmm/kernel/moe_flatmm_kernel.hpp:1376:50: note: built-in candidate operator*(unsigned int, unsigned int)
/usr/local/lib/python3.12/dist-packages/aiter_meta/3rdparty/composable_kernel/include/ck_tile/ops/flatmm/kernel/moe_flatmm_kernel.hpp:1376:50: note: built-in candidate operator*(unsigned int, unsigned long)
/usr/local/lib/python3.12/dist-packages/aiter_meta/3rdparty/composable_kernel/include/ck_tile/ops/flatmm/kernel/moe_flatmm_kernel.hpp:1376:50: note: built-in candidate operator*(unsigned int, unsigned long long)
/usr/local/lib/python3.12/dist-packages/aiter_meta/3rdparty/composable_kernel/include/ck_tile/ops/flatmm/kernel/moe_flatmm_kernel.hpp:1376:50: note: built-in candidate operator*(unsigned int, unsigned __int128)
/usr/local/lib/python3.12/dist-packages/aiter_meta/3rdparty/composable_kernel/include/ck_tile/ops/flatmm/kernel/moe_flatmm_kernel.hpp:1376:50: note: built-in candidate operator*(unsigned long, float)
/usr/local/lib/python3.12/dist-packages/aiter_meta/3rdparty/composable_kernel/include/ck_tile/ops/flatmm/kernel/moe_flatmm_kernel.hpp:1376:50: note: built-in candidate operator*(unsigned long, long double)
/usr/local/lib/python3.12/dist-packages/aiter_meta/3rdparty/composable_kernel/include/ck_tile/ops/flatmm/kernel/moe_flatmm_kernel.hpp:1376:50: note: built-in candidate operator*(unsigned long, __float128)
/usr/local/lib/python3.12/dist-packages/aiter_meta/3rdparty/composable_kernel/include/ck_tile/ops/flatmm/kernel/moe_flatmm_kernel.hpp:1376:50: note: built-in candidate operator*(unsigned long, long)
/usr/local/lib/python3.12/dist-packages/aiter_meta/3rdparty/composable_kernel/include/ck_tile/ops/flatmm/kernel/moe_flatmm_kernel.hpp:1376:50: note: built-in candidate operator*(unsigned long, long long)
/usr/local/lib/python3.12/dist-packages/aiter_meta/3rdparty/composable_kernel/include/ck_tile/ops/flatmm/kernel/moe_flatmm_kernel.hpp:1376:50: note: built-in candidate operator*(unsigned long, __int128)
/usr/local/lib/python3.12/dist-packages/aiter_meta/3rdparty/composable_kernel/include/ck_tile/ops/flatmm/kernel/moe_flatmm_kernel.hpp:1376:50: note: built-in candidate operator*(unsigned long, unsigned int)
/usr/local/lib/python3.12/dist-packages/aiter_meta/3rdparty/composable_kernel/include/ck_tile/ops/flatmm/kernel/moe_flatmm_kernel.hpp:1376:50: note: built-in candidate operator*(unsigned long, unsigned long)
/usr/local/lib/python3.12/dist-packages/aiter_meta/3rdparty/composable_kernel/include/ck_tile/ops/flatmm/kernel/moe_flatmm_kernel.hpp:1376:50: note: built-in candidate operator*(unsigned long, unsigned long long)
/usr/local/lib/python3.12/dist-packages/aiter_meta/3rdparty/composable_kernel/include/ck_tile/ops/flatmm/kernel/moe_flatmm_kernel.hpp:1376:50: note: built-in candidate operator*(unsigned long, unsigned __int128)
/usr/local/lib/python3.12/dist-packages/aiter_meta/3rdparty/composable_kernel/include/ck_tile/ops/flatmm/kernel/moe_flatmm_kernel.hpp:1376:50: note: built-in candidate operator*(unsigned long long, float)
/usr/local/lib/python3.12/dist-packages/aiter_meta/3rdparty/composable_kernel/include/ck_tile/ops/flatmm/kernel/moe_flatmm_kernel.hpp:1376:50: note: built-in candidate operator*(unsigned long long, long double)
/usr/local/lib/python3.12/dist-packages/aiter_meta/3rdparty/composable_kernel/include/ck_tile/ops/flatmm/kernel/moe_flatmm_kernel.hpp:1376:50: note: built-in candidate operator*(unsigned long long, __float128)
/usr/local/lib/python3.12/dist-packages/aiter_meta/3rdparty/composable_kernel/include/ck_tile/ops/flatmm/kernel/moe_flatmm_kernel.hpp:1376:50: note: built-in candidate operator*(unsigned long long, long)
/usr/local/lib/python3.12/dist-packages/aiter_meta/3rdparty/composable_kernel/include/ck_tile/ops/flatmm/kernel/moe_flatmm_kernel.hpp:1376:50: note: built-in candidate operator*(unsigned long long, long long)
/usr/local/lib/python3.12/dist-packages/aiter_meta/3rdparty/composable_kernel/include/ck_tile/ops/flatmm/kernel/moe_flatmm_kernel.hpp:1376:50: note: built-in candidate operator*(unsigned long long, __int128)
/usr/local/lib/python3.12/dist-packages/aiter_meta/3rdparty/composable_kernel/include/ck_tile/ops/flatmm/kernel/moe_flatmm_kernel.hpp:1376:50: note: built-in candidate operator*(unsigned long long, unsigned int)
/usr/local/lib/python3.12/dist-packages/aiter_meta/3rdparty/composable_kernel/include/ck_tile/ops/flatmm/kernel/moe_flatmm_kernel.hpp:1376:50: note: built-in candidate operator*(unsigned long long, unsigned long)
/usr/local/lib/python3.12/dist-packages/aiter_meta/3rdparty/composable_kernel/include/ck_tile/ops/flatmm/kernel/moe_flatmm_kernel.hpp:1376:50: note: built-in candidate operator*(unsigned long long, unsigned long long)
/usr/local/lib/python3.12/dist-packages/aiter_meta/3rdparty/composable_kernel/include/ck_tile/ops/flatmm/kernel/moe_flatmm_kernel.hpp:1376:50: note: built-in candidate operator*(unsigned long long, unsigned __int128)
/usr/local/lib/python3.12/dist-packages/aiter_meta/3rdparty/composable_kernel/include/ck_tile/ops/flatmm/kernel/moe_flatmm_kernel.hpp:1376:50: note: built-in candidate operator*(unsigned __int128, float)
/usr/local/lib/python3.12/dist-packages/aiter_meta/3rdparty/composable_kernel/include/ck_tile/ops/flatmm/kernel/moe_flatmm_kernel.hpp:1376:50: note: built-in candidate operator*(unsigned __int128, long double)
/usr/local/lib/python3.12/dist-packages/aiter_meta/3rdparty/composable_kernel/include/ck_tile/ops/flatmm/kernel/moe_flatmm_kernel.hpp:1376:50: note: built-in candidate operator*(unsigned __int128, __float128)
/usr/local/lib/python3.12/dist-packages/aiter_meta/3rdparty/composable_kernel/include/ck_tile/ops/flatmm/kernel/moe_flatmm_kernel.hpp:1376:50: note: built-in candidate operator*(unsigned __int128, long)
/usr/local/lib/python3.12/dist-packages/aiter_meta/3rdparty/composable_kernel/include/ck_tile/ops/flatmm/kernel/moe_flatmm_kernel.hpp:1376:50: note: built-in candidate operator*(unsigned __int128, long long)
/usr/local/lib/python3.12/dist-packages/aiter_meta/3rdparty/composable_kernel/include/ck_tile/ops/flatmm/kernel/moe_flatmm_kernel.hpp:1376:50: note: built-in candidate operator*(unsigned __int128, __int128)
/usr/local/lib/python3.12/dist-packages/aiter_meta/3rdparty/composable_kernel/include/ck_tile/ops/flatmm/kernel/moe_flatmm_kernel.hpp:1376:50: note: built-in candidate operator*(unsigned __int128, unsigned int)
/usr/local/lib/python3.12/dist-packages/aiter_meta/3rdparty/composable_kernel/include/ck_tile/ops/flatmm/kernel/moe_flatmm_kernel.hpp:1376:50: note: built-in candidate operator*(unsigned __int128, unsigned long)
/usr/local/lib/python3.12/dist-packages/aiter_meta/3rdparty/composable_kernel/include/ck_tile/ops/flatmm/kernel/moe_flatmm_kernel.hpp:1376:50: note: built-in candidate operator*(unsigned __int128, unsigned long long)
/usr/local/lib/python3.12/dist-packages/aiter_meta/3rdparty/composable_kernel/include/ck_tile/ops/flatmm/kernel/moe_flatmm_kernel.hpp:1376:50: note: built-in candidate operator*(unsigned __int128, unsigned __int128)
/usr/local/lib/python3.12/dist-packages/aiter_meta/3rdparty/composable_kernel/include/ck_tile/ops/flatmm/kernel/moe_flatmm_kernel.hpp:1376:50: note: built-in candidate operator*(long double, double)
/usr/local/lib/python3.12/dist-packages/aiter_meta/3rdparty/composable_kernel/include/ck_tile/ops/flatmm/kernel/moe_flatmm_kernel.hpp:1376:50: note: built-in candidate operator*(long double, int)
/usr/local/lib/python3.12/dist-packages/aiter_meta/3rdparty/composable_kernel/include/ck_tile/ops/flatmm/kernel/moe_flatmm_kernel.hpp:1376:50: note: built-in candidate operator*(__float128, double)
/usr/local/lib/python3.12/dist-packages/aiter_meta/3rdparty/composable_kernel/include/ck_tile/ops/flatmm/kernel/moe_flatmm_kernel.hpp:1376:50: note: built-in candidate operator*(__float128, int)
/usr/local/lib/python3.12/dist-packages/aiter_meta/3rdparty/composable_kernel/include/ck_tile/ops/flatmm/kernel/moe_flatmm_kernel.hpp:1376:50: note: built-in candidate operator*(int, double)
/usr/local/lib/python3.12/dist-packages/aiter_meta/3rdparty/composable_kernel/include/ck_tile/ops/flatmm/kernel/moe_flatmm_kernel.hpp:1376:50: note: built-in candidate operator*(int, int)
/usr/local/lib/python3.12/dist-packages/aiter_meta/3rdparty/composable_kernel/include/ck_tile/ops/flatmm/kernel/moe_flatmm_kernel.hpp:1376:50: note: built-in candidate operator*(long, double)
/usr/local/lib/python3.12/dist-packages/aiter_meta/3rdparty/composable_kernel/include/ck_tile/ops/flatmm/kernel/moe_flatmm_kernel.hpp:1376:50: note: built-in candidate operator*(long, int)
/usr/local/lib/python3.12/dist-packages/aiter_meta/3rdparty/composable_kernel/include/ck_tile/ops/flatmm/kernel/moe_flatmm_kernel.hpp:1376:50: note: built-in candidate operator*(long long, double)
/usr/local/lib/python3.12/dist-packages/aiter_meta/3rdparty/composable_kernel/include/ck_tile/ops/flatmm/kernel/moe_flatmm_kernel.hpp:1376:50: note: built-in candidate operator*(long long, int)
/usr/local/lib/python3.12/dist-packages/aiter_meta/3rdparty/composable_kernel/include/ck_tile/ops/flatmm/kernel/moe_flatmm_kernel.hpp:1376:50: note: built-in candidate operator*(__int128, double)
/usr/local/lib/python3.12/dist-packages/aiter_meta/3rdparty/composable_kernel/include/ck_tile/ops/flatmm/kernel/moe_flatmm_kernel.hpp:1376:50: note: built-in candidate operator*(__int128, int)
/usr/local/lib/python3.12/dist-packages/aiter_meta/3rdparty/composable_kernel/include/ck_tile/ops/flatmm/kernel/moe_flatmm_kernel.hpp:1376:50: note: built-in candidate operator*(unsigned int, double)
/usr/local/lib/python3.12/dist-packages/aiter_meta/3rdparty/composable_kernel/include/ck_tile/ops/flatmm/kernel/moe_flatmm_kernel.hpp:1376:50: note: built-in candidate operator*(unsigned int, int)
/usr/local/lib/python3.12/dist-packages/aiter_meta/3rdparty/composable_kernel/include/ck_tile/ops/flatmm/kernel/moe_flatmm_kernel.hpp:1376:50: note: built-in candidate operator*(unsigned long, double)
/usr/local/lib/python3.12/dist-packages/aiter_meta/3rdparty/composable_kernel/include/ck_tile/ops/flatmm/kernel/moe_flatmm_kernel.hpp:1376:50: note: built-in candidate operator*(unsigned long, int)
/usr/local/lib/python3.12/dist-packages/aiter_meta/3rdparty/composable_kernel/include/ck_tile/ops/flatmm/kernel/moe_flatmm_kernel.hpp:1376:50: note: built-in candidate operator*(unsigned long long, double)
/usr/local/lib/python3.12/dist-packages/aiter_meta/3rdparty/composable_kernel/include/ck_tile/ops/flatmm/kernel/moe_flatmm_kernel.hpp:1376:50: note: built-in candidate operator*(unsigned long long, int)
/usr/local/lib/python3.12/dist-packages/aiter_meta/3rdparty/composable_kernel/include/ck_tile/ops/flatmm/kernel/moe_flatmm_kernel.hpp:1376:50: note: built-in candidate operator*(unsigned __int128, double)
/usr/local/lib/python3.12/dist-packages/aiter_meta/3rdparty/composable_kernel/include/ck_tile/ops/flatmm/kernel/moe_flatmm_kernel.hpp:1376:50: note: built-in candidate operator*(unsigned __int128, int)
/usr/local/lib/python3.12/dist-packages/aiter_meta/3rdparty/composable_kernel/include/ck_tile/ops/flatmm/kernel/moe_flatmm_kernel.hpp:1378:50: error: use of overloaded operator '*' is ambiguous (with operand types 'value_type' (aka 'float') and 'value_type' (aka 'ck_tile::e8m0_bexp_t'))
 1378 |                                 epi_scale_m[idx] * epi_scale_n_up[idx];
      |                                 ~~~~~~~~~~~~~~~~ ^ ~~~~~~~~~~~~~~~~~~~
/usr/local/lib/python3.12/dist-packages/aiter_meta/3rdparty/composable_kernel/include/ck_tile/ops/flatmm/kernel/moe_flatmm_kernel.hpp:1378:50: note: built-in candidate operator*(float, float)
/usr/local/lib/python3.12/dist-packages/aiter_meta/3rdparty/composable_kernel/include/ck_tile/ops/flatmm/kernel/moe_flatmm_kernel.hpp:1378:50: note: built-in candidate operator*(float, long double)
/usr/local/lib/python3.12/dist-packages/aiter_meta/3rdparty/composable_kernel/include/ck_tile/ops/flatmm/kernel/moe_flatmm_kernel.hpp:1378:50: note: built-in candidate operator*(float, __float128)
/usr/local/lib/python3.12/dist-packages/aiter_meta/3rdparty/composable_kernel/include/ck_tile/ops/flatmm/kernel/moe_flatmm_kernel.hpp:1378:50: note: built-in candidate operator*(float, long)
/usr/local/lib/python3.12/dist-packages/aiter_meta/3rdparty/composable_kernel/include/ck_tile/ops/flatmm/kernel/moe_flatmm_kernel.hpp:1378:50: note: built-in candidate operator*(float, long long)
/usr/local/lib/python3.12/dist-packages/aiter_meta/3rdparty/composable_kernel/include/ck_tile/ops/flatmm/kernel/moe_flatmm_kernel.hpp:1378:50: note: built-in candidate operator*(float, __int128)
/usr/local/lib/python3.12/dist-packages/aiter_meta/3rdparty/composable_kernel/include/ck_tile/ops/flatmm/kernel/moe_flatmm_kernel.hpp:1378:50: note: built-in candidate operator*(float, unsigned int)
/usr/local/lib/python3.12/dist-packages/aiter_meta/3rdparty/composable_kernel/include/ck_tile/ops/flatmm/kernel/moe_flatmm_kernel.hpp:1378:50: note: built-in candidate operator*(float, unsigned long)
/usr/local/lib/python3.12/dist-packages/aiter_meta/3rdparty/composable_kernel/include/ck_tile/ops/flatmm/kernel/moe_flatmm_kernel.hpp:1378:50: note: built-in candidate operator*(float, unsigned long long)
/usr/local/lib/python3.12/dist-packages/aiter_meta/3rdparty/composable_kernel/include/ck_tile/ops/flatmm/kernel/moe_flatmm_kernel.hpp:1378:50: note: built-in candidate operator*(float, unsigned __int128)
/usr/local/lib/python3.12/dist-packages/aiter_meta/3rdparty/composable_kernel/include/ck_tile/ops/flatmm/kernel/moe_flatmm_kernel.hpp:1378:50: note: built-in candidate operator*(float, double)
/usr/local/lib/python3.12/dist-packages/aiter_meta/3rdparty/composable_kernel/include/ck_tile/ops/flatmm/kernel/moe_flatmm_kernel.hpp:1378:50: note: built-in candidate operator*(float, int)
/usr/local/lib/python3.12/dist-packages/aiter_meta/3rdparty/composable_kernel/include/ck_tile/ops/flatmm/kernel/moe_flatmm_kernel.hpp:1378:50: note: built-in candidate operator*(double, float)
/usr/local/lib/python3.12/dist-packages/aiter_meta/3rdparty/composable_kernel/include/ck_tile/ops/flatmm/kernel/moe_flatmm_kernel.hpp:1378:50: note: built-in candidate operator*(double, long double)
/usr/local/lib/python3.12/dist-packages/aiter_meta/3rdparty/composable_kernel/include/ck_tile/ops/flatmm/kernel/moe_flatmm_kernel.hpp:1378:50: note: built-in candidate operator*(double, __float128)
/usr/local/lib/python3.12/dist-packages/aiter_meta/3rdparty/composable_kernel/include/ck_tile/ops/flatmm/kernel/moe_flatmm_kernel.hpp:1378:50: note: built-in candidate operator*(double, long)
/usr/local/lib/python3.12/dist-packages/aiter_meta/3rdparty/composable_kernel/include/ck_tile/ops/flatmm/kernel/moe_flatmm_kernel.hpp:1378:50: note: built-in candidate operator*(double, long long)
/usr/local/lib/python3.12/dist-packages/aiter_meta/3rdparty/composable_kernel/include/ck_tile/ops/flatmm/kernel/moe_flatmm_kernel.hpp:1378:50: note: built-in candidate operator*(double, __int128)
/usr/local/lib/python3.12/dist-packages/aiter_meta/3rdparty/composable_kernel/include/ck_tile/ops/flatmm/kernel/moe_flatmm_kernel.hpp:1378:50: note: built-in candidate operator*(double, unsigned int)
/usr/local/lib/python3.12/dist-packages/aiter_meta/3rdparty/composable_kernel/include/ck_tile/ops/flatmm/kernel/moe_flatmm_kernel.hpp:1378:50: note: built-in candidate operator*(double, unsigned long)
/usr/local/lib/python3.12/dist-packages/aiter_meta/3rdparty/composable_kernel/include/ck_tile/ops/flatmm/kernel/moe_flatmm_kernel.hpp:1378:50: note: built-in candidate operator*(double, unsigned long long)
/usr/local/lib/python3.12/dist-packages/aiter_meta/3rdparty/composable_kernel/include/ck_tile/ops/flatmm/kernel/moe_flatmm_kernel.hpp:1378:50: note: built-in candidate operator*(double, unsigned __int128)
/usr/local/lib/python3.12/dist-packages/aiter_meta/3rdparty/composable_kernel/include/ck_tile/ops/flatmm/kernel/moe_flatmm_kernel.hpp:1378:50: note: built-in candidate operator*(double, double)
/usr/local/lib/python3.12/dist-packages/aiter_meta/3rdparty/composable_kernel/include/ck_tile/ops/flatmm/kernel/moe_flatmm_kernel.hpp:1378:50: note: built-in candidate operator*(double, int)
/usr/local/lib/python3.12/dist-packages/aiter_meta/3rdparty/composable_kernel/include/ck_tile/ops/flatmm/kernel/moe_flatmm_kernel.hpp:1378:50: note: built-in candidate operator*(long double, float)
/usr/local/lib/python3.12/dist-packages/aiter_meta/3rdparty/composable_kernel/include/ck_tile/ops/flatmm/kernel/moe_flatmm_kernel.hpp:1378:50: note: built-in candidate operator*(long double, long double)
/usr/local/lib/python3.12/dist-packages/aiter_meta/3rdparty/composable_kernel/include/ck_tile/ops/flatmm/kernel/moe_flatmm_kernel.hpp:1378:50: note: built-in candidate operator*(long double, __float128)
/usr/local/lib/python3.12/dist-packages/aiter_meta/3rdparty/composable_kernel/include/ck_tile/ops/flatmm/kernel/moe_flatmm_kernel.hpp:1378:50: note: built-in candidate operator*(long double, long)
/usr/local/lib/python3.12/dist-packages/aiter_meta/3rdparty/composable_kernel/include/ck_tile/ops/flatmm/kernel/moe_flatmm_kernel.hpp:1378:50: note: built-in candidate operator*(long double, long long)
/usr/local/lib/python3.12/dist-packages/aiter_meta/3rdparty/composable_kernel/include/ck_tile/ops/flatmm/kernel/moe_flatmm_kernel.hpp:1378:50: note: built-in candidate operator*(long double, __int128)
/usr/local/lib/python3.12/dist-packages/aiter_meta/3rdparty/composable_kernel/include/ck_tile/ops/flatmm/kernel/moe_flatmm_kernel.hpp:1378:50: note: built-in candidate operator*(long double, unsigned int)
/usr/local/lib/python3.12/dist-packages/aiter_meta/3rdparty/composable_kernel/include/ck_tile/ops/flatmm/kernel/moe_flatmm_kernel.hpp:1378:50: note: built-in candidate operator*(long double, unsigned long)
/usr/local/lib/python3.12/dist-packages/aiter_meta/3rdparty/composable_kernel/include/ck_tile/ops/flatmm/kernel/moe_flatmm_kernel.hpp:1378:50: note: built-in candidate operator*(long double, unsigned long long)
/usr/local/lib/python3.12/dist-packages/aiter_meta/3rdparty/composable_kernel/include/ck_tile/ops/flatmm/kernel/moe_flatmm_kernel.hpp:1378:50: note: built-in candidate operator*(long double, unsigned __int128)
/usr/local/lib/python3.12/dist-packages/aiter_meta/3rdparty/composable_kernel/include/ck_tile/ops/flatmm/kernel/moe_flatmm_kernel.hpp:1378:50: note: built-in candidate operator*(__float128, float)
/usr/local/lib/python3.12/dist-packages/aiter_meta/3rdparty/composable_kernel/include/ck_tile/ops/flatmm/kernel/moe_flatmm_kernel.hpp:1378:50: note: built-in candidate operator*(__float128, long double)
/usr/local/lib/python3.12/dist-packages/aiter_meta/3rdparty/composable_kernel/include/ck_tile/ops/flatmm/kernel/moe_flatmm_kernel.hpp:1378:50: note: built-in candidate operator*(__float128, __float128)
/usr/local/lib/python3.12/dist-packages/aiter_meta/3rdparty/composable_kernel/include/ck_tile/ops/flatmm/kernel/moe_flatmm_kernel.hpp:1378:50: note: built-in candidate operator*(__float128, long)
/usr/local/lib/python3.12/dist-packages/aiter_meta/3rdparty/composable_kernel/include/ck_tile/ops/flatmm/kernel/moe_flatmm_kernel.hpp:1378:50: note: built-in candidate operator*(__float128, long long)
/usr/local/lib/python3.12/dist-packages/aiter_meta/3rdparty/composable_kernel/include/ck_tile/ops/flatmm/kernel/moe_flatmm_kernel.hpp:1378:50: note: built-in candidate operator*(__float128, __int128)
/usr/local/lib/python3.12/dist-packages/aiter_meta/3rdparty/composable_kernel/include/ck_tile/ops/flatmm/kernel/moe_flatmm_kernel.hpp:1378:50: note: built-in candidate operator*(__float128, unsigned int)
/usr/local/lib/python3.12/dist-packages/aiter_meta/3rdparty/composable_kernel/include/ck_tile/ops/flatmm/kernel/moe_flatmm_kernel.hpp:1378:50: note: built-in candidate operator*(__float128, unsigned long)
/usr/local/lib/python3.12/dist-packages/aiter_meta/3rdparty/composable_kernel/include/ck_tile/ops/flatmm/kernel/moe_flatmm_kernel.hpp:1378:50: note: built-in candidate operator*(__float128, unsigned long long)
/usr/local/lib/python3.12/dist-packages/aiter_meta/3rdparty/composable_kernel/include/ck_tile/ops/flatmm/kernel/moe_flatmm_kernel.hpp:1378:50: note: built-in candidate operator*(__float128, unsigned __int128)
/usr/local/lib/python3.12/dist-packages/aiter_meta/3rdparty/composable_kernel/include/ck_tile/ops/flatmm/kernel/moe_flatmm_kernel.hpp:1378:50: note: built-in candidate operator*(int, float)
/usr/local/lib/python3.12/dist-packages/aiter_meta/3rdparty/composable_kernel/include/ck_tile/ops/flatmm/kernel/moe_flatmm_kernel.hpp:1378:50: note: built-in candidate operator*(int, long double)
/usr/local/lib/python3.12/dist-packages/aiter_meta/3rdparty/composable_kernel/include/ck_tile/ops/flatmm/kernel/moe_flatmm_kernel.hpp:1378:50: note: built-in candidate operator*(int, __float128)
/usr/local/lib/python3.12/dist-packages/aiter_meta/3rdparty/composable_kernel/include/ck_tile/ops/flatmm/kernel/moe_flatmm_kernel.hpp:1378:50: note: built-in candidate operator*(int, long)
/usr/local/lib/python3.12/dist-packages/aiter_meta/3rdparty/composable_kernel/include/ck_tile/ops/flatmm/kernel/moe_flatmm_kernel.hpp:1378:50: note: built-in candidate operator*(int, long long)
/usr/local/lib/python3.12/dist-packages/aiter_meta/3rdparty/composable_kernel/include/ck_tile/ops/flatmm/kernel/moe_flatmm_kernel.hpp:1378:50: note: built-in candidate operator*(int, __int128)
/usr/local/lib/python3.12/dist-packages/aiter_meta/3rdparty/composable_kernel/include/ck_tile/ops/flatmm/kernel/moe_flatmm_kernel.hpp:1378:50: note: built-in candidate operator*(int, unsigned int)
/usr/local/lib/python3.12/dist-packages/aiter_meta/3rdparty/composable_kernel/include/ck_tile/ops/flatmm/kernel/moe_flatmm_kernel.hpp:1378:50: note: built-in candidate operator*(int, unsigned long)
/usr/local/lib/python3.12/dist-packages/aiter_meta/3rdparty/composable_kernel/include/ck_tile/ops/flatmm/kernel/moe_flatmm_kernel.hpp:1378:50: note: built-in candidate operator*(int, unsigned long long)
/usr/local/lib/python3.12/dist-packages/aiter_meta/3rdparty/composable_kernel/include/ck_tile/ops/flatmm/kernel/moe_flatmm_kernel.hpp:1378:50: note: built-in candidate operator*(int, unsigned __int128)
/usr/local/lib/python3.12/dist-packages/aiter_meta/3rdparty/composable_kernel/include/ck_tile/ops/flatmm/kernel/moe_flatmm_kernel.hpp:1378:50: note: built-in candidate operator*(long, float)
/usr/local/lib/python3.12/dist-packages/aiter_meta/3rdparty/composable_kernel/include/ck_tile/ops/flatmm/kernel/moe_flatmm_kernel.hpp:1378:50: note: built-in candidate operator*(long, long double)
/usr/local/lib/python3.12/dist-packages/aiter_meta/3rdparty/composable_kernel/include/ck_tile/ops/flatmm/kernel/moe_flatmm_kernel.hpp:1378:50: note: built-in candidate operator*(long, __float128)
/usr/local/lib/python3.12/dist-packages/aiter_meta/3rdparty/composable_kernel/include/ck_tile/ops/flatmm/kernel/moe_flatmm_kernel.hpp:1378:50: note: built-in candidate operator*(long, long)
/usr/local/lib/python3.12/dist-packages/aiter_meta/3rdparty/composable_kernel/include/ck_tile/ops/flatmm/kernel/moe_flatmm_kernel.hpp:1378:50: note: built-in candidate operator*(long, long long)
/usr/local/lib/python3.12/dist-packages/aiter_meta/3rdparty/composable_kernel/include/ck_tile/ops/flatmm/kernel/moe_flatmm_kernel.hpp:1378:50: note: built-in candidate operator*(long, __int128)
/usr/local/lib/python3.12/dist-packages/aiter_meta/3rdparty/composable_kernel/include/ck_tile/ops/flatmm/kernel/moe_flatmm_kernel.hpp:1378:50: note: built-in candidate operator*(long, unsigned int)
/usr/local/lib/python3.12/dist-packages/aiter_meta/3rdparty/composable_kernel/include/ck_tile/ops/flatmm/kernel/moe_flatmm_kernel.hpp:1378:50: note: built-in candidate operator*(long, unsigned long)
/usr/local/lib/python3.12/dist-packages/aiter_meta/3rdparty/composable_kernel/include/ck_tile/ops/flatmm/kernel/moe_flatmm_kernel.hpp:1378:50: note: built-in candidate operator*(long, unsigned long long)
/usr/local/lib/python3.12/dist-packages/aiter_meta/3rdparty/composable_kernel/include/ck_tile/ops/flatmm/kernel/moe_flatmm_kernel.hpp:1378:50: note: built-in candidate operator*(long, unsigned __int128)
/usr/local/lib/python3.12/dist-packages/aiter_meta/3rdparty/composable_kernel/include/ck_tile/ops/flatmm/kernel/moe_flatmm_kernel.hpp:1378:50: note: built-in candidate operator*(long long, float)
/usr/local/lib/python3.12/dist-packages/aiter_meta/3rdparty/composable_kernel/include/ck_tile/ops/flatmm/kernel/moe_flatmm_kernel.hpp:1378:50: note: built-in candidate operator*(long long, long double)
/usr/local/lib/python3.12/dist-packages/aiter_meta/3rdparty/composable_kernel/include/ck_tile/ops/flatmm/kernel/moe_flatmm_kernel.hpp:1378:50: note: built-in candidate operator*(long long, __float128)
/usr/local/lib/python3.12/dist-packages/aiter_meta/3rdparty/composable_kernel/include/ck_tile/ops/flatmm/kernel/moe_flatmm_kernel.hpp:1378:50: note: built-in candidate operator*(long long, long)
/usr/local/lib/python3.12/dist-packages/aiter_meta/3rdparty/composable_kernel/include/ck_tile/ops/flatmm/kernel/moe_flatmm_kernel.hpp:1378:50: note: built-in candidate operator*(long long, long long)
/usr/local/lib/python3.12/dist-packages/aiter_meta/3rdparty/composable_kernel/include/ck_tile/ops/flatmm/kernel/moe_flatmm_kernel.hpp:1378:50: note: built-in candidate operator*(long long, __int128)
/usr/local/lib/python3.12/dist-packages/aiter_meta/3rdparty/composable_kernel/include/ck_tile/ops/flatmm/kernel/moe_flatmm_kernel.hpp:1378:50: note: built-in candidate operator*(long long, unsigned int)
/usr/local/lib/python3.12/dist-packages/aiter_meta/3rdparty/composable_kernel/include/ck_tile/ops/flatmm/kernel/moe_flatmm_kernel.hpp:1378:50: note: built-in candidate operator*(long long, unsigned long)
/usr/local/lib/python3.12/dist-packages/aiter_meta/3rdparty/composable_kernel/include/ck_tile/ops/flatmm/kernel/moe_flatmm_kernel.hpp:1378:50: note: built-in candidate operator*(long long, unsigned long long)
/usr/local/lib/python3.12/dist-packages/aiter_meta/3rdparty/composable_kernel/include/ck_tile/ops/flatmm/kernel/moe_flatmm_kernel.hpp:1378:50: note: built-in candidate operator*(long long, unsigned __int128)
/usr/local/lib/python3.12/dist-packages/aiter_meta/3rdparty/composable_kernel/include/ck_tile/ops/flatmm/kernel/moe_flatmm_kernel.hpp:1378:50: note: built-in candidate operator*(__int128, float)
/usr/local/lib/python3.12/dist-packages/aiter_meta/3rdparty/composable_kernel/include/ck_tile/ops/flatmm/kernel/moe_flatmm_kernel.hpp:1378:50: note: built-in candidate operator*(__int128, long double)
/usr/local/lib/python3.12/dist-packages/aiter_meta/3rdparty/composable_kernel/include/ck_tile/ops/flatmm/kernel/moe_flatmm_kernel.hpp:1378:50: note: built-in candidate operator*(__int128, __float128)
/usr/local/lib/python3.12/dist-packages/aiter_meta/3rdparty/composable_kernel/include/ck_tile/ops/flatmm/kernel/moe_flatmm_kernel.hpp:1378:50: note: built-in candidate operator*(__int128, long)
/usr/local/lib/python3.12/dist-packages/aiter_meta/3rdparty/composable_kernel/include/ck_tile/ops/flatmm/kernel/moe_flatmm_kernel.hpp:1378:50: note: built-in candidate operator*(__int128, long long)
/usr/local/lib/python3.12/dist-packages/aiter_meta/3rdparty/composable_kernel/include/ck_tile/ops/flatmm/kernel/moe_flatmm_kernel.hpp:1378:50: note: built-in candidate operator*(__int128, __int128)
/usr/local/lib/python3.12/dist-packages/aiter_meta/3rdparty/composable_kernel/include/ck_tile/ops/flatmm/kernel/moe_flatmm_kernel.hpp:1378:50: note: built-in candidate operator*(__int128, unsigned int)
/usr/local/lib/python3.12/dist-packages/aiter_meta/3rdparty/composable_kernel/include/ck_tile/ops/flatmm/kernel/moe_flatmm_kernel.hpp:1378:50: note: built-in candidate operator*(__int128, unsigned long)
/usr/local/lib/python3.12/dist-packages/aiter_meta/3rdparty/composable_kernel/include/ck_tile/ops/flatmm/kernel/moe_flatmm_kernel.hpp:1378:50: note: built-in candidate operator*(__int128, unsigned long long)
/usr/local/lib/python3.12/dist-packages/aiter_meta/3rdparty/composable_kernel/include/ck_tile/ops/flatmm/kernel/moe_flatmm_kernel.hpp:1378:50: note: built-in candidate operator*(__int128, unsigned __int128)
/usr/local/lib/python3.12/dist-packages/aiter_meta/3rdparty/composable_kernel/include/ck_tile/ops/flatmm/kernel/moe_flatmm_kernel.hpp:1378:50: note: built-in candidate operator*(unsigned int, float)
/usr/local/lib/python3.12/dist-packages/aiter_meta/3rdparty/composable_kernel/include/ck_tile/ops/flatmm/kernel/moe_flatmm_kernel.hpp:1378:50: note: built-in candidate operator*(unsigned int, long double)
/usr/local/lib/python3.12/dist-packages/aiter_meta/3rdparty/composable_kernel/include/ck_tile/ops/flatmm/kernel/moe_flatmm_kernel.hpp:1378:50: note: built-in candidate operator*(unsigned int, __float128)
/usr/local/lib/python3.12/dist-packages/aiter_meta/3rdparty/composable_kernel/include/ck_tile/ops/flatmm/kernel/moe_flatmm_kernel.hpp:1378:50: note: built-in candidate operator*(unsigned int, long)
/usr/local/lib/python3.12/dist-packages/aiter_meta/3rdparty/composable_kernel/include/ck_tile/ops/flatmm/kernel/moe_flatmm_kernel.hpp:1378:50: note: built-in candidate operator*(unsigned int, long long)
/usr/local/lib/python3.12/dist-packages/aiter_meta/3rdparty/composable_kernel/include/ck_tile/ops/flatmm/kernel/moe_flatmm_kernel.hpp:1378:50: note: built-in candidate operator*(unsigned int, __int128)
/usr/local/lib/python3.12/dist-packages/aiter_meta/3rdparty/composable_kernel/include/ck_tile/ops/flatmm/kernel/moe_flatmm_kernel.hpp:1378:50: note: built-in candidate operator*(unsigned int, unsigned int)
/usr/local/lib/python3.12/dist-packages/aiter_meta/3rdparty/composable_kernel/include/ck_tile/ops/flatmm/kernel/moe_flatmm_kernel.hpp:1378:50: note: built-in candidate operator*(unsigned int, unsigned long)
/usr/local/lib/python3.12/dist-packages/aiter_meta/3rdparty/composable_kernel/include/ck_tile/ops/flatmm/kernel/moe_flatmm_kernel.hpp:1378:50: note: built-in candidate operator*(unsigned int, unsigned long long)
/usr/local/lib/python3.12/dist-packages/aiter_meta/3rdparty/composable_kernel/include/ck_tile/ops/flatmm/kernel/moe_flatmm_kernel.hpp:1378:50: note: built-in candidate operator*(unsigned int, unsigned __int128)
/usr/local/lib/python3.12/dist-packages/aiter_meta/3rdparty/composable_kernel/include/ck_tile/ops/flatmm/kernel/moe_flatmm_kernel.hpp:1378:50: note: built-in candidate operator*(unsigned long, float)
/usr/local/lib/python3.12/dist-packages/aiter_meta/3rdparty/composable_kernel/include/ck_tile/ops/flatmm/kernel/moe_flatmm_kernel.hpp:1378:50: note: built-in candidate operator*(unsigned long, long double)
/usr/local/lib/python3.12/dist-packages/aiter_meta/3rdparty/composable_kernel/include/ck_tile/ops/flatmm/kernel/moe_flatmm_kernel.hpp:1378:50: note: built-in candidate operator*(unsigned long, __float128)
/usr/local/lib/python3.12/dist-packages/aiter_meta/3rdparty/composable_kernel/include/ck_tile/ops/flatmm/kernel/moe_flatmm_kernel.hpp:1378:50: note: built-in candidate operator*(unsigned long, long)
/usr/local/lib/python3.12/dist-packages/aiter_meta/3rdparty/composable_kernel/include/ck_tile/ops/flatmm/kernel/moe_flatmm_kernel.hpp:1378:50: note: built-in candidate operator*(unsigned long, long long)
/usr/local/lib/python3.12/dist-packages/aiter_meta/3rdparty/composable_kernel/include/ck_tile/ops/flatmm/kernel/moe_flatmm_kernel.hpp:1378:50: note: built-in candidate operator*(unsigned long, __int128)
/usr/local/lib/python3.12/dist-packages/aiter_meta/3rdparty/composable_kernel/include/ck_tile/ops/flatmm/kernel/moe_flatmm_kernel.hpp:1378:50: note: built-in candidate operator*(unsigned long, unsigned int)
/usr/local/lib/python3.12/dist-packages/aiter_meta/3rdparty/composable_kernel/include/ck_tile/ops/flatmm/kernel/moe_flatmm_kernel.hpp:1378:50: note: built-in candidate operator*(unsigned long, unsigned long)
/usr/local/lib/python3.12/dist-packages/aiter_meta/3rdparty/composable_kernel/include/ck_tile/ops/flatmm/kernel/moe_flatmm_kernel.hpp:1378:50: note: built-in candidate operator*(unsigned long, unsigned long long)
/usr/local/lib/python3.12/dist-packages/aiter_meta/3rdparty/composable_kernel/include/ck_tile/ops/flatmm/kernel/moe_flatmm_kernel.hpp:1378:50: note: built-in candidate operator*(unsigned long, unsigned __int128)
/usr/local/lib/python3.12/dist-packages/aiter_meta/3rdparty/composable_kernel/include/ck_tile/ops/flatmm/kernel/moe_flatmm_kernel.hpp:1378:50: note: built-in candidate operator*(unsigned long long, float)
/usr/local/lib/python3.12/dist-packages/aiter_meta/3rdparty/composable_kernel/include/ck_tile/ops/flatmm/kernel/moe_flatmm_kernel.hpp:1378:50: note: built-in candidate operator*(unsigned long long, long double)
/usr/local/lib/python3.12/dist-packages/aiter_meta/3rdparty/composable_kernel/include/ck_tile/ops/flatmm/kernel/moe_flatmm_kernel.hpp:1378:50: note: built-in candidate operator*(unsigned long long, __float128)
/usr/local/lib/python3.12/dist-packages/aiter_meta/3rdparty/composable_kernel/include/ck_tile/ops/flatmm/kernel/moe_flatmm_kernel.hpp:1378:50: note: built-in candidate operator*(unsigned long long, long)
/usr/local/lib/python3.12/dist-packages/aiter_meta/3rdparty/composable_kernel/include/ck_tile/ops/flatmm/kernel/moe_flatmm_kernel.hpp:1378:50: note: built-in candidate operator*(unsigned long long, long long)
/usr/local/lib/python3.12/dist-packages/aiter_meta/3rdparty/composable_kernel/include/ck_tile/ops/flatmm/kernel/moe_flatmm_kernel.hpp:1378:50: note: built-in candidate operator*(unsigned long long, __int128)
/usr/local/lib/python3.12/dist-packages/aiter_meta/3rdparty/composable_kernel/include/ck_tile/ops/flatmm/kernel/moe_flatmm_kernel.hpp:1378:50: note: built-in candidate operator*(unsigned long long, unsigned int)
/usr/local/lib/python3.12/dist-packages/aiter_meta/3rdparty/composable_kernel/include/ck_tile/ops/flatmm/kernel/moe_flatmm_kernel.hpp:1378:50: note: built-in candidate operator*(unsigned long long, unsigned long)
/usr/local/lib/python3.12/dist-packages/aiter_meta/3rdparty/composable_kernel/include/ck_tile/ops/flatmm/kernel/moe_flatmm_kernel.hpp:1378:50: note: built-in candidate operator*(unsigned long long, unsigned long long)
/usr/local/lib/python3.12/dist-packages/aiter_meta/3rdparty/composable_kernel/include/ck_tile/ops/flatmm/kernel/moe_flatmm_kernel.hpp:1378:50: note: built-in candidate operator*(unsigned long long, unsigned __int128)
/usr/local/lib/python3.12/dist-packages/aiter_meta/3rdparty/composable_kernel/include/ck_tile/ops/flatmm/kernel/moe_flatmm_kernel.hpp:1378:50: note: built-in candidate operator*(unsigned __int128, float)
/usr/local/lib/python3.12/dist-packages/aiter_meta/3rdparty/composable_kernel/include/ck_tile/ops/flatmm/kernel/moe_flatmm_kernel.hpp:1378:50: note: built-in candidate operator*(unsigned __int128, long double)
/usr/local/lib/python3.12/dist-packages/aiter_meta/3rdparty/composable_kernel/include/ck_tile/ops/flatmm/kernel/moe_flatmm_kernel.hpp:1378:50: note: built-in candidate operator*(unsigned __int128, __float128)
/usr/local/lib/python3.12/dist-packages/aiter_meta/3rdparty/composable_kernel/include/ck_tile/ops/flatmm/kernel/moe_flatmm_kernel.hpp:1378:50: note: built-in candidate operator*(unsigned __int128, long)
/usr/local/lib/python3.12/dist-packages/aiter_meta/3rdparty/composable_kernel/include/ck_tile/ops/flatmm/kernel/moe_flatmm_kernel.hpp:1378:50: note: built-in candidate operator*(unsigned __int128, long long)
/usr/local/lib/python3.12/dist-packages/aiter_meta/3rdparty/composable_kernel/include/ck_tile/ops/flatmm/kernel/moe_flatmm_kernel.hpp:1378:50: note: built-in candidate operator*(unsigned __int128, __int128)
/usr/local/lib/python3.12/dist-packages/aiter_meta/3rdparty/composable_kernel/include/ck_tile/ops/flatmm/kernel/moe_flatmm_kernel.hpp:1378:50: note: built-in candidate operator*(unsigned __int128, unsigned int)
/usr/local/lib/python3.12/dist-packages/aiter_meta/3rdparty/composable_kernel/include/ck_tile/ops/flatmm/kernel/moe_flatmm_kernel.hpp:1378:50: note: built-in candidate operator*(unsigned __int128, unsigned long)
/usr/local/lib/python3.12/dist-packages/aiter_meta/3rdparty/composable_kernel/include/ck_tile/ops/flatmm/kernel/moe_flatmm_kernel.hpp:1378:50: note: built-in candidate operator*(unsigned __int128, unsigned long long)
/usr/local/lib/python3.12/dist-packages/aiter_meta/3rdparty/composable_kernel/include/ck_tile/ops/flatmm/kernel/moe_flatmm_kernel.hpp:1378:50: note: built-in candidate operator*(unsigned __int128, unsigned __int128)
/usr/local/lib/python3.12/dist-packages/aiter_meta/3rdparty/composable_kernel/include/ck_tile/ops/flatmm/kernel/moe_flatmm_kernel.hpp:1378:50: note: built-in candidate operator*(long double, double)
/usr/local/lib/python3.12/dist-packages/aiter_meta/3rdparty/composable_kernel/include/ck_tile/ops/flatmm/kernel/moe_flatmm_kernel.hpp:1378:50: note: built-in candidate operator*(long double, int)
/usr/local/lib/python3.12/dist-packages/aiter_meta/3rdparty/composable_kernel/include/ck_tile/ops/flatmm/kernel/moe_flatmm_kernel.hpp:1378:50: note: built-in candidate operator*(__float128, double)
/usr/local/lib/python3.12/dist-packages/aiter_meta/3rdparty/composable_kernel/include/ck_tile/ops/flatmm/kernel/moe_flatmm_kernel.hpp:1378:50: note: built-in candidate operator*(__float128, int)
/usr/local/lib/python3.12/dist-packages/aiter_meta/3rdparty/composable_kernel/include/ck_tile/ops/flatmm/kernel/moe_flatmm_kernel.hpp:1378:50: note: built-in candidate operator*(int, double)
/usr/local/lib/python3.12/dist-packages/aiter_meta/3rdparty/composable_kernel/include/ck_tile/ops/flatmm/kernel/moe_flatmm_kernel.hpp:1378:50: note: built-in candidate operator*(int, int)
/usr/local/lib/python3.12/dist-packages/aiter_meta/3rdparty/composable_kernel/include/ck_tile/ops/flatmm/kernel/moe_flatmm_kernel.hpp:1378:50: note: built-in candidate operator*(long, double)
/usr/local/lib/python3.12/dist-packages/aiter_meta/3rdparty/composable_kernel/include/ck_tile/ops/flatmm/kernel/moe_flatmm_kernel.hpp:1378:50: note: built-in candidate operator*(long, int)
/usr/local/lib/python3.12/dist-packages/aiter_meta/3rdparty/composable_kernel/include/ck_tile/ops/flatmm/kernel/moe_flatmm_kernel.hpp:1378:50: note: built-in candidate operator*(long long, double)
/usr/local/lib/python3.12/dist-packages/aiter_meta/3rdparty/composable_kernel/include/ck_tile/ops/flatmm/kernel/moe_flatmm_kernel.hpp:1378:50: note: built-in candidate operator*(long long, int)
/usr/local/lib/python3.12/dist-packages/aiter_meta/3rdparty/composable_kernel/include/ck_tile/ops/flatmm/kernel/moe_flatmm_kernel.hpp:1378:50: note: built-in candidate operator*(__int128, double)
/usr/local/lib/python3.12/dist-packages/aiter_meta/3rdparty/composable_kernel/include/ck_tile/ops/flatmm/kernel/moe_flatmm_kernel.hpp:1378:50: note: built-in candidate operator*(__int128, int)
/usr/local/lib/python3.12/dist-packages/aiter_meta/3rdparty/composable_kernel/include/ck_tile/ops/flatmm/kernel/moe_flatmm_kernel.hpp:1378:50: note: built-in candidate operator*(unsigned int, double)
/usr/local/lib/python3.12/dist-packages/aiter_meta/3rdparty/composable_kernel/include/ck_tile/ops/flatmm/kernel/moe_flatmm_kernel.hpp:1378:50: note: built-in candidate operator*(unsigned int, int)
/usr/local/lib/python3.12/dist-packages/aiter_meta/3rdparty/composable_kernel/include/ck_tile/ops/flatmm/kernel/moe_flatmm_kernel.hpp:1378:50: note: built-in candidate operator*(unsigned long, double)
/usr/local/lib/python3.12/dist-packages/aiter_meta/3rdparty/composable_kernel/include/ck_tile/ops/flatmm/kernel/moe_flatmm_kernel.hpp:1378:50: note: built-in candidate operator*(unsigned long, int)
/usr/local/lib/python3.12/dist-packages/aiter_meta/3rdparty/composable_kernel/include/ck_tile/ops/flatmm/kernel/moe_flatmm_kernel.hpp:1378:50: note: built-in candidate operator*(unsigned long long, double)
/usr/local/lib/python3.12/dist-packages/aiter_meta/3rdparty/composable_kernel/include/ck_tile/ops/flatmm/kernel/moe_flatmm_kernel.hpp:1378:50: note: built-in candidate operator*(unsigned long long, int)
/usr/local/lib/python3.12/dist-packages/aiter_meta/3rdparty/composable_kernel/include/ck_tile/ops/flatmm/kernel/moe_flatmm_kernel.hpp:1378:50: note: built-in candidate operator*(unsigned __int128, double)
/usr/local/lib/python3.12/dist-packages/aiter_meta/3rdparty/composable_kernel/include/ck_tile/ops/flatmm/kernel/moe_flatmm_kernel.hpp:1378:50: note: built-in candidate operator*(unsigned __int128, int)
/usr/local/lib/python3.12/dist-packages/aiter_meta/3rdparty/composable_kernel/include/ck_tile/ops/flatmm/kernel/moe_flatmm_kernel.hpp:1376:50: error: use of overloaded operator '*' is ambiguous (with operand types 'value_type' (aka 'float') and 'value_type' (aka 'ck_tile::e8m0_bexp_t'))
 1376 |                                 epi_scale_m[idx] * epi_scale_n[idx];
      |                                 ~~~~~~~~~~~~~~~~ ^ ~~~~~~~~~~~~~~~~
/usr/local/lib/python3.12/dist-packages/aiter_meta/3rdparty/composable_kernel/include/ck_tile/core/utility/functional.hpp:74:10: note: in instantiation of function template specialization 'ck_tile::MoeFlatmmKernel<ck_tile::GemmSpatiallyLocalTilePartitioner<ck_tile::TileGemmShape<ck_tile::sequence<32, 256, 256>, ck_tile::sequence<1, 4, 1>, ck_tile::sequence<16, 16, 32>>, 8, 4>, ck_tile::MoeFlatmmPipelineAGmemBGmemCRegV1<ck_tile::FlatmmPipelineProblem<__bf16, ck_tile::pk_int4_t, float, ck_tile::TileGemmShape<ck_tile::sequence<32, 256, 256>, ck_tile::sequence<1, 4, 1>, ck_tile::sequence<16, 16, 32>>, ck_tile::TileGemmUniversalTraits<false, false, false, false, ck_tile::tensor_layout::gemm::RowMajor, ck_tile::tensor_layout::gemm::ColumnMajor, ck_tile::tensor_layout::gemm::RowMajor, false, false, false, 1, true>, ck_tile::GemmPipelineScheduler::Default, true, ck_tile::TailNumber::Even, ck_tile::amd_buffer_coherence_enum::coherence_default>>, ck_tile::CShuffleEpilogue<ck_tile::CShuffleEpilogueProblem<__bf16, __bf16, ck_tile::tuple<>, float, __bf16, ck_tile::tuple<>, ck_tile::tensor_layout::gemm::RowMajor, ck_tile::element_wise::PassThrough, 32, 256, 1, 4, 16, 16, 32, false, 1, false, 1, 2>>, ck_tile::MoeFlatmmKind::kFFN_gemm1_gate_up>::operator()(ck_tile::MoeFlatmmKernel<ck_tile::GemmSpatiallyLocalTilePartitioner<ck_tile::TileGemmShape<ck_tile::sequence<32, 256, 256>, ck_tile::sequence<1, 4, 1>, ck_tile::sequence<16, 16, 32>>, 8, 4>, ck_tile::MoeFlatmmPipelineAGmemBGmemCRegV1<ck_tile::FlatmmPipelineProblem<__bf16, ck_tile::pk_int4_t, float, ck_tile::TileGemmShape<ck_tile::sequence<32, 256, 256>, ck_tile::sequence<1, 4, 1>, ck_tile::sequence<16, 16, 32>>, ck_tile::TileGemmUniversalTraits<false, false, false, false, ck_tile::tensor_layout::gemm::RowMajor, ck_tile::tensor_layout::gemm::ColumnMajor, ck_tile::tensor_layout::gemm::RowMajor, false, false, false, 1, true>, ck_tile::GemmPipelineScheduler::Default, true, ck_tile::TailNumber::Even, ck_tile::amd_buffer_coherence_enum::coherence_default>>, ck_tile::CShuffleEpilogue<ck_tile::CShuffleEpilogueProblem<__bf16, __bf16, ck_tile::tuple<>, float, __bf16, ck_tile::tuple<>, ck_tile::tensor_layout::gemm::RowMajor, ck_tile::element_wise::PassThrough, 32, 256, 1, 4, 16, 16, 32, false, 1, false, 1, 2>>, ck_tile::MoeFlatmmKind::kFFN_gemm1_gate_up>::MoeFlatmmKernelArgs<ck_tile::FlatmmScalePointer<-1>, ck_tile::FlatmmScalePointer<1, 32, ck_tile::e8m0_bexp_t>, ck_tile::FlatmmScalePointer<1>>, index_t, index_t)::(anonymous class)::operator()(ck_tile::constant<1>, ck_tile::constant<0>, ck_tile::constant<1>)::(anonymous class)::operator()<ck_tile::constant<3>>' requested here
   74 |         (f(number<Is>{}), ...);
      |          ^
/usr/local/lib/python3.12/dist-packages/aiter_meta/3rdparty/composable_kernel/include/ck_tile/ops/flatmm/kernel/moe_flatmm_kernel.hpp:1372:21: note: in instantiation of function template specialization 'ck_tile::detail::applier<int, 0, 1, 2, 3>::operator()<(lambda at /usr/local/lib/python3.12/dist-packages/aiter_meta/3rdparty/composable_kernel/include/ck_tile/ops/flatmm/kernel/moe_flatmm_kernel.hpp:1372:55)>' requested here
 1372 |                     static_for<0, ActVectorSize, 1>{}([&](auto idx) {
      |                     ^
/usr/local/lib/python3.12/dist-packages/aiter_meta/3rdparty/composable_kernel/include/ck_tile/ops/flatmm/kernel/moe_flatmm_kernel.hpp:1466:21: note: in instantiation of function template specialization 'ck_tile::MoeFlatmmKernel<ck_tile::GemmSpatiallyLocalTilePartitioner<ck_tile::TileGemmShape<ck_tile::sequence<32, 256, 256>, ck_tile::sequence<1, 4, 1>, ck_tile::sequence<16, 16, 32>>, 8, 4>, ck_tile::MoeFlatmmPipelineAGmemBGmemCRegV1<ck_tile::FlatmmPipelineProblem<__bf16, ck_tile::pk_int4_t, float, ck_tile::TileGemmShape<ck_tile::sequence<32, 256, 256>, ck_tile::sequence<1, 4, 1>, ck_tile::sequence<16, 16, 32>>, ck_tile::TileGemmUniversalTraits<false, false, false, false, ck_tile::tensor_layout::gemm::RowMajor, ck_tile::tensor_layout::gemm::ColumnMajor, ck_tile::tensor_layout::gemm::RowMajor, false, false, false, 1, true>, ck_tile::GemmPipelineScheduler::Default, true, ck_tile::TailNumber::Even, ck_tile::amd_buffer_coherence_enum::coherence_default>>, ck_tile::CShuffleEpilogue<ck_tile::CShuffleEpilogueProblem<__bf16, __bf16, ck_tile::tuple<>, float, __bf16, ck_tile::tuple<>, ck_tile::tensor_layout::gemm::RowMajor, ck_tile::element_wise::PassThrough, 32, 256, 1, 4, 16, 16, 32, false, 1, false, 1, 2>>, ck_tile::MoeFlatmmKind::kFFN_gemm1_gate_up>::operator()(ck_tile::MoeFlatmmKernel<ck_tile::GemmSpatiallyLocalTilePartitioner<ck_tile::TileGemmShape<ck_tile::sequence<32, 256, 256>, ck_tile::sequence<1, 4, 1>, ck_tile::sequence<16, 16, 32>>, 8, 4>, ck_tile::MoeFlatmmPipelineAGmemBGmemCRegV1<ck_tile::FlatmmPipelineProblem<__bf16, ck_tile::pk_int4_t, float, ck_tile::TileGemmShape<ck_tile::sequence<32, 256, 256>, ck_tile::sequence<1, 4, 1>, ck_tile::sequence<16, 16, 32>>, ck_tile::TileGemmUniversalTraits<false, false, false, false, ck_tile::tensor_layout::gemm::RowMajor, ck_tile::tensor_layout::gemm::ColumnMajor, ck_tile::tensor_layout::gemm::RowMajor, false, false, false, 1, true>, ck_tile::GemmPipelineScheduler::Default, true, ck_tile::TailNumber::Even, ck_tile::amd_buffer_coherence_enum::coherence_default>>, ck_tile::CShuffleEpilogue<ck_tile::CShuffleEpilogueProblem<__bf16, __bf16, ck_tile::tuple<>, float, __bf16, ck_tile::tuple<>, ck_tile::tensor_layout::gemm::RowMajor, ck_tile::element_wise::PassThrough, 32, 256, 1, 4, 16, 16, 32, false, 1, false, 1, 2>>, ck_tile::MoeFlatmmKind::kFFN_gemm1_gate_up>::MoeFlatmmKernelArgs<ck_tile::FlatmmScalePointer<-1>, ck_tile::FlatmmScalePointer<1, 32, ck_tile::e8m0_bexp_t>, ck_tile::FlatmmScalePointer<1>>, index_t, index_t)::(anonymous class)::operator()<ck_tile::constant<1>, ck_tile::constant<0>, ck_tile::constant<1>>' requested here
 1466 |                     process_epi_tile(number<write_stage>{}, mIter_next, nIter_next);
      |                     ^
/usr/local/lib/python3.12/dist-packages/aiter_meta/3rdparty/composable_kernel/include/ck_tile/core/utility/functional.hpp:74:10: note: in instantiation of function template specialization 'ck_tile::MoeFlatmmKernel<ck_tile::GemmSpatiallyLocalTilePartitioner<ck_tile::TileGemmShape<ck_tile::sequence<32, 256, 256>, ck_tile::sequence<1, 4, 1>, ck_tile::sequence<16, 16, 32>>, 8, 4>, ck_tile::MoeFlatmmPipelineAGmemBGmemCRegV1<ck_tile::FlatmmPipelineProblem<__bf16, ck_tile::pk_int4_t, float, ck_tile::TileGemmShape<ck_tile::sequence<32, 256, 256>, ck_tile::sequence<1, 4, 1>, ck_tile::sequence<16, 16, 32>>, ck_tile::TileGemmUniversalTraits<false, false, false, false, ck_tile::tensor_layout::gemm::RowMajor, ck_tile::tensor_layout::gemm::ColumnMajor, ck_tile::tensor_layout::gemm::RowMajor, false, false, false, 1, true>, ck_tile::GemmPipelineScheduler::Default, true, ck_tile::TailNumber::Even, ck_tile::amd_buffer_coherence_enum::coherence_default>>, ck_tile::CShuffleEpilogue<ck_tile::CShuffleEpilogueProblem<__bf16, __bf16, ck_tile::tuple<>, float, __bf16, ck_tile::tuple<>, ck_tile::tensor_layout::gemm::RowMajor, ck_tile::element_wise::PassThrough, 32, 256, 1, 4, 16, 16, 32, false, 1, false, 1, 2>>, ck_tile::MoeFlatmmKind::kFFN_gemm1_gate_up>::operator()(ck_tile::MoeFlatmmKernel<ck_tile::GemmSpatiallyLocalTilePartitioner<ck_tile::TileGemmShape<ck_tile::sequence<32, 256, 256>, ck_tile::sequence<1, 4, 1>, ck_tile::sequence<16, 16, 32>>, 8, 4>, ck_tile::MoeFlatmmPipelineAGmemBGmemCRegV1<ck_tile::FlatmmPipelineProblem<__bf16, ck_tile::pk_int4_t, float, ck_tile::TileGemmShape<ck_tile::sequence<32, 256, 256>, ck_tile::sequence<1, 4, 1>, ck_tile::sequence<16, 16, 32>>, ck_tile::TileGemmUniversalTraits<false, false, false, false, ck_tile::tensor_layout::gemm::RowMajor, ck_tile::tensor_layout::gemm::ColumnMajor, ck_tile::tensor_layout::gemm::RowMajor, false, false, false, 1, true>, ck_tile::GemmPipelineScheduler::Default, true, ck_tile::TailNumber::Even, ck_tile::amd_buffer_coherence_enum::coherence_default>>, ck_tile::CShuffleEpilogue<ck_tile::CShuffleEpilogueProblem<__bf16, __bf16, ck_tile::tuple<>, float, __bf16, ck_tile::tuple<>, ck_tile::tensor_layout::gemm::RowMajor, ck_tile::element_wise::PassThrough, 32, 256, 1, 4, 16, 16, 32, false, 1, false, 1, 2>>, ck_tile::MoeFlatmmKind::kFFN_gemm1_gate_up>::MoeFlatmmKernelArgs<ck_tile::FlatmmScalePointer<-1>, ck_tile::FlatmmScalePointer<1, 32, ck_tile::e8m0_bexp_t>, ck_tile::FlatmmScalePointer<1>>, index_t, index_t)::(anonymous class)::operator()<ck_tile::constant<0>>' requested here
   74 |         (f(number<Is>{}), ...);
      |          ^
/usr/local/lib/python3.12/dist-packages/aiter_meta/3rdparty/composable_kernel/include/ck_tile/ops/flatmm/kernel/moe_flatmm_kernel.hpp:1446:13: note: in instantiation of function template specialization 'ck_tile::detail::applier<int, 0, 1, 2, 3>::operator()<(lambda at /usr/local/lib/python3.12/dist-packages/aiter_meta/3rdparty/composable_kernel/include/ck_tile/ops/flatmm/kernel/moe_flatmm_kernel.hpp:1446:44)>' requested here
 1446 |             static_for<0, num_access, 1>{}([&](auto iAccess) {
      |             ^
/usr/local/lib/python3.12/dist-packages/aiter_meta/3rdparty/composable_kernel/include/ck_tile/ops/flatmm/kernel/moe_flatmm_kernel.hpp:923:19: note: (skipping 2 contexts in backtrace; use -ftemplate-backtrace-limit=0 to see all)
  923 |             this->operator()(kargs, block_offset_m, block_offset_n);
      |                   ^
/usr/local/lib/python3.12/dist-packages/aiter_meta/3rdparty/composable_kernel/include/ck_tile/host/kernel_launch.hpp:128:20: note: in instantiation of function template specialization 'ck_tile::kentry<1, ck_tile::MoeFlatmmKernel<ck_tile::GemmSpatiallyLocalTilePartitioner<ck_tile::TileGemmShape<ck_tile::sequence<32, 256, 256>, ck_tile::sequence<1, 4, 1>, ck_tile::sequence<16, 16, 32>>, 8, 4>, ck_tile::MoeFlatmmPipelineAGmemBGmemCRegV1<ck_tile::FlatmmPipelineProblem<__bf16, ck_tile::pk_int4_t, float, ck_tile::TileGemmShape<ck_tile::sequence<32, 256, 256>, ck_tile::sequence<1, 4, 1>, ck_tile::sequence<16, 16, 32>>, ck_tile::TileGemmUniversalTraits<false, false, false, false, ck_tile::tensor_layout::gemm::RowMajor, ck_tile::tensor_layout::gemm::ColumnMajor, ck_tile::tensor_layout::gemm::RowMajor, false, false, false, 1, true>, ck_tile::GemmPipelineScheduler::Default, true, ck_tile::TailNumber::Even, ck_tile::amd_buffer_coherence_enum::coherence_default>>, ck_tile::CShuffleEpilogue<ck_tile::CShuffleEpilogueProblem<__bf16, __bf16, ck_tile::tuple<>, float, __bf16, ck_tile::tuple<>, ck_tile::tensor_layout::gemm::RowMajor, ck_tile::element_wise::PassThrough, 32, 256, 1, 4, 16, 16, 32, false, 1, false, 1, 2>>, ck_tile::MoeFlatmmKind::kFFN_gemm1_gate_up>, ck_tile::MoeFlatmmKernel<ck_tile::GemmSpatiallyLocalTilePartitioner<ck_tile::TileGemmShape<ck_tile::sequence<32, 256, 256>, ck_tile::sequence<1, 4, 1>, ck_tile::sequence<16, 16, 32>>, 8, 4>, ck_tile::MoeFlatmmPipelineAGmemBGmemCRegV1<ck_tile::FlatmmPipelineProblem<__bf16, ck_tile::pk_int4_t, float, ck_tile::TileGemmShape<ck_tile::sequence<32, 256, 256>, ck_tile::sequence<1, 4, 1>, ck_tile::sequence<16, 16, 32>>, ck_tile::TileGemmUniversalTraits<false, false, false, false, ck_tile::tensor_layout::gemm::RowMajor, ck_tile::tensor_layout::gemm::ColumnMajor, ck_tile::tensor_layout::gemm::RowMajor, false, false, false, 1, true>, ck_tile::GemmPipelineScheduler::Default, true, ck_tile::TailNumber::Even, ck_tile::amd_buffer_coherence_enum::coherence_default>>, ck_tile::CShuffleEpilogue<ck_tile::CShuffleEpilogueProblem<__bf16, __bf16, ck_tile::tuple<>, float, __bf16, ck_tile::tuple<>, ck_tile::tensor_layout::gemm::RowMajor, ck_tile::element_wise::PassThrough, 32, 256, 1, 4, 16, 16, 32, false, 1, false, 1, 2>>, ck_tile::MoeFlatmmKind::kFFN_gemm1_gate_up>::MoeFlatmmKernelArgs<ck_tile::FlatmmScalePointer<-1>, ck_tile::FlatmmScalePointer<1, 32, ck_tile::e8m0_bexp_t>, ck_tile::FlatmmScalePointer<1>>>' requested here
  128 |             return kentry<MinBlockPerCu, KernelImpl, Args...>;
      |                    ^
/work/mpB/run_a16w4_moe_flatmm_example.inc:19:22: note: in instantiation of function template specialization 'a16w4_moe_gemm<A16W4_FlatmmConfig16, __bf16, ck_tile::pk_int4_t, ck_tile::tuple<>, float, __bf16, ck_tile::tensor_layout::gemm::RowMajor, ck_tile::tensor_layout::gemm::ColumnMajor, ck_tile::tuple<>, ck_tile::tensor_layout::gemm::RowMajor, ck_tile::MoeFlatmmKind::kFFN_gemm1_gate_up, ck_tile::element_wise::PassThrough, ck_tile::MoeFlatmmHostArgs<ck_tile::FlatmmScalePointer<-1>, ck_tile::FlatmmScalePointer<1, 32, ck_tile::e8m0_bexp_t>, ck_tile::FlatmmScalePointer<1>>>' requested here
   19 |     float ave_time = a16w4_moe_gemm<FlatmmConfig,
      |                      ^
/work/mpB/run_a16w4_moe_flatmm_example.inc:269:5: note: in instantiation of function template specialization 'invoke_a16w4_moe_gemm<A16W4_FlatmmConfig16, __bf16, ck_tile::pk_int4_t, ck_tile::tuple<>, float, __bf16, ck_tile::tensor_layout::gemm::RowMajor, ck_tile::tensor_layout::gemm::ColumnMajor, ck_tile::tuple<>, ck_tile::tensor_layout::gemm::RowMajor, ck_tile::MoeFlatmmKind::kFFN_gemm1_gate_up, ck_tile::element_wise::PassThrough, ck_tile::MoeFlatmmHostArgs<ck_tile::FlatmmScalePointer<-1>, ck_tile::FlatmmScalePointer<1, 32, ck_tile::e8m0_bexp_t>, ck_tile::FlatmmScalePointer<1>>>' requested here
  269 |     invoke_a16w4_moe_gemm<FlatmmConfig,
      |     ^
/work/mpB/a16w4_moe_flatmm.cpp:455:24: note: in instantiation of function template specialization 'run_a16w4_moe_gemm_example_with_layouts<__bf16, ck_tile::pk_int4_t, A16W4_FlatmmConfig16, ck_tile::MoeFlatmmKind::kFFN_gemm1_gate_up, ck_tile::tensor_layout::gemm::RowMajor, ck_tile::tensor_layout::gemm::ColumnMajor, ck_tile::tensor_layout::gemm::RowMajor>' requested here
  455 |                 return run_a16w4_moe_gemm_example_with_layouts<
      |                        ^
/work/mpB/a16w4_moe_flatmm.cpp:544:21: note: in instantiation of function template specialization 'run_a16w4_moe_flatmm_example<A16W4_FlatmmConfig16>' requested here
  544 |             return !run_a16w4_moe_flatmm_example<A16W4_FlatmmConfig16>(argc, argv);
      |                     ^
/usr/local/lib/python3.12/dist-packages/aiter_meta/3rdparty/composable_kernel/include/ck_tile/ops/flatmm/kernel/moe_flatmm_kernel.hpp:1376:50: note: built-in candidate operator*(float, float)
 1376 |                                 epi_scale_m[idx] * epi_scale_n[idx];
      |                                                  ^
/usr/local/lib/python3.12/dist-packages/aiter_meta/3rdparty/composable_kernel/include/ck_tile/ops/flatmm/kernel/moe_flatmm_kernel.hpp:1376:50: note: built-in candidate operator*(float, long double)
/usr/local/lib/python3.12/dist-packages/aiter_meta/3rdparty/composable_kernel/include/ck_tile/ops/flatmm/kernel/moe_flatmm_kernel.hpp:1376:50: note: built-in candidate operator*(float, __float128)
/usr/local/lib/python3.12/dist-packages/aiter_meta/3rdparty/composable_kernel/include/ck_tile/ops/flatmm/kernel/moe_flatmm_kernel.hpp:1376:50: note: built-in candidate operator*(float, long)
/usr/local/lib/python3.12/dist-packages/aiter_meta/3rdparty/composable_kernel/include/ck_tile/ops/flatmm/kernel/moe_flatmm_kernel.hpp:1376:50: note: built-in candidate operator*(float, long long)
/usr/local/lib/python3.12/dist-packages/aiter_meta/3rdparty/composable_kernel/include/ck_tile/ops/flatmm/kernel/moe_flatmm_kernel.hpp:1376:50: note: built-in candidate operator*(float, __int128)
/usr/local/lib/python3.12/dist-packages/aiter_meta/3rdparty/composable_kernel/include/ck_tile/ops/flatmm/kernel/moe_flatmm_kernel.hpp:1376:50: note: built-in candidate operator*(float, unsigned int)
/usr/local/lib/python3.12/dist-packages/aiter_meta/3rdparty/composable_kernel/include/ck_tile/ops/flatmm/kernel/moe_flatmm_kernel.hpp:1376:50: note: built-in candidate operator*(float, unsigned long)
/usr/local/lib/python3.12/dist-packages/aiter_meta/3rdparty/composable_kernel/include/ck_tile/ops/flatmm/kernel/moe_flatmm_kernel.hpp:1376:50: note: built-in candidate operator*(float, unsigned long long)
/usr/local/lib/python3.12/dist-packages/aiter_meta/3rdparty/composable_kernel/include/ck_tile/ops/flatmm/kernel/moe_flatmm_kernel.hpp:1376:50: note: built-in candidate operator*(float, unsigned __int128)
/usr/local/lib/python3.12/dist-packages/aiter_meta/3rdparty/composable_kernel/include/ck_tile/ops/flatmm/kernel/moe_flatmm_kernel.hpp:1376:50: note: built-in candidate operator*(float, double)
/usr/local/lib/python3.12/dist-packages/aiter_meta/3rdparty/composable_kernel/include/ck_tile/ops/flatmm/kernel/moe_flatmm_kernel.hpp:1376:50: note: built-in candidate operator*(float, int)
/usr/local/lib/python3.12/dist-packages/aiter_meta/3rdparty/composable_kernel/include/ck_tile/ops/flatmm/kernel/moe_flatmm_kernel.hpp:1376:50: note: built-in candidate operator*(double, float)
/usr/local/lib/python3.12/dist-packages/aiter_meta/3rdparty/composable_kernel/include/ck_tile/ops/flatmm/kernel/moe_flatmm_kernel.hpp:1376:50: note: built-in candidate operator*(double, long double)
/usr/local/lib/python3.12/dist-packages/aiter_meta/3rdparty/composable_kernel/include/ck_tile/ops/flatmm/kernel/moe_flatmm_kernel.hpp:1376:50: note: built-in candidate operator*(double, __float128)
/usr/local/lib/python3.12/dist-packages/aiter_meta/3rdparty/composable_kernel/include/ck_tile/ops/flatmm/kernel/moe_flatmm_kernel.hpp:1376:50: note: built-in candidate operator*(double, long)
/usr/local/lib/python3.12/dist-packages/aiter_meta/3rdparty/composable_kernel/include/ck_tile/ops/flatmm/kernel/moe_flatmm_kernel.hpp:1376:50: note: built-in candidate operator*(double, long long)
/usr/local/lib/python3.12/dist-packages/aiter_meta/3rdparty/composable_kernel/include/ck_tile/ops/flatmm/kernel/moe_flatmm_kernel.hpp:1376:50: note: built-in candidate operator*(double, __int128)
/usr/local/lib/python3.12/dist-packages/aiter_meta/3rdparty/composable_kernel/include/ck_tile/ops/flatmm/kernel/moe_flatmm_kernel.hpp:1376:50: note: built-in candidate operator*(double, unsigned int)
/usr/local/lib/python3.12/dist-packages/aiter_meta/3rdparty/composable_kernel/include/ck_tile/ops/flatmm/kernel/moe_flatmm_kernel.hpp:1376:50: note: built-in candidate operator*(double, unsigned long)
/usr/local/lib/python3.12/dist-packages/aiter_meta/3rdparty/composable_kernel/include/ck_tile/ops/flatmm/kernel/moe_flatmm_kernel.hpp:1376:50: note: built-in candidate operator*(double, unsigned long long)
/usr/local/lib/python3.12/dist-packages/aiter_meta/3rdparty/composable_kernel/include/ck_tile/ops/flatmm/kernel/moe_flatmm_kernel.hpp:1376:50: note: built-in candidate operator*(double, unsigned __int128)
/usr/local/lib/python3.12/dist-packages/aiter_meta/3rdparty/composable_kernel/include/ck_tile/ops/flatmm/kernel/moe_flatmm_kernel.hpp:1376:50: note: built-in candidate operator*(double, double)
/usr/local/lib/python3.12/dist-packages/aiter_meta/3rdparty/composable_kernel/include/ck_tile/ops/flatmm/kernel/moe_flatmm_kernel.hpp:1376:50: note: built-in candidate operator*(double, int)
/usr/local/lib/python3.12/dist-packages/aiter_meta/3rdparty/composable_kernel/include/ck_tile/ops/flatmm/kernel/moe_flatmm_kernel.hpp:1376:50: note: built-in candidate operator*(long double, float)
/usr/local/lib/python3.12/dist-packages/aiter_meta/3rdparty/composable_kernel/include/ck_tile/ops/flatmm/kernel/moe_flatmm_kernel.hpp:1376:50: note: built-in candidate operator*(long double, long double)
/usr/local/lib/python3.12/dist-packages/aiter_meta/3rdparty/composable_kernel/include/ck_tile/ops/flatmm/kernel/moe_flatmm_kernel.hpp:1376:50: note: built-in candidate operator*(long double, __float128)
/usr/local/lib/python3.12/dist-packages/aiter_meta/3rdparty/composable_kernel/include/ck_tile/ops/flatmm/kernel/moe_flatmm_kernel.hpp:1376:50: note: built-in candidate operator*(long double, long)
/usr/local/lib/python3.12/dist-packages/aiter_meta/3rdparty/composable_kernel/include/ck_tile/ops/flatmm/kernel/moe_flatmm_kernel.hpp:1376:50: note: built-in candidate operator*(long double, long long)
/usr/local/lib/python3.12/dist-packages/aiter_meta/3rdparty/composable_kernel/include/ck_tile/ops/flatmm/kernel/moe_flatmm_kernel.hpp:1376:50: note: built-in candidate operator*(long double, __int128)
/usr/local/lib/python3.12/dist-packages/aiter_meta/3rdparty/composable_kernel/include/ck_tile/ops/flatmm/kernel/moe_flatmm_kernel.hpp:1376:50: note: built-in candidate operator*(long double, unsigned int)
/usr/local/lib/python3.12/dist-packages/aiter_meta/3rdparty/composable_kernel/include/ck_tile/ops/flatmm/kernel/moe_flatmm_kernel.hpp:1376:50: note: built-in candidate operator*(long double, unsigned long)
/usr/local/lib/python3.12/dist-packages/aiter_meta/3rdparty/composable_kernel/include/ck_tile/ops/flatmm/kernel/moe_flatmm_kernel.hpp:1376:50: note: built-in candidate operator*(long double, unsigned long long)
/usr/local/lib/python3.12/dist-packages/aiter_meta/3rdparty/composable_kernel/include/ck_tile/ops/flatmm/kernel/moe_flatmm_kernel.hpp:1376:50: note: built-in candidate operator*(long double, unsigned __int128)
/usr/local/lib/python3.12/dist-packages/aiter_meta/3rdparty/composable_kernel/include/ck_tile/ops/flatmm/kernel/moe_flatmm_kernel.hpp:1376:50: note: built-in candidate operator*(__float128, float)
/usr/local/lib/python3.12/dist-packages/aiter_meta/3rdparty/composable_kernel/include/ck_tile/ops/flatmm/kernel/moe_flatmm_kernel.hpp:1376:50: note: built-in candidate operator*(__float128, long double)
/usr/local/lib/python3.12/dist-packages/aiter_meta/3rdparty/composable_kernel/include/ck_tile/ops/flatmm/kernel/moe_flatmm_kernel.hpp:1376:50: note: built-in candidate operator*(__float128, __float128)
/usr/local/lib/python3.12/dist-packages/aiter_meta/3rdparty/composable_kernel/include/ck_tile/ops/flatmm/kernel/moe_flatmm_kernel.hpp:1376:50: note: built-in candidate operator*(__float128, long)
/usr/local/lib/python3.12/dist-packages/aiter_meta/3rdparty/composable_kernel/include/ck_tile/ops/flatmm/kernel/moe_flatmm_kernel.hpp:1376:50: note: built-in candidate operator*(__float128, long long)
/usr/local/lib/python3.12/dist-packages/aiter_meta/3rdparty/composable_kernel/include/ck_tile/ops/flatmm/kernel/moe_flatmm_kernel.hpp:1376:50: note: built-in candidate operator*(__float128, __int128)
/usr/local/lib/python3.12/dist-packages/aiter_meta/3rdparty/composable_kernel/include/ck_tile/ops/flatmm/kernel/moe_flatmm_kernel.hpp:1376:50: note: built-in candidate operator*(__float128, unsigned int)
/usr/local/lib/python3.12/dist-packages/aiter_meta/3rdparty/composable_kernel/include/ck_tile/ops/flatmm/kernel/moe_flatmm_kernel.hpp:1376:50: note: built-in candidate operator*(__float128, unsigned long)
/usr/local/lib/python3.12/dist-packages/aiter_meta/3rdparty/composable_kernel/include/ck_tile/ops/flatmm/kernel/moe_flatmm_kernel.hpp:1376:50: note: built-in candidate operator*(__float128, unsigned long long)
/usr/local/lib/python3.12/dist-packages/aiter_meta/3rdparty/composable_kernel/include/ck_tile/ops/flatmm/kernel/moe_flatmm_kernel.hpp:1376:50: note: built-in candidate operator*(__float128, unsigned __int128)
/usr/local/lib/python3.12/dist-packages/aiter_meta/3rdparty/composable_kernel/include/ck_tile/ops/flatmm/kernel/moe_flatmm_kernel.hpp:1376:50: note: built-in candidate operator*(int, float)
/usr/local/lib/python3.12/dist-packages/aiter_meta/3rdparty/composable_kernel/include/ck_tile/ops/flatmm/kernel/moe_flatmm_kernel.hpp:1376:50: note: built-in candidate operator*(int, long double)
/usr/local/lib/python3.12/dist-packages/aiter_meta/3rdparty/composable_kernel/include/ck_tile/ops/flatmm/kernel/moe_flatmm_kernel.hpp:1376:50: note: built-in candidate operator*(int, __float128)
/usr/local/lib/python3.12/dist-packages/aiter_meta/3rdparty/composable_kernel/include/ck_tile/ops/flatmm/kernel/moe_flatmm_kernel.hpp:1376:50: note: built-in candidate operator*(int, long)
/usr/local/lib/python3.12/dist-packages/aiter_meta/3rdparty/composable_kernel/include/ck_tile/ops/flatmm/kernel/moe_flatmm_kernel.hpp:1376:50: note: built-in candidate operator*(int, long long)
/usr/local/lib/python3.12/dist-packages/aiter_meta/3rdparty/composable_kernel/include/ck_tile/ops/flatmm/kernel/moe_flatmm_kernel.hpp:1376:50: note: built-in candidate operator*(int, __int128)
/usr/local/lib/python3.12/dist-packages/aiter_meta/3rdparty/composable_kernel/include/ck_tile/ops/flatmm/kernel/moe_flatmm_kernel.hpp:1376:50: note: built-in candidate operator*(int, unsigned int)
/usr/local/lib/python3.12/dist-packages/aiter_meta/3rdparty/composable_kernel/include/ck_tile/ops/flatmm/kernel/moe_flatmm_kernel.hpp:1376:50: note: built-in candidate operator*(int, unsigned long)
/usr/local/lib/python3.12/dist-packages/aiter_meta/3rdparty/composable_kernel/include/ck_tile/ops/flatmm/kernel/moe_flatmm_kernel.hpp:1376:50: note: built-in candidate operator*(int, unsigned long long)
/usr/local/lib/python3.12/dist-packages/aiter_meta/3rdparty/composable_kernel/include/ck_tile/ops/flatmm/kernel/moe_flatmm_kernel.hpp:1376:50: note: built-in candidate operator*(int, unsigned __int128)
/usr/local/lib/python3.12/dist-packages/aiter_meta/3rdparty/composable_kernel/include/ck_tile/ops/flatmm/kernel/moe_flatmm_kernel.hpp:1376:50: note: built-in candidate operator*(long, float)
/usr/local/lib/python3.12/dist-packages/aiter_meta/3rdparty/composable_kernel/include/ck_tile/ops/flatmm/kernel/moe_flatmm_kernel.hpp:1376:50: note: built-in candidate operator*(long, long double)
/usr/local/lib/python3.12/dist-packages/aiter_meta/3rdparty/composable_kernel/include/ck_tile/ops/flatmm/kernel/moe_flatmm_kernel.hpp:1376:50: note: built-in candidate operator*(long, __float128)
/usr/local/lib/python3.12/dist-packages/aiter_meta/3rdparty/composable_kernel/include/ck_tile/ops/flatmm/kernel/moe_flatmm_kernel.hpp:1376:50: note: built-in candidate operator*(long, long)
/usr/local/lib/python3.12/dist-packages/aiter_meta/3rdparty/composable_kernel/include/ck_tile/ops/flatmm/kernel/moe_flatmm_kernel.hpp:1376:50: note: built-in candidate operator*(long, long long)
/usr/local/lib/python3.12/dist-packages/aiter_meta/3rdparty/composable_kernel/include/ck_tile/ops/flatmm/kernel/moe_flatmm_kernel.hpp:1376:50: note: built-in candidate operator*(long, __int128)
/usr/local/lib/python3.12/dist-packages/aiter_meta/3rdparty/composable_kernel/include/ck_tile/ops/flatmm/kernel/moe_flatmm_kernel.hpp:1376:50: note: built-in candidate operator*(long, unsigned int)
/usr/local/lib/python3.12/dist-packages/aiter_meta/3rdparty/composable_kernel/include/ck_tile/ops/flatmm/kernel/moe_flatmm_kernel.hpp:1376:50: note: built-in candidate operator*(long, unsigned long)
/usr/local/lib/python3.12/dist-packages/aiter_meta/3rdparty/composable_kernel/include/ck_tile/ops/flatmm/kernel/moe_flatmm_kernel.hpp:1376:50: note: built-in candidate operator*(long, unsigned long long)
/usr/local/lib/python3.12/dist-packages/aiter_meta/3rdparty/composable_kernel/include/ck_tile/ops/flatmm/kernel/moe_flatmm_kernel.hpp:1376:50: note: built-in candidate operator*(long, unsigned __int128)
/usr/local/lib/python3.12/dist-packages/aiter_meta/3rdparty/composable_kernel/include/ck_tile/ops/flatmm/kernel/moe_flatmm_kernel.hpp:1376:50: note: built-in candidate operator*(long long, float)
/usr/local/lib/python3.12/dist-packages/aiter_meta/3rdparty/composable_kernel/include/ck_tile/ops/flatmm/kernel/moe_flatmm_kernel.hpp:1376:50: note: built-in candidate operator*(long long, long double)
/usr/local/lib/python3.12/dist-packages/aiter_meta/3rdparty/composable_kernel/include/ck_tile/ops/flatmm/kernel/moe_flatmm_kernel.hpp:1376:50: note: built-in candidate operator*(long long, __float128)
/usr/local/lib/python3.12/dist-packages/aiter_meta/3rdparty/composable_kernel/include/ck_tile/ops/flatmm/kernel/moe_flatmm_kernel.hpp:1376:50: note: built-in candidate operator*(long long, long)
/usr/local/lib/python3.12/dist-packages/aiter_meta/3rdparty/composable_kernel/include/ck_tile/ops/flatmm/kernel/moe_flatmm_kernel.hpp:1376:50: note: built-in candidate operator*(long long, long long)
/usr/local/lib/python3.12/dist-packages/aiter_meta/3rdparty/composable_kernel/include/ck_tile/ops/flatmm/kernel/moe_flatmm_kernel.hpp:1376:50: note: built-in candidate operator*(long long, __int128)
/usr/local/lib/python3.12/dist-packages/aiter_meta/3rdparty/composable_kernel/include/ck_tile/ops/flatmm/kernel/moe_flatmm_kernel.hpp:1376:50: note: built-in candidate operator*(long long, unsigned int)
/usr/local/lib/python3.12/dist-packages/aiter_meta/3rdparty/composable_kernel/include/ck_tile/ops/flatmm/kernel/moe_flatmm_kernel.hpp:1376:50: note: built-in candidate operator*(long long, unsigned long)
/usr/local/lib/python3.12/dist-packages/aiter_meta/3rdparty/composable_kernel/include/ck_tile/ops/flatmm/kernel/moe_flatmm_kernel.hpp:1376:50: note: built-in candidate operator*(long long, unsigned long long)
/usr/local/lib/python3.12/dist-packages/aiter_meta/3rdparty/composable_kernel/include/ck_tile/ops/flatmm/kernel/moe_flatmm_kernel.hpp:1376:50: note: built-in candidate operator*(long long, unsigned __int128)
/usr/local/lib/python3.12/dist-packages/aiter_meta/3rdparty/composable_kernel/include/ck_tile/ops/flatmm/kernel/moe_flatmm_kernel.hpp:1376:50: note: built-in candidate operator*(__int128, float)
/usr/local/lib/python3.12/dist-packages/aiter_meta/3rdparty/composable_kernel/include/ck_tile/ops/flatmm/kernel/moe_flatmm_kernel.hpp:1376:50: note: built-in candidate operator*(__int128, long double)
/usr/local/lib/python3.12/dist-packages/aiter_meta/3rdparty/composable_kernel/include/ck_tile/ops/flatmm/kernel/moe_flatmm_kernel.hpp:1376:50: note: built-in candidate operator*(__int128, __float128)
/usr/local/lib/python3.12/dist-packages/aiter_meta/3rdparty/composable_kernel/include/ck_tile/ops/flatmm/kernel/moe_flatmm_kernel.hpp:1376:50: note: built-in candidate operator*(__int128, long)
/usr/local/lib/python3.12/dist-packages/aiter_meta/3rdparty/composable_kernel/include/ck_tile/ops/flatmm/kernel/moe_flatmm_kernel.hpp:1376:50: note: built-in candidate operator*(__int128, long long)
/usr/local/lib/python3.12/dist-packages/aiter_meta/3rdparty/composable_kernel/include/ck_tile/ops/flatmm/kernel/moe_flatmm_kernel.hpp:1376:50: note: built-in candidate operator*(__int128, __int128)
/usr/local/lib/python3.12/dist-packages/aiter_meta/3rdparty/composable_kernel/include/ck_tile/ops/flatmm/kernel/moe_flatmm_kernel.hpp:1376:50: note: built-in candidate operator*(__int128, unsigned int)
/usr/local/lib/python3.12/dist-packages/aiter_meta/3rdparty/composable_kernel/include/ck_tile/ops/flatmm/kernel/moe_flatmm_kernel.hpp:1376:50: note: built-in candidate operator*(__int128, unsigned long)
/usr/local/lib/python3.12/dist-packages/aiter_meta/3rdparty/composable_kernel/include/ck_tile/ops/flatmm/kernel/moe_flatmm_kernel.hpp:1376:50: note: built-in candidate operator*(__int128, unsigned long long)
/usr/local/lib/python3.12/dist-packages/aiter_meta/3rdparty/composable_kernel/include/ck_tile/ops/flatmm/kernel/moe_flatmm_kernel.hpp:1376:50: note: built-in candidate operator*(__int128, unsigned __int128)
/usr/local/lib/python3.12/dist-packages/aiter_meta/3rdparty/composable_kernel/include/ck_tile/ops/flatmm/kernel/moe_flatmm_kernel.hpp:1376:50: note: built-in candidate operator*(unsigned int, float)
/usr/local/lib/python3.12/dist-packages/aiter_meta/3rdparty/composable_kernel/include/ck_tile/ops/flatmm/kernel/moe_flatmm_kernel.hpp:1376:50: note: built-in candidate operator*(unsigned int, long double)
/usr/local/lib/python3.12/dist-packages/aiter_meta/3rdparty/composable_kernel/include/ck_tile/ops/flatmm/kernel/moe_flatmm_kernel.hpp:1376:50: note: built-in candidate operator*(unsigned int, __float128)
/usr/local/lib/python3.12/dist-packages/aiter_meta/3rdparty/composable_kernel/include/ck_tile/ops/flatmm/kernel/moe_flatmm_kernel.hpp:1376:50: note: built-in candidate operator*(unsigned int, long)
/usr/local/lib/python3.12/dist-packages/aiter_meta/3rdparty/composable_kernel/include/ck_tile/ops/flatmm/kernel/moe_flatmm_kernel.hpp:1376:50: note: built-in candidate operator*(unsigned int, long long)
/usr/local/lib/python3.12/dist-packages/aiter_meta/3rdparty/composable_kernel/include/ck_tile/ops/flatmm/kernel/moe_flatmm_kernel.hpp:1376:50: note: built-in candidate operator*(unsigned int, __int128)
/usr/local/lib/python3.12/dist-packages/aiter_meta/3rdparty/composable_kernel/include/ck_tile/ops/flatmm/kernel/moe_flatmm_kernel.hpp:1376:50: note: built-in candidate operator*(unsigned int, unsigned int)
/usr/local/lib/python3.12/dist-packages/aiter_meta/3rdparty/composable_kernel/include/ck_tile/ops/flatmm/kernel/moe_flatmm_kernel.hpp:1376:50: note: built-in candidate operator*(unsigned int, unsigned long)
/usr/local/lib/python3.12/dist-packages/aiter_meta/3rdparty/composable_kernel/include/ck_tile/ops/flatmm/kernel/moe_flatmm_kernel.hpp:1376:50: note: built-in candidate operator*(unsigned int, unsigned long long)
/usr/local/lib/python3.12/dist-packages/aiter_meta/3rdparty/composable_kernel/include/ck_tile/ops/flatmm/kernel/moe_flatmm_kernel.hpp:1376:50: note: built-in candidate operator*(unsigned int, unsigned __int128)
/usr/local/lib/python3.12/dist-packages/aiter_meta/3rdparty/composable_kernel/include/ck_tile/ops/flatmm/kernel/moe_flatmm_kernel.hpp:1376:50: note: built-in candidate operator*(unsigned long, float)
/usr/local/lib/python3.12/dist-packages/aiter_meta/3rdparty/composable_kernel/include/ck_tile/ops/flatmm/kernel/moe_flatmm_kernel.hpp:1376:50: note: built-in candidate operator*(unsigned long, long double)
/usr/local/lib/python3.12/dist-packages/aiter_meta/3rdparty/composable_kernel/include/ck_tile/ops/flatmm/kernel/moe_flatmm_kernel.hpp:1376:50: note: built-in candidate operator*(unsigned long, __float128)
/usr/local/lib/python3.12/dist-packages/aiter_meta/3rdparty/composable_kernel/include/ck_tile/ops/flatmm/kernel/moe_flatmm_kernel.hpp:1376:50: note: built-in candidate operator*(unsigned long, long)
/usr/local/lib/python3.12/dist-packages/aiter_meta/3rdparty/composable_kernel/include/ck_tile/ops/flatmm/kernel/moe_flatmm_kernel.hpp:1376:50: note: built-in candidate operator*(unsigned long, long long)
/usr/local/lib/python3.12/dist-packages/aiter_meta/3rdparty/composable_kernel/include/ck_tile/ops/flatmm/kernel/moe_flatmm_kernel.hpp:1376:50: note: built-in candidate operator*(unsigned long, __int128)
/usr/local/lib/python3.12/dist-packages/aiter_meta/3rdparty/composable_kernel/include/ck_tile/ops/flatmm/kernel/moe_flatmm_kernel.hpp:1376:50: note: built-in candidate operator*(unsigned long, unsigned int)
/usr/local/lib/python3.12/dist-packages/aiter_meta/3rdparty/composable_kernel/include/ck_tile/ops/flatmm/kernel/moe_flatmm_kernel.hpp:1376:50: note: built-in candidate operator*(unsigned long, unsigned long)
/usr/local/lib/python3.12/dist-packages/aiter_meta/3rdparty/composable_kernel/include/ck_tile/ops/flatmm/kernel/moe_flatmm_kernel.hpp:1376:50: note: built-in candidate operator*(unsigned long, unsigned long long)
/usr/local/lib/python3.12/dist-packages/aiter_meta/3rdparty/composable_kernel/include/ck_tile/ops/flatmm/kernel/moe_flatmm_kernel.hpp:1376:50: note: built-in candidate operator*(unsigned long, unsigned __int128)
/usr/local/lib/python3.12/dist-packages/aiter_meta/3rdparty/composable_kernel/include/ck_tile/ops/flatmm/kernel/moe_flatmm_kernel.hpp:1376:50: note: built-in candidate operator*(unsigned long long, float)
/usr/local/lib/python3.12/dist-packages/aiter_meta/3rdparty/composable_kernel/include/ck_tile/ops/flatmm/kernel/moe_flatmm_kernel.hpp:1376:50: note: built-in candidate operator*(unsigned long long, long double)
/usr/local/lib/python3.12/dist-packages/aiter_meta/3rdparty/composable_kernel/include/ck_tile/ops/flatmm/kernel/moe_flatmm_kernel.hpp:1376:50: note: built-in candidate operator*(unsigned long long, __float128)
/usr/local/lib/python3.12/dist-packages/aiter_meta/3rdparty/composable_kernel/include/ck_tile/ops/flatmm/kernel/moe_flatmm_kernel.hpp:1376:50: note: built-in candidate operator*(unsigned long long, long)
/usr/local/lib/python3.12/dist-packages/aiter_meta/3rdparty/composable_kernel/include/ck_tile/ops/flatmm/kernel/moe_flatmm_kernel.hpp:1376:50: note: built-in candidate operator*(unsigned long long, long long)
/usr/local/lib/python3.12/dist-packages/aiter_meta/3rdparty/composable_kernel/include/ck_tile/ops/flatmm/kernel/moe_flatmm_kernel.hpp:1376:50: note: built-in candidate operator*(unsigned long long, __int128)
/usr/local/lib/python3.12/dist-packages/aiter_meta/3rdparty/composable_kernel/include/ck_tile/ops/flatmm/kernel/moe_flatmm_kernel.hpp:1376:50: note: built-in candidate operator*(unsigned long long, unsigned int)
/usr/local/lib/python3.12/dist-packages/aiter_meta/3rdparty/composable_kernel/include/ck_tile/ops/flatmm/kernel/moe_flatmm_kernel.hpp:1376:50: note: built-in candidate operator*(unsigned long long, unsigned long)
/usr/local/lib/python3.12/dist-packages/aiter_meta/3rdparty/composable_kernel/include/ck_tile/ops/flatmm/kernel/moe_flatmm_kernel.hpp:1376:50: note: built-in candidate operator*(unsigned long long, unsigned long long)
/usr/local/lib/python3.12/dist-packages/aiter_meta/3rdparty/composable_kernel/include/ck_tile/ops/flatmm/kernel/moe_flatmm_kernel.hpp:1376:50: note: built-in candidate operator*(unsigned long long, unsigned __int128)
/usr/local/lib/python3.12/dist-packages/aiter_meta/3rdparty/composable_kernel/include/ck_tile/ops/flatmm/kernel/moe_flatmm_kernel.hpp:1376:50: note: built-in candidate operator*(unsigned __int128, float)
/usr/local/lib/python3.12/dist-packages/aiter_meta/3rdparty/composable_kernel/include/ck_tile/ops/flatmm/kernel/moe_flatmm_kernel.hpp:1376:50: note: built-in candidate operator*(unsigned __int128, long double)
/usr/local/lib/python3.12/dist-packages/aiter_meta/3rdparty/composable_kernel/include/ck_tile/ops/flatmm/kernel/moe_flatmm_kernel.hpp:1376:50: note: built-in candidate operator*(unsigned __int128, __float128)
/usr/local/lib/python3.12/dist-packages/aiter_meta/3rdparty/composable_kernel/include/ck_tile/ops/flatmm/kernel/moe_flatmm_kernel.hpp:1376:50: note: built-in candidate operator*(unsigned __int128, long)
/usr/local/lib/python3.12/dist-packages/aiter_meta/3rdparty/composable_kernel/include/ck_tile/ops/flatmm/kernel/moe_flatmm_kernel.hpp:1376:50: note: built-in candidate operator*(unsigned __int128, long long)
/usr/local/lib/python3.12/dist-packages/aiter_meta/3rdparty/composable_kernel/include/ck_tile/ops/flatmm/kernel/moe_flatmm_kernel.hpp:1376:50: note: built-in candidate operator*(unsigned __int128, __int128)
/usr/local/lib/python3.12/dist-packages/aiter_meta/3rdparty/composable_kernel/include/ck_tile/ops/flatmm/kernel/moe_flatmm_kernel.hpp:1376:50: note: built-in candidate operator*(unsigned __int128, unsigned int)
/usr/local/lib/python3.12/dist-packages/aiter_meta/3rdparty/composable_kernel/include/ck_tile/ops/flatmm/kernel/moe_flatmm_kernel.hpp:1376:50: note: built-in candidate operator*(unsigned __int128, unsigned long)
/usr/local/lib/python3.12/dist-packages/aiter_meta/3rdparty/composable_kernel/include/ck_tile/ops/flatmm/kernel/moe_flatmm_kernel.hpp:1376:50: note: built-in candidate operator*(unsigned __int128, unsigned long long)
/usr/local/lib/python3.12/dist-packages/aiter_meta/3rdparty/composable_kernel/include/ck_tile/ops/flatmm/kernel/moe_flatmm_kernel.hpp:1376:50: note: built-in candidate operator*(unsigned __int128, unsigned __int128)
/usr/local/lib/python3.12/dist-packages/aiter_meta/3rdparty/composable_kernel/include/ck_tile/ops/flatmm/kernel/moe_flatmm_kernel.hpp:1376:50: note: built-in candidate operator*(long double, double)
/usr/local/lib/python3.12/dist-packages/aiter_meta/3rdparty/composable_kernel/include/ck_tile/ops/flatmm/kernel/moe_flatmm_kernel.hpp:1376:50: note: built-in candidate operator*(long double, int)
/usr/local/lib/python3.12/dist-packages/aiter_meta/3rdparty/composable_kernel/include/ck_tile/ops/flatmm/kernel/moe_flatmm_kernel.hpp:1376:50: note: built-in candidate operator*(__float128, double)
/usr/local/lib/python3.12/dist-packages/aiter_meta/3rdparty/composable_kernel/include/ck_tile/ops/flatmm/kernel/moe_flatmm_kernel.hpp:1376:50: note: built-in candidate operator*(__float128, int)
/usr/local/lib/python3.12/dist-packages/aiter_meta/3rdparty/composable_kernel/include/ck_tile/ops/flatmm/kernel/moe_flatmm_kernel.hpp:1376:50: note: built-in candidate operator*(int, double)
/usr/local/lib/python3.12/dist-packages/aiter_meta/3rdparty/composable_kernel/include/ck_tile/ops/flatmm/kernel/moe_flatmm_kernel.hpp:1376:50: note: built-in candidate operator*(int, int)
/usr/local/lib/python3.12/dist-packages/aiter_meta/3rdparty/composable_kernel/include/ck_tile/ops/flatmm/kernel/moe_flatmm_kernel.hpp:1376:50: note: built-in candidate operator*(long, double)
/usr/local/lib/python3.12/dist-packages/aiter_meta/3rdparty/composable_kernel/include/ck_tile/ops/flatmm/kernel/moe_flatmm_kernel.hpp:1376:50: note: built-in candidate operator*(long, int)
/usr/local/lib/python3.12/dist-packages/aiter_meta/3rdparty/composable_kernel/include/ck_tile/ops/flatmm/kernel/moe_flatmm_kernel.hpp:1376:50: note: built-in candidate operator*(long long, double)
/usr/local/lib/python3.12/dist-packages/aiter_meta/3rdparty/composable_kernel/include/ck_tile/ops/flatmm/kernel/moe_flatmm_kernel.hpp:1376:50: note: built-in candidate operator*(long long, int)
/usr/local/lib/python3.12/dist-packages/aiter_meta/3rdparty/composable_kernel/include/ck_tile/ops/flatmm/kernel/moe_flatmm_kernel.hpp:1376:50: note: built-in candidate operator*(__int128, double)
/usr/local/lib/python3.12/dist-packages/aiter_meta/3rdparty/composable_kernel/include/ck_tile/ops/flatmm/kernel/moe_flatmm_kernel.hpp:1376:50: note: built-in candidate operator*(__int128, int)
/usr/local/lib/python3.12/dist-packages/aiter_meta/3rdparty/composable_kernel/include/ck_tile/ops/flatmm/kernel/moe_flatmm_kernel.hpp:1376:50: note: built-in candidate operator*(unsigned int, double)
/usr/local/lib/python3.12/dist-packages/aiter_meta/3rdparty/composable_kernel/include/ck_tile/ops/flatmm/kernel/moe_flatmm_kernel.hpp:1376:50: note: built-in candidate operator*(unsigned int, int)
/usr/local/lib/python3.12/dist-packages/aiter_meta/3rdparty/composable_kernel/include/ck_tile/ops/flatmm/kernel/moe_flatmm_kernel.hpp:1376:50: note: built-in candidate operator*(unsigned long, double)
/usr/local/lib/python3.12/dist-packages/aiter_meta/3rdparty/composable_kernel/include/ck_tile/ops/flatmm/kernel/moe_flatmm_kernel.hpp:1376:50: note: built-in candidate operator*(unsigned long, int)
/usr/local/lib/python3.12/dist-packages/aiter_meta/3rdparty/composable_kernel/include/ck_tile/ops/flatmm/kernel/moe_flatmm_kernel.hpp:1376:50: note: built-in candidate operator*(unsigned long long, double)
/usr/local/lib/python3.12/dist-packages/aiter_meta/3rdparty/composable_kernel/include/ck_tile/ops/flatmm/kernel/moe_flatmm_kernel.hpp:1376:50: note: built-in candidate operator*(unsigned long long, int)
/usr/local/lib/python3.12/dist-packages/aiter_meta/3rdparty/composable_kernel/include/ck_tile/ops/flatmm/kernel/moe_flatmm_kernel.hpp:1376:50: note: built-in candidate operator*(unsigned __int128, double)
/usr/local/lib/python3.12/dist-packages/aiter_meta/3rdparty/composable_kernel/include/ck_tile/ops/flatmm/kernel/moe_flatmm_kernel.hpp:1376:50: note: built-in candidate operator*(unsigned __int128, int)
/usr/local/lib/python3.12/dist-packages/aiter_meta/3rdparty/composable_kernel/include/ck_tile/ops/flatmm/kernel/moe_flatmm_kernel.hpp:1378:50: error: use of overloaded operator '*' is ambiguous (with operand types 'value_type' (aka 'float') and 'value_type' (aka 'ck_tile::e8m0_bexp_t'))
 1378 |                                 epi_scale_m[idx] * epi_scale_n_up[idx];
      |                                 ~~~~~~~~~~~~~~~~ ^ ~~~~~~~~~~~~~~~~~~~
/usr/local/lib/python3.12/dist-packages/aiter_meta/3rdparty/composable_kernel/include/ck_tile/ops/flatmm/kernel/moe_flatmm_kernel.hpp:1378:50: note: built-in candidate operator*(float, float)
/usr/local/lib/python3.12/dist-packages/aiter_meta/3rdparty/composable_kernel/include/ck_tile/ops/flatmm/kernel/moe_flatmm_kernel.hpp:1378:50: note: built-in candidate operator*(float, long double)
/usr/local/lib/python3.12/dist-packages/aiter_meta/3rdparty/composable_kernel/include/ck_tile/ops/flatmm/kernel/moe_flatmm_kernel.hpp:1378:50: note: built-in candidate operator*(float, __float128)
/usr/local/lib/python3.12/dist-packages/aiter_meta/3rdparty/composable_kernel/include/ck_tile/ops/flatmm/kernel/moe_flatmm_kernel.hpp:1378:50: note: built-in candidate operator*(float, long)
/usr/local/lib/python3.12/dist-packages/aiter_meta/3rdparty/composable_kernel/include/ck_tile/ops/flatmm/kernel/moe_flatmm_kernel.hpp:1378:50: note: built-in candidate operator*(float, long long)
/usr/local/lib/python3.12/dist-packages/aiter_meta/3rdparty/composable_kernel/include/ck_tile/ops/flatmm/kernel/moe_flatmm_kernel.hpp:1378:50: note: built-in candidate operator*(float, __int128)
/usr/local/lib/python3.12/dist-packages/aiter_meta/3rdparty/composable_kernel/include/ck_tile/ops/flatmm/kernel/moe_flatmm_kernel.hpp:1378:50: note: built-in candidate operator*(float, unsigned int)
/usr/local/lib/python3.12/dist-packages/aiter_meta/3rdparty/composable_kernel/include/ck_tile/ops/flatmm/kernel/moe_flatmm_kernel.hpp:1378:50: note: built-in candidate operator*(float, unsigned long)
/usr/local/lib/python3.12/dist-packages/aiter_meta/3rdparty/composable_kernel/include/ck_tile/ops/flatmm/kernel/moe_flatmm_kernel.hpp:1378:50: note: built-in candidate operator*(float, unsigned long long)
/usr/local/lib/python3.12/dist-packages/aiter_meta/3rdparty/composable_kernel/include/ck_tile/ops/flatmm/kernel/moe_flatmm_kernel.hpp:1378:50: note: built-in candidate operator*(float, unsigned __int128)
/usr/local/lib/python3.12/dist-packages/aiter_meta/3rdparty/composable_kernel/include/ck_tile/ops/flatmm/kernel/moe_flatmm_kernel.hpp:1378:50: note: built-in candidate operator*(float, double)
/usr/local/lib/python3.12/dist-packages/aiter_meta/3rdparty/composable_kernel/include/ck_tile/ops/flatmm/kernel/moe_flatmm_kernel.hpp:1378:50: note: built-in candidate operator*(float, int)
/usr/local/lib/python3.12/dist-packages/aiter_meta/3rdparty/composable_kernel/include/ck_tile/ops/flatmm/kernel/moe_flatmm_kernel.hpp:1378:50: note: built-in candidate operator*(double, float)
/usr/local/lib/python3.12/dist-packages/aiter_meta/3rdparty/composable_kernel/include/ck_tile/ops/flatmm/kernel/moe_flatmm_kernel.hpp:1378:50: note: built-in candidate operator*(double, long double)
/usr/local/lib/python3.12/dist-packages/aiter_meta/3rdparty/composable_kernel/include/ck_tile/ops/flatmm/kernel/moe_flatmm_kernel.hpp:1378:50: note: built-in candidate operator*(double, __float128)
/usr/local/lib/python3.12/dist-packages/aiter_meta/3rdparty/composable_kernel/include/ck_tile/ops/flatmm/kernel/moe_flatmm_kernel.hpp:1378:50: note: built-in candidate operator*(double, long)
/usr/local/lib/python3.12/dist-packages/aiter_meta/3rdparty/composable_kernel/include/ck_tile/ops/flatmm/kernel/moe_flatmm_kernel.hpp:1378:50: note: built-in candidate operator*(double, long long)
/usr/local/lib/python3.12/dist-packages/aiter_meta/3rdparty/composable_kernel/include/ck_tile/ops/flatmm/kernel/moe_flatmm_kernel.hpp:1378:50: note: built-in candidate operator*(double, __int128)
/usr/local/lib/python3.12/dist-packages/aiter_meta/3rdparty/composable_kernel/include/ck_tile/ops/flatmm/kernel/moe_flatmm_kernel.hpp:1378:50: note: built-in candidate operator*(double, unsigned int)
/usr/local/lib/python3.12/dist-packages/aiter_meta/3rdparty/composable_kernel/include/ck_tile/ops/flatmm/kernel/moe_flatmm_kernel.hpp:1378:50: note: built-in candidate operator*(double, unsigned long)
/usr/local/lib/python3.12/dist-packages/aiter_meta/3rdparty/composable_kernel/include/ck_tile/ops/flatmm/kernel/moe_flatmm_kernel.hpp:1378:50: note: built-in candidate operator*(double, unsigned long long)
/usr/local/lib/python3.12/dist-packages/aiter_meta/3rdparty/composable_kernel/include/ck_tile/ops/flatmm/kernel/moe_flatmm_kernel.hpp:1378:50: note: built-in candidate operator*(double, unsigned __int128)
/usr/local/lib/python3.12/dist-packages/aiter_meta/3rdparty/composable_kernel/include/ck_tile/ops/flatmm/kernel/moe_flatmm_kernel.hpp:1378:50: note: built-in candidate operator*(double, double)
/usr/local/lib/python3.12/dist-packages/aiter_meta/3rdparty/composable_kernel/include/ck_tile/ops/flatmm/kernel/moe_flatmm_kernel.hpp:1378:50: note: built-in candidate operator*(double, int)
/usr/local/lib/python3.12/dist-packages/aiter_meta/3rdparty/composable_kernel/include/ck_tile/ops/flatmm/kernel/moe_flatmm_kernel.hpp:1378:50: note: built-in candidate operator*(long double, float)
/usr/local/lib/python3.12/dist-packages/aiter_meta/3rdparty/composable_kernel/include/ck_tile/ops/flatmm/kernel/moe_flatmm_kernel.hpp:1378:50: note: built-in candidate operator*(long double, long double)
/usr/local/lib/python3.12/dist-packages/aiter_meta/3rdparty/composable_kernel/include/ck_tile/ops/flatmm/kernel/moe_flatmm_kernel.hpp:1378:50: note: built-in candidate operator*(long double, __float128)
/usr/local/lib/python3.12/dist-packages/aiter_meta/3rdparty/composable_kernel/include/ck_tile/ops/flatmm/kernel/moe_flatmm_kernel.hpp:1378:50: note: built-in candidate operator*(long double, long)
/usr/local/lib/python3.12/dist-packages/aiter_meta/3rdparty/composable_kernel/include/ck_tile/ops/flatmm/kernel/moe_flatmm_kernel.hpp:1378:50: note: built-in candidate operator*(long double, long long)
/usr/local/lib/python3.12/dist-packages/aiter_meta/3rdparty/composable_kernel/include/ck_tile/ops/flatmm/kernel/moe_flatmm_kernel.hpp:1378:50: note: built-in candidate operator*(long double, __int128)
/usr/local/lib/python3.12/dist-packages/aiter_meta/3rdparty/composable_kernel/include/ck_tile/ops/flatmm/kernel/moe_flatmm_kernel.hpp:1378:50: note: built-in candidate operator*(long double, unsigned int)
/usr/local/lib/python3.12/dist-packages/aiter_meta/3rdparty/composable_kernel/include/ck_tile/ops/flatmm/kernel/moe_flatmm_kernel.hpp:1378:50: note: built-in candidate operator*(long double, unsigned long)
/usr/local/lib/python3.12/dist-packages/aiter_meta/3rdparty/composable_kernel/include/ck_tile/ops/flatmm/kernel/moe_flatmm_kernel.hpp:1378:50: note: built-in candidate operator*(long double, unsigned long long)
/usr/local/lib/python3.12/dist-packages/aiter_meta/3rdparty/composable_kernel/include/ck_tile/ops/flatmm/kernel/moe_flatmm_kernel.hpp:1378:50: note: built-in candidate operator*(long double, unsigned __int128)
/usr/local/lib/python3.12/dist-packages/aiter_meta/3rdparty/composable_kernel/include/ck_tile/ops/flatmm/kernel/moe_flatmm_kernel.hpp:1378:50: note: built-in candidate operator*(__float128, float)
/usr/local/lib/python3.12/dist-packages/aiter_meta/3rdparty/composable_kernel/include/ck_tile/ops/flatmm/kernel/moe_flatmm_kernel.hpp:1378:50: note: built-in candidate operator*(__float128, long double)
/usr/local/lib/python3.12/dist-packages/aiter_meta/3rdparty/composable_kernel/include/ck_tile/ops/flatmm/kernel/moe_flatmm_kernel.hpp:1378:50: note: built-in candidate operator*(__float128, __float128)
/usr/local/lib/python3.12/dist-packages/aiter_meta/3rdparty/composable_kernel/include/ck_tile/ops/flatmm/kernel/moe_flatmm_kernel.hpp:1378:50: note: built-in candidate operator*(__float128, long)
/usr/local/lib/python3.12/dist-packages/aiter_meta/3rdparty/composable_kernel/include/ck_tile/ops/flatmm/kernel/moe_flatmm_kernel.hpp:1378:50: note: built-in candidate operator*(__float128, long long)
/usr/local/lib/python3.12/dist-packages/aiter_meta/3rdparty/composable_kernel/include/ck_tile/ops/flatmm/kernel/moe_flatmm_kernel.hpp:1378:50: note: built-in candidate operator*(__float128, __int128)
/usr/local/lib/python3.12/dist-packages/aiter_meta/3rdparty/composable_kernel/include/ck_tile/ops/flatmm/kernel/moe_flatmm_kernel.hpp:1378:50: note: built-in candidate operator*(__float128, unsigned int)
/usr/local/lib/python3.12/dist-packages/aiter_meta/3rdparty/composable_kernel/include/ck_tile/ops/flatmm/kernel/moe_flatmm_kernel.hpp:1378:50: note: built-in candidate operator*(__float128, unsigned long)
/usr/local/lib/python3.12/dist-packages/aiter_meta/3rdparty/composable_kernel/include/ck_tile/ops/flatmm/kernel/moe_flatmm_kernel.hpp:1378:50: note: built-in candidate operator*(__float128, unsigned long long)
/usr/local/lib/python3.12/dist-packages/aiter_meta/3rdparty/composable_kernel/include/ck_tile/ops/flatmm/kernel/moe_flatmm_kernel.hpp:1378:50: note: built-in candidate operator*(__float128, unsigned __int128)
/usr/local/lib/python3.12/dist-packages/aiter_meta/3rdparty/composable_kernel/include/ck_tile/ops/flatmm/kernel/moe_flatmm_kernel.hpp:1378:50: note: built-in candidate operator*(int, float)
/usr/local/lib/python3.12/dist-packages/aiter_meta/3rdparty/composable_kernel/include/ck_tile/ops/flatmm/kernel/moe_flatmm_kernel.hpp:1378:50: note: built-in candidate operator*(int, long double)
/usr/local/lib/python3.12/dist-packages/aiter_meta/3rdparty/composable_kernel/include/ck_tile/ops/flatmm/kernel/moe_flatmm_kernel.hpp:1378:50: note: built-in candidate operator*(int, __float128)
/usr/local/lib/python3.12/dist-packages/aiter_meta/3rdparty/composable_kernel/include/ck_tile/ops/flatmm/kernel/moe_flatmm_kernel.hpp:1378:50: note: built-in candidate operator*(int, long)
/usr/local/lib/python3.12/dist-packages/aiter_meta/3rdparty/composable_kernel/include/ck_tile/ops/flatmm/kernel/moe_flatmm_kernel.hpp:1378:50: note: built-in candidate operator*(int, long long)
/usr/local/lib/python3.12/dist-packages/aiter_meta/3rdparty/composable_kernel/include/ck_tile/ops/flatmm/kernel/moe_flatmm_kernel.hpp:1378:50: note: built-in candidate operator*(int, __int128)
/usr/local/lib/python3.12/dist-packages/aiter_meta/3rdparty/composable_kernel/include/ck_tile/ops/flatmm/kernel/moe_flatmm_kernel.hpp:1378:50: note: built-in candidate operator*(int, unsigned int)
/usr/local/lib/python3.12/dist-packages/aiter_meta/3rdparty/composable_kernel/include/ck_tile/ops/flatmm/kernel/moe_flatmm_kernel.hpp:1378:50: note: built-in candidate operator*(int, unsigned long)
/usr/local/lib/python3.12/dist-packages/aiter_meta/3rdparty/composable_kernel/include/ck_tile/ops/flatmm/kernel/moe_flatmm_kernel.hpp:1378:50: note: built-in candidate operator*(int, unsigned long long)
/usr/local/lib/python3.12/dist-packages/aiter_meta/3rdparty/composable_kernel/include/ck_tile/ops/flatmm/kernel/moe_flatmm_kernel.hpp:1378:50: note: built-in candidate operator*(int, unsigned __int128)
/usr/local/lib/python3.12/dist-packages/aiter_meta/3rdparty/composable_kernel/include/ck_tile/ops/flatmm/kernel/moe_flatmm_kernel.hpp:1378:50: note: built-in candidate operator*(long, float)
/usr/local/lib/python3.12/dist-packages/aiter_meta/3rdparty/composable_kernel/include/ck_tile/ops/flatmm/kernel/moe_flatmm_kernel.hpp:1378:50: note: built-in candidate operator*(long, long double)
/usr/local/lib/python3.12/dist-packages/aiter_meta/3rdparty/composable_kernel/include/ck_tile/ops/flatmm/kernel/moe_flatmm_kernel.hpp:1378:50: note: built-in candidate operator*(long, __float128)
/usr/local/lib/python3.12/dist-packages/aiter_meta/3rdparty/composable_kernel/include/ck_tile/ops/flatmm/kernel/moe_flatmm_kernel.hpp:1378:50: note: built-in candidate operator*(long, long)
/usr/local/lib/python3.12/dist-packages/aiter_meta/3rdparty/composable_kernel/include/ck_tile/ops/flatmm/kernel/moe_flatmm_kernel.hpp:1378:50: note: built-in candidate operator*(long, long long)
/usr/local/lib/python3.12/dist-packages/aiter_meta/3rdparty/composable_kernel/include/ck_tile/ops/flatmm/kernel/moe_flatmm_kernel.hpp:1378:50: note: built-in candidate operator*(long, __int128)
/usr/local/lib/python3.12/dist-packages/aiter_meta/3rdparty/composable_kernel/include/ck_tile/ops/flatmm/kernel/moe_flatmm_kernel.hpp:1378:50: note: built-in candidate operator*(long, unsigned int)
/usr/local/lib/python3.12/dist-packages/aiter_meta/3rdparty/composable_kernel/include/ck_tile/ops/flatmm/kernel/moe_flatmm_kernel.hpp:1378:50: note: built-in candidate operator*(long, unsigned long)
/usr/local/lib/python3.12/dist-packages/aiter_meta/3rdparty/composable_kernel/include/ck_tile/ops/flatmm/kernel/moe_flatmm_kernel.hpp:1378:50: note: built-in candidate operator*(long, unsigned long long)
/usr/local/lib/python3.12/dist-packages/aiter_meta/3rdparty/composable_kernel/include/ck_tile/ops/flatmm/kernel/moe_flatmm_kernel.hpp:1378:50: note: built-in candidate operator*(long, unsigned __int128)
/usr/local/lib/python3.12/dist-packages/aiter_meta/3rdparty/composable_kernel/include/ck_tile/ops/flatmm/kernel/moe_flatmm_kernel.hpp:1378:50: note: built-in candidate operator*(long long, float)
/usr/local/lib/python3.12/dist-packages/aiter_meta/3rdparty/composable_kernel/include/ck_tile/ops/flatmm/kernel/moe_flatmm_kernel.hpp:1378:50: note: built-in candidate operator*(long long, long double)
/usr/local/lib/python3.12/dist-packages/aiter_meta/3rdparty/composable_kernel/include/ck_tile/ops/flatmm/kernel/moe_flatmm_kernel.hpp:1378:50: note: built-in candidate operator*(long long, __float128)
/usr/local/lib/python3.12/dist-packages/aiter_meta/3rdparty/composable_kernel/include/ck_tile/ops/flatmm/kernel/moe_flatmm_kernel.hpp:1378:50: note: built-in candidate operator*(long long, long)
/usr/local/lib/python3.12/dist-packages/aiter_meta/3rdparty/composable_kernel/include/ck_tile/ops/flatmm/kernel/moe_flatmm_kernel.hpp:1378:50: note: built-in candidate operator*(long long, long long)
/usr/local/lib/python3.12/dist-packages/aiter_meta/3rdparty/composable_kernel/include/ck_tile/ops/flatmm/kernel/moe_flatmm_kernel.hpp:1378:50: note: built-in candidate operator*(long long, __int128)
/usr/local/lib/python3.12/dist-packages/aiter_meta/3rdparty/composable_kernel/include/ck_tile/ops/flatmm/kernel/moe_flatmm_kernel.hpp:1378:50: note: built-in candidate operator*(long long, unsigned int)
/usr/local/lib/python3.12/dist-packages/aiter_meta/3rdparty/composable_kernel/include/ck_tile/ops/flatmm/kernel/moe_flatmm_kernel.hpp:1378:50: note: built-in candidate operator*(long long, unsigned long)
/usr/local/lib/python3.12/dist-packages/aiter_meta/3rdparty/composable_kernel/include/ck_tile/ops/flatmm/kernel/moe_flatmm_kernel.hpp:1378:50: note: built-in candidate operator*(long long, unsigned long long)
/usr/local/lib/python3.12/dist-packages/aiter_meta/3rdparty/composable_kernel/include/ck_tile/ops/flatmm/kernel/moe_flatmm_kernel.hpp:1378:50: note: built-in candidate operator*(long long, unsigned __int128)
/usr/local/lib/python3.12/dist-packages/aiter_meta/3rdparty/composable_kernel/include/ck_tile/ops/flatmm/kernel/moe_flatmm_kernel.hpp:1378:50: note: built-in candidate operator*(__int128, float)
/usr/local/lib/python3.12/dist-packages/aiter_meta/3rdparty/composable_kernel/include/ck_tile/ops/flatmm/kernel/moe_flatmm_kernel.hpp:1378:50: note: built-in candidate operator*(__int128, long double)
/usr/local/lib/python3.12/dist-packages/aiter_meta/3rdparty/composable_kernel/include/ck_tile/ops/flatmm/kernel/moe_flatmm_kernel.hpp:1378:50: note: built-in candidate operator*(__int128, __float128)
/usr/local/lib/python3.12/dist-packages/aiter_meta/3rdparty/composable_kernel/include/ck_tile/ops/flatmm/kernel/moe_flatmm_kernel.hpp:1378:50: note: built-in candidate operator*(__int128, long)
/usr/local/lib/python3.12/dist-packages/aiter_meta/3rdparty/composable_kernel/include/ck_tile/ops/flatmm/kernel/moe_flatmm_kernel.hpp:1378:50: note: built-in candidate operator*(__int128, long long)
/usr/local/lib/python3.12/dist-packages/aiter_meta/3rdparty/composable_kernel/include/ck_tile/ops/flatmm/kernel/moe_flatmm_kernel.hpp:1378:50: note: built-in candidate operator*(__int128, __int128)
/usr/local/lib/python3.12/dist-packages/aiter_meta/3rdparty/composable_kernel/include/ck_tile/ops/flatmm/kernel/moe_flatmm_kernel.hpp:1378:50: note: built-in candidate operator*(__int128, unsigned int)
/usr/local/lib/python3.12/dist-packages/aiter_meta/3rdparty/composable_kernel/include/ck_tile/ops/flatmm/kernel/moe_flatmm_kernel.hpp:1378:50: note: built-in candidate operator*(__int128, unsigned long)
/usr/local/lib/python3.12/dist-packages/aiter_meta/3rdparty/composable_kernel/include/ck_tile/ops/flatmm/kernel/moe_flatmm_kernel.hpp:1378:50: note: built-in candidate operator*(__int128, unsigned long long)
/usr/local/lib/python3.12/dist-packages/aiter_meta/3rdparty/composable_kernel/include/ck_tile/ops/flatmm/kernel/moe_flatmm_kernel.hpp:1378:50: note: built-in candidate operator*(__int128, unsigned __int128)
/usr/local/lib/python3.12/dist-packages/aiter_meta/3rdparty/composable_kernel/include/ck_tile/ops/flatmm/kernel/moe_flatmm_kernel.hpp:1378:50: note: built-in candidate operator*(unsigned int, float)
/usr/local/lib/python3.12/dist-packages/aiter_meta/3rdparty/composable_kernel/include/ck_tile/ops/flatmm/kernel/moe_flatmm_kernel.hpp:1378:50: note: built-in candidate operator*(unsigned int, long double)
/usr/local/lib/python3.12/dist-packages/aiter_meta/3rdparty/composable_kernel/include/ck_tile/ops/flatmm/kernel/moe_flatmm_kernel.hpp:1378:50: note: built-in candidate operator*(unsigned int, __float128)
/usr/local/lib/python3.12/dist-packages/aiter_meta/3rdparty/composable_kernel/include/ck_tile/ops/flatmm/kernel/moe_flatmm_kernel.hpp:1378:50: note: built-in candidate operator*(unsigned int, long)
/usr/local/lib/python3.12/dist-packages/aiter_meta/3rdparty/composable_kernel/include/ck_tile/ops/flatmm/kernel/moe_flatmm_kernel.hpp:1378:50: note: built-in candidate operator*(unsigned int, long long)
/usr/local/lib/python3.12/dist-packages/aiter_meta/3rdparty/composable_kernel/include/ck_tile/ops/flatmm/kernel/moe_flatmm_kernel.hpp:1378:50: note: built-in candidate operator*(unsigned int, __int128)
/usr/local/lib/python3.12/dist-packages/aiter_meta/3rdparty/composable_kernel/include/ck_tile/ops/flatmm/kernel/moe_flatmm_kernel.hpp:1378:50: note: built-in candidate operator*(unsigned int, unsigned int)
/usr/local/lib/python3.12/dist-packages/aiter_meta/3rdparty/composable_kernel/include/ck_tile/ops/flatmm/kernel/moe_flatmm_kernel.hpp:1378:50: note: built-in candidate operator*(unsigned int, unsigned long)
/usr/local/lib/python3.12/dist-packages/aiter_meta/3rdparty/composable_kernel/include/ck_tile/ops/flatmm/kernel/moe_flatmm_kernel.hpp:1378:50: note: built-in candidate operator*(unsigned int, unsigned long long)
/usr/local/lib/python3.12/dist-packages/aiter_meta/3rdparty/composable_kernel/include/ck_tile/ops/flatmm/kernel/moe_flatmm_kernel.hpp:1378:50: note: built-in candidate operator*(unsigned int, unsigned __int128)
/usr/local/lib/python3.12/dist-packages/aiter_meta/3rdparty/composable_kernel/include/ck_tile/ops/flatmm/kernel/moe_flatmm_kernel.hpp:1378:50: note: built-in candidate operator*(unsigned long, float)
/usr/local/lib/python3.12/dist-packages/aiter_meta/3rdparty/composable_kernel/include/ck_tile/ops/flatmm/kernel/moe_flatmm_kernel.hpp:1378:50: note: built-in candidate operator*(unsigned long, long double)
/usr/local/lib/python3.12/dist-packages/aiter_meta/3rdparty/composable_kernel/include/ck_tile/ops/flatmm/kernel/moe_flatmm_kernel.hpp:1378:50: note: built-in candidate operator*(unsigned long, __float128)
/usr/local/lib/python3.12/dist-packages/aiter_meta/3rdparty/composable_kernel/include/ck_tile/ops/flatmm/kernel/moe_flatmm_kernel.hpp:1378:50: note: built-in candidate operator*(unsigned long, long)
/usr/local/lib/python3.12/dist-packages/aiter_meta/3rdparty/composable_kernel/include/ck_tile/ops/flatmm/kernel/moe_flatmm_kernel.hpp:1378:50: note: built-in candidate operator*(unsigned long, long long)
/usr/local/lib/python3.12/dist-packages/aiter_meta/3rdparty/composable_kernel/include/ck_tile/ops/flatmm/kernel/moe_flatmm_kernel.hpp:1378:50: note: built-in candidate operator*(unsigned long, __int128)
/usr/local/lib/python3.12/dist-packages/aiter_meta/3rdparty/composable_kernel/include/ck_tile/ops/flatmm/kernel/moe_flatmm_kernel.hpp:1378:50: note: built-in candidate operator*(unsigned long, unsigned int)
/usr/local/lib/python3.12/dist-packages/aiter_meta/3rdparty/composable_kernel/include/ck_tile/ops/flatmm/kernel/moe_flatmm_kernel.hpp:1378:50: note: built-in candidate operator*(unsigned long, unsigned long)
/usr/local/lib/python3.12/dist-packages/aiter_meta/3rdparty/composable_kernel/include/ck_tile/ops/flatmm/kernel/moe_flatmm_kernel.hpp:1378:50: note: built-in candidate operator*(unsigned long, unsigned long long)
/usr/local/lib/python3.12/dist-packages/aiter_meta/3rdparty/composable_kernel/include/ck_tile/ops/flatmm/kernel/moe_flatmm_kernel.hpp:1378:50: note: built-in candidate operator*(unsigned long, unsigned __int128)
/usr/local/lib/python3.12/dist-packages/aiter_meta/3rdparty/composable_kernel/include/ck_tile/ops/flatmm/kernel/moe_flatmm_kernel.hpp:1378:50: note: built-in candidate operator*(unsigned long long, float)
/usr/local/lib/python3.12/dist-packages/aiter_meta/3rdparty/composable_kernel/include/ck_tile/ops/flatmm/kernel/moe_flatmm_kernel.hpp:1378:50: note: built-in candidate operator*(unsigned long long, long double)
/usr/local/lib/python3.12/dist-packages/aiter_meta/3rdparty/composable_kernel/include/ck_tile/ops/flatmm/kernel/moe_flatmm_kernel.hpp:1378:50: note: built-in candidate operator*(unsigned long long, __float128)
/usr/local/lib/python3.12/dist-packages/aiter_meta/3rdparty/composable_kernel/include/ck_tile/ops/flatmm/kernel/moe_flatmm_kernel.hpp:1378:50: note: built-in candidate operator*(unsigned long long, long)
/usr/local/lib/python3.12/dist-packages/aiter_meta/3rdparty/composable_kernel/include/ck_tile/ops/flatmm/kernel/moe_flatmm_kernel.hpp:1378:50: note: built-in candidate operator*(unsigned long long, long long)
/usr/local/lib/python3.12/dist-packages/aiter_meta/3rdparty/composable_kernel/include/ck_tile/ops/flatmm/kernel/moe_flatmm_kernel.hpp:1378:50: note: built-in candidate operator*(unsigned long long, __int128)
/usr/local/lib/python3.12/dist-packages/aiter_meta/3rdparty/composable_kernel/include/ck_tile/ops/flatmm/kernel/moe_flatmm_kernel.hpp:1378:50: note: built-in candidate operator*(unsigned long long, unsigned int)
/usr/local/lib/python3.12/dist-packages/aiter_meta/3rdparty/composable_kernel/include/ck_tile/ops/flatmm/kernel/moe_flatmm_kernel.hpp:1378:50: note: built-in candidate operator*(unsigned long long, unsigned long)
/usr/local/lib/python3.12/dist-packages/aiter_meta/3rdparty/composable_kernel/include/ck_tile/ops/flatmm/kernel/moe_flatmm_kernel.hpp:1378:50: note: built-in candidate operator*(unsigned long long, unsigned long long)
/usr/local/lib/python3.12/dist-packages/aiter_meta/3rdparty/composable_kernel/include/ck_tile/ops/flatmm/kernel/moe_flatmm_kernel.hpp:1378:50: note: built-in candidate operator*(unsigned long long, unsigned __int128)
/usr/local/lib/python3.12/dist-packages/aiter_meta/3rdparty/composable_kernel/include/ck_tile/ops/flatmm/kernel/moe_flatmm_kernel.hpp:1378:50: note: built-in candidate operator*(unsigned __int128, float)
/usr/local/lib/python3.12/dist-packages/aiter_meta/3rdparty/composable_kernel/include/ck_tile/ops/flatmm/kernel/moe_flatmm_kernel.hpp:1378:50: note: built-in candidate operator*(unsigned __int128, long double)
/usr/local/lib/python3.12/dist-packages/aiter_meta/3rdparty/composable_kernel/include/ck_tile/ops/flatmm/kernel/moe_flatmm_kernel.hpp:1378:50: note: built-in candidate operator*(unsigned __int128, __float128)
/usr/local/lib/python3.12/dist-packages/aiter_meta/3rdparty/composable_kernel/include/ck_tile/ops/flatmm/kernel/moe_flatmm_kernel.hpp:1378:50: note: built-in candidate operator*(unsigned __int128, long)
/usr/local/lib/python3.12/dist-packages/aiter_meta/3rdparty/composable_kernel/include/ck_tile/ops/flatmm/kernel/moe_flatmm_kernel.hpp:1378:50: note: built-in candidate operator*(unsigned __int128, long long)
/usr/local/lib/python3.12/dist-packages/aiter_meta/3rdparty/composable_kernel/include/ck_tile/ops/flatmm/kernel/moe_flatmm_kernel.hpp:1378:50: note: built-in candidate operator*(unsigned __int128, __int128)
/usr/local/lib/python3.12/dist-packages/aiter_meta/3rdparty/composable_kernel/include/ck_tile/ops/flatmm/kernel/moe_flatmm_kernel.hpp:1378:50: note: built-in candidate operator*(unsigned __int128, unsigned int)
/usr/local/lib/python3.12/dist-packages/aiter_meta/3rdparty/composable_kernel/include/ck_tile/ops/flatmm/kernel/moe_flatmm_kernel.hpp:1378:50: note: built-in candidate operator*(unsigned __int128, unsigned long)
/usr/local/lib/python3.12/dist-packages/aiter_meta/3rdparty/composable_kernel/include/ck_tile/ops/flatmm/kernel/moe_flatmm_kernel.hpp:1378:50: note: built-in candidate operator*(unsigned __int128, unsigned long long)
/usr/local/lib/python3.12/dist-packages/aiter_meta/3rdparty/composable_kernel/include/ck_tile/ops/flatmm/kernel/moe_flatmm_kernel.hpp:1378:50: note: built-in candidate operator*(unsigned __int128, unsigned __int128)
/usr/local/lib/python3.12/dist-packages/aiter_meta/3rdparty/composable_kernel/include/ck_tile/ops/flatmm/kernel/moe_flatmm_kernel.hpp:1378:50: note: built-in candidate operator*(long double, double)
/usr/local/lib/python3.12/dist-packages/aiter_meta/3rdparty/composable_kernel/include/ck_tile/ops/flatmm/kernel/moe_flatmm_kernel.hpp:1378:50: note: built-in candidate operator*(long double, int)
/usr/local/lib/python3.12/dist-packages/aiter_meta/3rdparty/composable_kernel/include/ck_tile/ops/flatmm/kernel/moe_flatmm_kernel.hpp:1378:50: note: built-in candidate operator*(__float128, double)
/usr/local/lib/python3.12/dist-packages/aiter_meta/3rdparty/composable_kernel/include/ck_tile/ops/flatmm/kernel/moe_flatmm_kernel.hpp:1378:50: note: built-in candidate operator*(__float128, int)
/usr/local/lib/python3.12/dist-packages/aiter_meta/3rdparty/composable_kernel/include/ck_tile/ops/flatmm/kernel/moe_flatmm_kernel.hpp:1378:50: note: built-in candidate operator*(int, double)
/usr/local/lib/python3.12/dist-packages/aiter_meta/3rdparty/composable_kernel/include/ck_tile/ops/flatmm/kernel/moe_flatmm_kernel.hpp:1378:50: note: built-in candidate operator*(int, int)
/usr/local/lib/python3.12/dist-packages/aiter_meta/3rdparty/composable_kernel/include/ck_tile/ops/flatmm/kernel/moe_flatmm_kernel.hpp:1378:50: note: built-in candidate operator*(long, double)
/usr/local/lib/python3.12/dist-packages/aiter_meta/3rdparty/composable_kernel/include/ck_tile/ops/flatmm/kernel/moe_flatmm_kernel.hpp:1378:50: note: built-in candidate operator*(long, int)
/usr/local/lib/python3.12/dist-packages/aiter_meta/3rdparty/composable_kernel/include/ck_tile/ops/flatmm/kernel/moe_flatmm_kernel.hpp:1378:50: note: built-in candidate operator*(long long, double)
/usr/local/lib/python3.12/dist-packages/aiter_meta/3rdparty/composable_kernel/include/ck_tile/ops/flatmm/kernel/moe_flatmm_kernel.hpp:1378:50: note: built-in candidate operator*(long long, int)
/usr/local/lib/python3.12/dist-packages/aiter_meta/3rdparty/composable_kernel/include/ck_tile/ops/flatmm/kernel/moe_flatmm_kernel.hpp:1378:50: note: built-in candidate operator*(__int128, double)
/usr/local/lib/python3.12/dist-packages/aiter_meta/3rdparty/composable_kernel/include/ck_tile/ops/flatmm/kernel/moe_flatmm_kernel.hpp:1378:50: note: built-in candidate operator*(__int128, int)
/usr/local/lib/python3.12/dist-packages/aiter_meta/3rdparty/composable_kernel/include/ck_tile/ops/flatmm/kernel/moe_flatmm_kernel.hpp:1378:50: note: built-in candidate operator*(unsigned int, double)
/usr/local/lib/python3.12/dist-packages/aiter_meta/3rdparty/composable_kernel/include/ck_tile/ops/flatmm/kernel/moe_flatmm_kernel.hpp:1378:50: note: built-in candidate operator*(unsigned int, int)
/usr/local/lib/python3.12/dist-packages/aiter_meta/3rdparty/composable_kernel/include/ck_tile/ops/flatmm/kernel/moe_flatmm_kernel.hpp:1378:50: note: built-in candidate operator*(unsigned long, double)
/usr/local/lib/python3.12/dist-packages/aiter_meta/3rdparty/composable_kernel/include/ck_tile/ops/flatmm/kernel/moe_flatmm_kernel.hpp:1378:50: note: built-in candidate operator*(unsigned long, int)
/usr/local/lib/python3.12/dist-packages/aiter_meta/3rdparty/composable_kernel/include/ck_tile/ops/flatmm/kernel/moe_flatmm_kernel.hpp:1378:50: note: built-in candidate operator*(unsigned long long, double)
/usr/local/lib/python3.12/dist-packages/aiter_meta/3rdparty/composable_kernel/include/ck_tile/ops/flatmm/kernel/moe_flatmm_kernel.hpp:1378:50: note: built-in candidate operator*(unsigned long long, int)
/usr/local/lib/python3.12/dist-packages/aiter_meta/3rdparty/composable_kernel/include/ck_tile/ops/flatmm/kernel/moe_flatmm_kernel.hpp:1378:50: note: built-in candidate operator*(unsigned __int128, double)
/usr/local/lib/python3.12/dist-packages/aiter_meta/3rdparty/composable_kernel/include/ck_tile/ops/flatmm/kernel/moe_flatmm_kernel.hpp:1378:50: note: built-in candidate operator*(unsigned __int128, int)
In file included from /work/mpB/a16w4_moe_flatmm.cpp:13:
In file included from /work/mpB/a16w4_moe_flatmm.hpp:11:
In file included from /usr/local/lib/python3.12/dist-packages/aiter_meta/3rdparty/composable_kernel/include/ck_tile/ops/moe_flatmm.hpp:7:
In file included from /usr/local/lib/python3.12/dist-packages/aiter_meta/3rdparty/composable_kernel/include/ck_tile/ops/flatmm/pipeline/moe_flatmm_pipeline_agmem_bgmem_creg.hpp:8:
In file included from /usr/local/lib/python3.12/dist-packages/aiter_meta/3rdparty/composable_kernel/include/ck_tile/ops/flatmm/pipeline/flatmm_pipeline_agmem_bgmem_creg_v1_policy.hpp:7:
In file included from /usr/local/lib/python3.12/dist-packages/aiter_meta/3rdparty/composable_kernel/include/ck_tile/ops/gemm/warp/warp_gemm_dispatcher.hpp:8:
In file included from /usr/local/lib/python3.12/dist-packages/aiter_meta/3rdparty/composable_kernel/include/ck_tile/ops/gemm/warp/warp_gemm.hpp:7:
/usr/local/lib/python3.12/dist-packages/aiter_meta/3rdparty/composable_kernel/include/ck_tile/ops/gemm/warp/warp_gemm_impl.hpp:52:23: error: static assertion failed due to requirement 'detail::is_similiar_distributed_tensor_v<ck_tile::static_distributed_tensor<ck_tile::pk_int4_t, ck_tile::tile_distribution<ck_tile::tensor_adaptor<ck_tile::tuple<ck_tile::replicate<ck_tile::tuple<ck_tile::constant<1>>>, ck_tile::unmerge<ck_tile::tuple<ck_tile::constant<1>, ck_tile::constant<4>, ck_tile::constant<1>, ck_tile::constant<1>>, false>, ck_tile::unmerge<ck_tile::tuple<ck_tile::constant<1>, ck_tile::constant<1>, ck_tile::constant<64>, ck_tile::constant<8>>, false>, ck_tile::merge_v2_magic_division<ck_tile::tuple<ck_tile::constant<1>, ck_tile::constant<4>, ck_tile::constant<1>>>, ck_tile::merge_v2_magic_division<ck_tile::tuple<ck_tile::constant<1>, ck_tile::constant<64>>>>, ck_tile::tuple<ck_tile::sequence<>, ck_tile::sequence<0>, ck_tile::sequence<1>, ck_tile::sequence<2, 4, 8>, ck_tile::sequence<5, 9>>, ck_tile::tuple<ck_tile::sequence<2>, ck_tile::sequence<3, 4, 5, 6>, ck_tile::sequence<7, 8, 9, 10>, ck_tile::sequence<11>, ck_tile::sequence<12>>, ck_tile::sequence<0, 1>, ck_tile::sequence<11, 12, 3, 6, 7, 10>>, ck_tile::tensor_descriptor<ck_tile::tuple<ck_tile::unmerge<ck_tile::tuple<ck_tile::constant<1>, ck_tile::constant<1>, ck_tile::constant<1>, ck_tile::constant<8>>, false>>, ck_tile::tuple<ck_tile::sequence<0>>, ck_tile::tuple<ck_tile::sequence<1, 2, 3, 4>>, ck_tile::sequence<1, 2, 3, 4>, ck_tile::constant<8>, ck_tile::sequence<-1, -1, -1, -1, -1>, ck_tile::sequence<-1, -1, -1, -1, -1>>, ck_tile::tile_distribution_encoding<ck_tile::sequence<1>, ck_tile::tuple<ck_tile::sequence<1, 4, 1, 1>, ck_tile::sequence<1, 1, 64, 8>>, ck_tile::tuple<ck_tile::sequence<0, 1, 2>, ck_tile::sequence<1, 2>>, ck_tile::tuple<ck_tile::sequence<0, 1, 1>, ck_tile::sequence<2, 2>>, ck_tile::sequence<1, 1, 2, 2>, ck_tile::sequence<0, 3, 0, 3>>, ck_tile::detail::tile_distribution_detail<ck_tile::tuple<ck_tile::sequence<2>, ck_tile::sequence<3, 4, 5, 6>, ck_tile::sequence<7, 8, 9, 10>>>, false>>, ck_tile::static_distributed_tensor<__bf16, ck_tile::tile_distribution<ck_tile::tensor_adaptor<ck_tile::tuple<ck_tile::replicate<ck_tile::tuple<>>, ck_tile::unmerge<ck_tile::tuple<ck_tile::constant<16>>, false>, ck_tile::unmerge<ck_tile::tuple<ck_tile::constant<4>, ck_tile::constant<8>>, false>, ck_tile::merge_v2_magic_division<ck_tile::tuple<ck_tile::constant<4>, ck_tile::constant<16>>>>, ck_tile::tuple<ck_tile::sequence<>, ck_tile::sequence<0>, ck_tile::sequence<1>, ck_tile::sequence<3, 2>>, ck_tile::tuple<ck_tile::sequence<>, ck_tile::sequence<2>, ck_tile::sequence<3, 4>, ck_tile::sequence<5>>, ck_tile::sequence<0, 1>, ck_tile::sequence<5, 4>>, ck_tile::tensor_descriptor<ck_tile::tuple<ck_tile::unmerge<ck_tile::tuple<ck_tile::constant<8>>, false>>, ck_tile::tuple<ck_tile::sequence<0>>, ck_tile::tuple<ck_tile::sequence<1>>, ck_tile::sequence<1>, ck_tile::constant<8>, ck_tile::sequence<-1, -1>, ck_tile::sequence<-1, -1>>, ck_tile::tile_distribution_encoding<ck_tile::sequence<>, ck_tile::tuple<ck_tile::sequence<16>, ck_tile::sequence<4, 8>>, ck_tile::tuple<ck_tile::sequence<2, 1>>, ck_tile::tuple<ck_tile::sequence<0, 0>>, ck_tile::sequence<2>, ck_tile::sequence<1>>, ck_tile::detail::tile_distribution_detail<ck_tile::tuple<ck_tile::sequence<>, ck_tile::sequence<2>, ck_tile::sequence<3, 4>>>, false>>>'
   52 |                       detail::is_similiar_distributed_tensor_v<BTensor, BWarpTensor>);
      |                       ^~~~~~~~~~~~~~~~~~~~~~~~~~~~~~~~~~~~~~~~~~~~~~~~~~~~~~~~~~~~~~
/usr/local/lib/python3.12/dist-packages/aiter_meta/3rdparty/composable_kernel/include/ck_tile/ops/flatmm/pipeline/moe_flatmm_pipeline_agmem_bgmem_creg.hpp:688:21: note: in instantiation of function template specialization 'ck_tile::WarpGemmImpl<ck_tile::WarpGemmAttributeMfmaIterateK<ck_tile::WarpGemmAttributeMfmaImplBf16Bf16F32M16N16K16<ck_tile::WGAttrCtlEnum::Default_>, 2, ck_tile::WGAttrNumAccessEnum::Single, ck_tile::WGAttrNumAccessEnum::Single>>::operator()<ck_tile::static_distributed_tensor<float, ck_tile::tile_distribution<ck_tile::tensor_adaptor<ck_tile::tuple<ck_tile::replicate<ck_tile::tuple<>>, ck_tile::unmerge<ck_tile::tuple<ck_tile::constant<1>, ck_tile::constant<4>, ck_tile::constant<4>>, false>, ck_tile::unmerge<ck_tile::tuple<ck_tile::constant<16>>, false>, ck_tile::merge_v2_magic_division<ck_tile::tuple<ck_tile::constant<4>, ck_tile::constant<16>>>>, ck_tile::tuple<ck_tile::sequence<>, ck_tile::sequence<0>, ck_tile::sequence<1>, ck_tile::sequence<3, 5>>, ck_tile::tuple<ck_tile::sequence<>, ck_tile::sequence<2, 3, 4>, ck_tile::sequence<5>, ck_tile::sequence<6>>, ck_tile::sequence<0, 1>, ck_tile::sequence<6, 2, 4>>, ck_tile::tensor_descriptor<ck_tile::tuple<ck_tile::unmerge<ck_tile::tuple<ck_tile::constant<1>, ck_tile::constant<4>>, false>>, ck_tile::tuple<ck_tile::sequence<0>>, ck_tile::tuple<ck_tile::sequence<1, 2>>, ck_tile::sequence<1, 2>, ck_tile::constant<4>, ck_tile::sequence<-1, -1, -1>, ck_tile::sequence<-1, -1, -1>>, ck_tile::tile_distribution_encoding<ck_tile::sequence<>, ck_tile::tuple<ck_tile::sequence<1, 4, 4>, ck_tile::sequence<16>>, ck_tile::tuple<ck_tile::sequence<1, 2>>, ck_tile::tuple<ck_tile::sequence<1, 0>>, ck_tile::sequence<1, 1>, ck_tile::sequence<0, 2>>, ck_tile::detail::tile_distribution_detail<ck_tile::tuple<ck_tile::sequence<>, ck_tile::sequence<2, 3, 4>, ck_tile::sequence<5>>>>>, ck_tile::static_distributed_tensor<__bf16, ck_tile::tile_distribution<ck_tile::tensor_adaptor<ck_tile::tuple<ck_tile::replicate<ck_tile::tuple<ck_tile::constant<4>>>, ck_tile::unmerge<ck_tile::tuple<ck_tile::constant<16>>, false>, ck_tile::unmerge<ck_tile::tuple<ck_tile::constant<1>, ck_tile::constant<4>, ck_tile::constant<8>>, false>, ck_tile::merge_v2_magic_division<ck_tile::tuple<ck_tile::constant<4>>>, ck_tile::merge_v2_magic_division<ck_tile::tuple<ck_tile::constant<4>, ck_tile::constant<16>>>>, ck_tile::tuple<ck_tile::sequence<>, ck_tile::sequence<0>, ck_tile::sequence<1>, ck_tile::sequence<2>, ck_tile::sequence<5, 3>>, ck_tile::tuple<ck_tile::sequence<2>, ck_tile::sequence<3>, ck_tile::sequence<4, 5, 6>, ck_tile::sequence<7>, ck_tile::sequence<8>>, ck_tile::sequence<0, 1>, ck_tile::sequence<7, 8, 4, 6>>, ck_tile::tensor_descriptor<ck_tile::tuple<ck_tile::unmerge<ck_tile::tuple<ck_tile::constant<1>, ck_tile::constant<8>>, false>>, ck_tile::tuple<ck_tile::sequence<0>>, ck_tile::tuple<ck_tile::sequence<1, 2>>, ck_tile::sequence<1, 2>, ck_tile::constant<8>, ck_tile::sequence<-1, -1, -1>, ck_tile::sequence<-1, -1, -1>>, ck_tile::tile_distribution_encoding<ck_tile::sequence<4>, ck_tile::tuple<ck_tile::sequence<16>, ck_tile::sequence<1, 4, 8>>, ck_tile::tuple<ck_tile::sequence<0>, ck_tile::sequence<2, 1>>, ck_tile::tuple<ck_tile::sequence<0>, ck_tile::sequence<1, 0>>, ck_tile::sequence<2, 2>, ck_tile::sequence<0, 2>>, ck_tile::detail::tile_distribution_detail<ck_tile::tuple<ck_tile::sequence<2>, ck_tile::sequence<3>, ck_tile::sequence<4, 5, 6>>>>>, ck_tile::static_distributed_tensor<ck_tile::pk_int4_t, ck_tile::tile_distribution<ck_tile::tensor_adaptor<ck_tile::tuple<ck_tile::replicate<ck_tile::tuple<ck_tile::constant<1>>>, ck_tile::unmerge<ck_tile::tuple<ck_tile::constant<1>, ck_tile::constant<4>, ck_tile::constant<1>, ck_tile::constant<1>>, false>, ck_tile::unmerge<ck_tile::tuple<ck_tile::constant<1>, ck_tile::constant<1>, ck_tile::constant<64>, ck_tile::constant<8>>, false>, ck_tile::merge_v2_magic_division<ck_tile::tuple<ck_tile::constant<1>, ck_tile::constant<4>, ck_tile::constant<1>>>, ck_tile::merge_v2_magic_division<ck_tile::tuple<ck_tile::constant<1>, ck_tile::constant<64>>>>, ck_tile::tuple<ck_tile::sequence<>, ck_tile::sequence<0>, ck_tile::sequence<1>, ck_tile::sequence<2, 4, 8>, ck_tile::sequence<5, 9>>, ck_tile::tuple<ck_tile::sequence<2>, ck_tile::sequence<3, 4, 5, 6>, ck_tile::sequence<7, 8, 9, 10>, ck_tile::sequence<11>, ck_tile::sequence<12>>, ck_tile::sequence<0, 1>, ck_tile::sequence<11, 12, 3, 6, 7, 10>>, ck_tile::tensor_descriptor<ck_tile::tuple<ck_tile::unmerge<ck_tile::tuple<ck_tile::constant<1>, ck_tile::constant<1>, ck_tile::constant<1>, ck_tile::constant<8>>, false>>, ck_tile::tuple<ck_tile::sequence<0>>, ck_tile::tuple<ck_tile::sequence<1, 2, 3, 4>>, ck_tile::sequence<1, 2, 3, 4>, ck_tile::constant<8>, ck_tile::sequence<-1, -1, -1, -1, -1>, ck_tile::sequence<-1, -1, -1, -1, -1>>, ck_tile::tile_distribution_encoding<ck_tile::sequence<1>, ck_tile::tuple<ck_tile::sequence<1, 4, 1, 1>, ck_tile::sequence<1, 1, 64, 8>>, ck_tile::tuple<ck_tile::sequence<0, 1, 2>, ck_tile::sequence<1, 2>>, ck_tile::tuple<ck_tile::sequence<0, 1, 1>, ck_tile::sequence<2, 2>>, ck_tile::sequence<1, 1, 2, 2>, ck_tile::sequence<0, 3, 0, 3>>, ck_tile::detail::tile_distribution_detail<ck_tile::tuple<ck_tile::sequence<2>, ck_tile::sequence<3, 4, 5, 6>, ck_tile::sequence<7, 8, 9, 10>>>>>>' requested here
  688 |                     WG{}(c_warp_tensor,
      |                     ^
/usr/local/lib/python3.12/dist-packages/aiter_meta/3rdparty/composable_kernel/include/ck_tile/ops/flatmm/kernel/moe_flatmm_kernel.hpp:923:19: note: in instantiation of function template specialization 'ck_tile::MoeFlatmmKernel<ck_tile::GemmSpatiallyLocalTilePartitioner<ck_tile::TileGemmShape<ck_tile::sequence<32, 256, 256>, ck_tile::sequence<1, 4, 1>, ck_tile::sequence<16, 16, 32>>, 8, 4>, ck_tile::MoeFlatmmPipelineAGmemBGmemCRegV1<ck_tile::FlatmmPipelineProblem<__bf16, ck_tile::pk_int4_t, float, ck_tile::TileGemmShape<ck_tile::sequence<32, 256, 256>, ck_tile::sequence<1, 4, 1>, ck_tile::sequence<16, 16, 32>>, ck_tile::TileGemmUniversalTraits<false, false, false, false, ck_tile::tensor_layout::gemm::RowMajor, ck_tile::tensor_layout::gemm::ColumnMajor, ck_tile::tensor_layout::gemm::RowMajor, false, false, false, 1, true>, ck_tile::GemmPipelineScheduler::Default, true, ck_tile::TailNumber::Even, ck_tile::amd_buffer_coherence_enum::coherence_default>>, ck_tile::CShuffleEpilogue<ck_tile::CShuffleEpilogueProblem<__bf16, __bf16, ck_tile::tuple<>, float, __bf16, ck_tile::tuple<>, ck_tile::tensor_layout::gemm::RowMajor, ck_tile::element_wise::PassThrough, 32, 256, 1, 4, 16, 16, 32, false, 1, false, 1, 2>>, ck_tile::MoeFlatmmKind::kFFN_gemm1_gate_up>::operator()<ck_tile::MoeFlatmmKernel<ck_tile::GemmSpatiallyLocalTilePartitioner<ck_tile::TileGemmShape<ck_tile::sequence<32, 256, 256>, ck_tile::sequence<1, 4, 1>, ck_tile::sequence<16, 16, 32>>, 8, 4>, ck_tile::MoeFlatmmPipelineAGmemBGmemCRegV1<ck_tile::FlatmmPipelineProblem<__bf16, ck_tile::pk_int4_t, float, ck_tile::TileGemmShape<ck_tile::sequence<32, 256, 256>, ck_tile::sequence<1, 4, 1>, ck_tile::sequence<16, 16, 32>>, ck_tile::TileGemmUniversalTraits<false, false, false, false, ck_tile::tensor_layout::gemm::RowMajor, ck_tile::tensor_layout::gemm::ColumnMajor, ck_tile::tensor_layout::gemm::RowMajor, false, false, false, 1, true>, ck_tile::GemmPipelineScheduler::Default, true, ck_tile::TailNumber::Even, ck_tile::amd_buffer_coherence_enum::coherence_default>>, ck_tile::CShuffleEpilogue<ck_tile::CShuffleEpilogueProblem<__bf16, __bf16, ck_tile::tuple<>, float, __bf16, ck_tile::tuple<>, ck_tile::tensor_layout::gemm::RowMajor, ck_tile::element_wise::PassThrough, 32, 256, 1, 4, 16, 16, 32, false, 1, false, 1, 2>>, ck_tile::MoeFlatmmKind::kFFN_gemm1_gate_up>::MoeFlatmmKernelArgs<ck_tile::FlatmmScalePointer<-1>, ck_tile::FlatmmScalePointer<1, 32, ck_tile::e8m0_bexp_t>, ck_tile::FlatmmScalePointer<1>>>' requested here
  923 |             this->operator()(kargs, block_offset_m, block_offset_n);
      |                   ^
/usr/local/lib/python3.12/dist-packages/aiter_meta/3rdparty/composable_kernel/include/ck_tile/host/kernel_launch.hpp:84:5: note: in instantiation of function template specialization 'ck_tile::MoeFlatmmKernel<ck_tile::GemmSpatiallyLocalTilePartitioner<ck_tile::TileGemmShape<ck_tile::sequence<32, 256, 256>, ck_tile::sequence<1, 4, 1>, ck_tile::sequence<16, 16, 32>>, 8, 4>, ck_tile::MoeFlatmmPipelineAGmemBGmemCRegV1<ck_tile::FlatmmPipelineProblem<__bf16, ck_tile::pk_int4_t, float, ck_tile::TileGemmShape<ck_tile::sequence<32, 256, 256>, ck_tile::sequence<1, 4, 1>, ck_tile::sequence<16, 16, 32>>, ck_tile::TileGemmUniversalTraits<false, false, false, false, ck_tile::tensor_layout::gemm::RowMajor, ck_tile::tensor_layout::gemm::ColumnMajor, ck_tile::tensor_layout::gemm::RowMajor, false, false, false, 1, true>, ck_tile::GemmPipelineScheduler::Default, true, ck_tile::TailNumber::Even, ck_tile::amd_buffer_coherence_enum::coherence_default>>, ck_tile::CShuffleEpilogue<ck_tile::CShuffleEpilogueProblem<__bf16, __bf16, ck_tile::tuple<>, float, __bf16, ck_tile::tuple<>, ck_tile::tensor_layout::gemm::RowMajor, ck_tile::element_wise::PassThrough, 32, 256, 1, 4, 16, 16, 32, false, 1, false, 1, 2>>, ck_tile::MoeFlatmmKind::kFFN_gemm1_gate_up>::operator()<ck_tile::MoeFlatmmKernel<ck_tile::GemmSpatiallyLocalTilePartitioner<ck_tile::TileGemmShape<ck_tile::sequence<32, 256, 256>, ck_tile::sequence<1, 4, 1>, ck_tile::sequence<16, 16, 32>>, 8, 4>, ck_tile::MoeFlatmmPipelineAGmemBGmemCRegV1<ck_tile::FlatmmPipelineProblem<__bf16, ck_tile::pk_int4_t, float, ck_tile::TileGemmShape<ck_tile::sequence<32, 256, 256>, ck_tile::sequence<1, 4, 1>, ck_tile::sequence<16, 16, 32>>, ck_tile::TileGemmUniversalTraits<false, false, false, false, ck_tile::tensor_layout::gemm::RowMajor, ck_tile::tensor_layout::gemm::ColumnMajor, ck_tile::tensor_layout::gemm::RowMajor, false, false, false, 1, true>, ck_tile::GemmPipelineScheduler::Default, true, ck_tile::TailNumber::Even, ck_tile::amd_buffer_coherence_enum::coherence_default>>, ck_tile::CShuffleEpilogue<ck_tile::CShuffleEpilogueProblem<__bf16, __bf16, ck_tile::tuple<>, float, __bf16, ck_tile::tuple<>, ck_tile::tensor_layout::gemm::RowMajor, ck_tile::element_wise::PassThrough, 32, 256, 1, 4, 16, 16, 32, false, 1, false, 1, 2>>, ck_tile::MoeFlatmmKind::kFFN_gemm1_gate_up>::MoeFlatmmKernelArgs<ck_tile::FlatmmScalePointer<-1>, ck_tile::FlatmmScalePointer<1, 32, ck_tile::e8m0_bexp_t>, ck_tile::FlatmmScalePointer<1>>>' requested here
   84 |     KENTRY_BODY;
      |     ^
/usr/local/lib/python3.12/dist-packages/aiter_meta/3rdparty/composable_kernel/include/ck_tile/host/kernel_launch.hpp:74:21: note: expanded from macro 'KENTRY_BODY'
   74 | #define KENTRY_BODY Kernel{}(args...)
      |                     ^
/usr/local/lib/python3.12/dist-packages/aiter_meta/3rdparty/composable_kernel/include/ck_tile/host/kernel_launch.hpp:128:20: note: in instantiation of function template specialization 'ck_tile::kentry<1, ck_tile::MoeFlatmmKernel<ck_tile::GemmSpatiallyLocalTilePartitioner<ck_tile::TileGemmShape<ck_tile::sequence<32, 256, 256>, ck_tile::sequence<1, 4, 1>, ck_tile::sequence<16, 16, 32>>, 8, 4>, ck_tile::MoeFlatmmPipelineAGmemBGmemCRegV1<ck_tile::FlatmmPipelineProblem<__bf16, ck_tile::pk_int4_t, float, ck_tile::TileGemmShape<ck_tile::sequence<32, 256, 256>, ck_tile::sequence<1, 4, 1>, ck_tile::sequence<16, 16, 32>>, ck_tile::TileGemmUniversalTraits<false, false, false, false, ck_tile::tensor_layout::gemm::RowMajor, ck_tile::tensor_layout::gemm::ColumnMajor, ck_tile::tensor_layout::gemm::RowMajor, false, false, false, 1, true>, ck_tile::GemmPipelineScheduler::Default, true, ck_tile::TailNumber::Even, ck_tile::amd_buffer_coherence_enum::coherence_default>>, ck_tile::CShuffleEpilogue<ck_tile::CShuffleEpilogueProblem<__bf16, __bf16, ck_tile::tuple<>, float, __bf16, ck_tile::tuple<>, ck_tile::tensor_layout::gemm::RowMajor, ck_tile::element_wise::PassThrough, 32, 256, 1, 4, 16, 16, 32, false, 1, false, 1, 2>>, ck_tile::MoeFlatmmKind::kFFN_gemm1_gate_up>, ck_tile::MoeFlatmmKernel<ck_tile::GemmSpatiallyLocalTilePartitioner<ck_tile::TileGemmShape<ck_tile::sequence<32, 256, 256>, ck_tile::sequence<1, 4, 1>, ck_tile::sequence<16, 16, 32>>, 8, 4>, ck_tile::MoeFlatmmPipelineAGmemBGmemCRegV1<ck_tile::FlatmmPipelineProblem<__bf16, ck_tile::pk_int4_t, float, ck_tile::TileGemmShape<ck_tile::sequence<32, 256, 256>, ck_tile::sequence<1, 4, 1>, ck_tile::sequence<16, 16, 32>>, ck_tile::TileGemmUniversalTraits<false, false, false, false, ck_tile::tensor_layout::gemm::RowMajor, ck_tile::tensor_layout::gemm::ColumnMajor, ck_tile::tensor_layout::gemm::RowMajor, false, false, false, 1, true>, ck_tile::GemmPipelineScheduler::Default, true, ck_tile::TailNumber::Even, ck_tile::amd_buffer_coherence_enum::coherence_default>>, ck_tile::CShuffleEpilogue<ck_tile::CShuffleEpilogueProblem<__bf16, __bf16, ck_tile::tuple<>, float, __bf16, ck_tile::tuple<>, ck_tile::tensor_layout::gemm::RowMajor, ck_tile::element_wise::PassThrough, 32, 256, 1, 4, 16, 16, 32, false, 1, false, 1, 2>>, ck_tile::MoeFlatmmKind::kFFN_gemm1_gate_up>::MoeFlatmmKernelArgs<ck_tile::FlatmmScalePointer<-1>, ck_tile::FlatmmScalePointer<1, 32, ck_tile::e8m0_bexp_t>, ck_tile::FlatmmScalePointer<1>>>' requested here
  128 |             return kentry<MinBlockPerCu, KernelImpl, Args...>;
      |                    ^
/work/mpB/run_a16w4_moe_flatmm_example.inc:19:22: note: in instantiation of function template specialization 'a16w4_moe_gemm<A16W4_FlatmmConfig16, __bf16, ck_tile::pk_int4_t, ck_tile::tuple<>, float, __bf16, ck_tile::tensor_layout::gemm::RowMajor, ck_tile::tensor_layout::gemm::ColumnMajor, ck_tile::tuple<>, ck_tile::tensor_layout::gemm::RowMajor, ck_tile::MoeFlatmmKind::kFFN_gemm1_gate_up, ck_tile::element_wise::PassThrough, ck_tile::MoeFlatmmHostArgs<ck_tile::FlatmmScalePointer<-1>, ck_tile::FlatmmScalePointer<1, 32, ck_tile::e8m0_bexp_t>, ck_tile::FlatmmScalePointer<1>>>' requested here
   19 |     float ave_time = a16w4_moe_gemm<FlatmmConfig,
      |                      ^
/work/mpB/run_a16w4_moe_flatmm_example.inc:269:5: note: in instantiation of function template specialization 'invoke_a16w4_moe_gemm<A16W4_FlatmmConfig16, __bf16, ck_tile::pk_int4_t, ck_tile::tuple<>, float, __bf16, ck_tile::tensor_layout::gemm::RowMajor, ck_tile::tensor_layout::gemm::ColumnMajor, ck_tile::tuple<>, ck_tile::tensor_layout::gemm::RowMajor, ck_tile::MoeFlatmmKind::kFFN_gemm1_gate_up, ck_tile::element_wise::PassThrough, ck_tile::MoeFlatmmHostArgs<ck_tile::FlatmmScalePointer<-1>, ck_tile::FlatmmScalePointer<1, 32, ck_tile::e8m0_bexp_t>, ck_tile::FlatmmScalePointer<1>>>' requested here
  269 |     invoke_a16w4_moe_gemm<FlatmmConfig,
      |     ^
/work/mpB/a16w4_moe_flatmm.cpp:455:24: note: in instantiation of function template specialization 'run_a16w4_moe_gemm_example_with_layouts<__bf16, ck_tile::pk_int4_t, A16W4_FlatmmConfig16, ck_tile::MoeFlatmmKind::kFFN_gemm1_gate_up, ck_tile::tensor_layout::gemm::RowMajor, ck_tile::tensor_layout::gemm::ColumnMajor, ck_tile::tensor_layout::gemm::RowMajor>' requested here
  455 |                 return run_a16w4_moe_gemm_example_with_layouts<
      |                        ^
/work/mpB/a16w4_moe_flatmm.cpp:544:21: note: in instantiation of function template specialization 'run_a16w4_moe_flatmm_example<A16W4_FlatmmConfig16>' requested here
  544 |             return !run_a16w4_moe_flatmm_example<A16W4_FlatmmConfig16>(argc, argv);
      |                     ^
In file included from /work/mpB/a16w4_moe_flatmm.cpp:13:
In file included from /work/mpB/a16w4_moe_flatmm.hpp:9:
In file included from /usr/local/lib/python3.12/dist-packages/aiter_meta/3rdparty/composable_kernel/include/ck_tile/core.hpp:9:
In file included from /usr/local/lib/python3.12/dist-packages/aiter_meta/3rdparty/composable_kernel/include/ck_tile/core/algorithm/static_encoding_pattern.hpp:76:
In file included from /usr/local/lib/python3.12/dist-packages/aiter_meta/3rdparty/composable_kernel/include/ck_tile/core/arch/arch.hpp:10:
In file included from /usr/local/lib/python3.12/dist-packages/aiter_meta/3rdparty/composable_kernel/include/ck_tile/core/arch/amd_buffer_addressing_builtins.hpp:14:
/usr/local/lib/python3.12/dist-packages/aiter_meta/3rdparty/composable_kernel/include/ck_tile/core/container/thread_buffer.hpp:107:56: error: static assertion failed due to requirement 'sizeof(ck_tile::pk_int4_t) * N % sizeof(__bf16 __attribute__((ext_vector_type(4)))) == 0'
  107 |     CK_TILE_HOST_DEVICE constexpr auto get_as() const {TB_COMMON_AS();
      |                                                        ^~~~~~~~~~~~~~
/usr/local/lib/python3.12/dist-packages/aiter_meta/3rdparty/composable_kernel/include/ck_tile/core/container/thread_buffer.hpp:100:27: note: expanded from macro 'TB_COMMON_AS'
  100 |             static_assert(sizeof(value_type) * N % sizeof(Tx) == 0); \
      |                           ^~~~~~~~~~~~~~~~~~~~~~~~~~~~~~~~~~~~~~~~
/usr/local/lib/python3.12/dist-packages/aiter_meta/3rdparty/composable_kernel/include/ck_tile/ops/gemm/warp/warp_gemm_impl.hpp:60:59: note: in instantiation of function template specialization 'ck_tile::thread_buffer<ck_tile::pk_int4_t, 4>::get_as<__bf16 __attribute__((ext_vector_type(4)))>' requested here
   60 |         const auto b_vec = b.get_thread_buffer().template get_as<BVec>()[I0];
      |                                                           ^
/usr/local/lib/python3.12/dist-packages/aiter_meta/3rdparty/composable_kernel/include/ck_tile/ops/flatmm/pipeline/moe_flatmm_pipeline_agmem_bgmem_creg.hpp:688:21: note: in instantiation of function template specialization 'ck_tile::WarpGemmImpl<ck_tile::WarpGemmAttributeMfmaIterateK<ck_tile::WarpGemmAttributeMfmaImplBf16Bf16F32M16N16K16<ck_tile::WGAttrCtlEnum::Default_>, 2, ck_tile::WGAttrNumAccessEnum::Single, ck_tile::WGAttrNumAccessEnum::Single>>::operator()<ck_tile::static_distributed_tensor<float, ck_tile::tile_distribution<ck_tile::tensor_adaptor<ck_tile::tuple<ck_tile::replicate<ck_tile::tuple<>>, ck_tile::unmerge<ck_tile::tuple<ck_tile::constant<1>, ck_tile::constant<4>, ck_tile::constant<4>>, false>, ck_tile::unmerge<ck_tile::tuple<ck_tile::constant<16>>, false>, ck_tile::merge_v2_magic_division<ck_tile::tuple<ck_tile::constant<4>, ck_tile::constant<16>>>>, ck_tile::tuple<ck_tile::sequence<>, ck_tile::sequence<0>, ck_tile::sequence<1>, ck_tile::sequence<3, 5>>, ck_tile::tuple<ck_tile::sequence<>, ck_tile::sequence<2, 3, 4>, ck_tile::sequence<5>, ck_tile::sequence<6>>, ck_tile::sequence<0, 1>, ck_tile::sequence<6, 2, 4>>, ck_tile::tensor_descriptor<ck_tile::tuple<ck_tile::unmerge<ck_tile::tuple<ck_tile::constant<1>, ck_tile::constant<4>>, false>>, ck_tile::tuple<ck_tile::sequence<0>>, ck_tile::tuple<ck_tile::sequence<1, 2>>, ck_tile::sequence<1, 2>, ck_tile::constant<4>, ck_tile::sequence<-1, -1, -1>, ck_tile::sequence<-1, -1, -1>>, ck_tile::tile_distribution_encoding<ck_tile::sequence<>, ck_tile::tuple<ck_tile::sequence<1, 4, 4>, ck_tile::sequence<16>>, ck_tile::tuple<ck_tile::sequence<1, 2>>, ck_tile::tuple<ck_tile::sequence<1, 0>>, ck_tile::sequence<1, 1>, ck_tile::sequence<0, 2>>, ck_tile::detail::tile_distribution_detail<ck_tile::tuple<ck_tile::sequence<>, ck_tile::sequence<2, 3, 4>, ck_tile::sequence<5>>>>>, ck_tile::static_distributed_tensor<__bf16, ck_tile::tile_distribution<ck_tile::tensor_adaptor<ck_tile::tuple<ck_tile::replicate<ck_tile::tuple<ck_tile::constant<4>>>, ck_tile::unmerge<ck_tile::tuple<ck_tile::constant<16>>, false>, ck_tile::unmerge<ck_tile::tuple<ck_tile::constant<1>, ck_tile::constant<4>, ck_tile::constant<8>>, false>, ck_tile::merge_v2_magic_division<ck_tile::tuple<ck_tile::constant<4>>>, ck_tile::merge_v2_magic_division<ck_tile::tuple<ck_tile::constant<4>, ck_tile::constant<16>>>>, ck_tile::tuple<ck_tile::sequence<>, ck_tile::sequence<0>, ck_tile::sequence<1>, ck_tile::sequence<2>, ck_tile::sequence<5, 3>>, ck_tile::tuple<ck_tile::sequence<2>, ck_tile::sequence<3>, ck_tile::sequence<4, 5, 6>, ck_tile::sequence<7>, ck_tile::sequence<8>>, ck_tile::sequence<0, 1>, ck_tile::sequence<7, 8, 4, 6>>, ck_tile::tensor_descriptor<ck_tile::tuple<ck_tile::unmerge<ck_tile::tuple<ck_tile::constant<1>, ck_tile::constant<8>>, false>>, ck_tile::tuple<ck_tile::sequence<0>>, ck_tile::tuple<ck_tile::sequence<1, 2>>, ck_tile::sequence<1, 2>, ck_tile::constant<8>, ck_tile::sequence<-1, -1, -1>, ck_tile::sequence<-1, -1, -1>>, ck_tile::tile_distribution_encoding<ck_tile::sequence<4>, ck_tile::tuple<ck_tile::sequence<16>, ck_tile::sequence<1, 4, 8>>, ck_tile::tuple<ck_tile::sequence<0>, ck_tile::sequence<2, 1>>, ck_tile::tuple<ck_tile::sequence<0>, ck_tile::sequence<1, 0>>, ck_tile::sequence<2, 2>, ck_tile::sequence<0, 2>>, ck_tile::detail::tile_distribution_detail<ck_tile::tuple<ck_tile::sequence<2>, ck_tile::sequence<3>, ck_tile::sequence<4, 5, 6>>>>>, ck_tile::static_distributed_tensor<ck_tile::pk_int4_t, ck_tile::tile_distribution<ck_tile::tensor_adaptor<ck_tile::tuple<ck_tile::replicate<ck_tile::tuple<ck_tile::constant<1>>>, ck_tile::unmerge<ck_tile::tuple<ck_tile::constant<1>, ck_tile::constant<4>, ck_tile::constant<1>, ck_tile::constant<1>>, false>, ck_tile::unmerge<ck_tile::tuple<ck_tile::constant<1>, ck_tile::constant<1>, ck_tile::constant<64>, ck_tile::constant<8>>, false>, ck_tile::merge_v2_magic_division<ck_tile::tuple<ck_tile::constant<1>, ck_tile::constant<4>, ck_tile::constant<1>>>, ck_tile::merge_v2_magic_division<ck_tile::tuple<ck_tile::constant<1>, ck_tile::constant<64>>>>, ck_tile::tuple<ck_tile::sequence<>, ck_tile::sequence<0>, ck_tile::sequence<1>, ck_tile::sequence<2, 4, 8>, ck_tile::sequence<5, 9>>, ck_tile::tuple<ck_tile::sequence<2>, ck_tile::sequence<3, 4, 5, 6>, ck_tile::sequence<7, 8, 9, 10>, ck_tile::sequence<11>, ck_tile::sequence<12>>, ck_tile::sequence<0, 1>, ck_tile::sequence<11, 12, 3, 6, 7, 10>>, ck_tile::tensor_descriptor<ck_tile::tuple<ck_tile::unmerge<ck_tile::tuple<ck_tile::constant<1>, ck_tile::constant<1>, ck_tile::constant<1>, ck_tile::constant<8>>, false>>, ck_tile::tuple<ck_tile::sequence<0>>, ck_tile::tuple<ck_tile::sequence<1, 2, 3, 4>>, ck_tile::sequence<1, 2, 3, 4>, ck_tile::constant<8>, ck_tile::sequence<-1, -1, -1, -1, -1>, ck_tile::sequence<-1, -1, -1, -1, -1>>, ck_tile::tile_distribution_encoding<ck_tile::sequence<1>, ck_tile::tuple<ck_tile::sequence<1, 4, 1, 1>, ck_tile::sequence<1, 1, 64, 8>>, ck_tile::tuple<ck_tile::sequence<0, 1, 2>, ck_tile::sequence<1, 2>>, ck_tile::tuple<ck_tile::sequence<0, 1, 1>, ck_tile::sequence<2, 2>>, ck_tile::sequence<1, 1, 2, 2>, ck_tile::sequence<0, 3, 0, 3>>, ck_tile::detail::tile_distribution_detail<ck_tile::tuple<ck_tile::sequence<2>, ck_tile::sequence<3, 4, 5, 6>, ck_tile::sequence<7, 8, 9, 10>>>>>>' requested here
  688 |                     WG{}(c_warp_tensor,
      |                     ^
/usr/local/lib/python3.12/dist-packages/aiter_meta/3rdparty/composable_kernel/include/ck_tile/ops/flatmm/kernel/moe_flatmm_kernel.hpp:923:19: note: in instantiation of function template specialization 'ck_tile::MoeFlatmmKernel<ck_tile::GemmSpatiallyLocalTilePartitioner<ck_tile::TileGemmShape<ck_tile::sequence<32, 256, 256>, ck_tile::sequence<1, 4, 1>, ck_tile::sequence<16, 16, 32>>, 8, 4>, ck_tile::MoeFlatmmPipelineAGmemBGmemCRegV1<ck_tile::FlatmmPipelineProblem<__bf16, ck_tile::pk_int4_t, float, ck_tile::TileGemmShape<ck_tile::sequence<32, 256, 256>, ck_tile::sequence<1, 4, 1>, ck_tile::sequence<16, 16, 32>>, ck_tile::TileGemmUniversalTraits<false, false, false, false, ck_tile::tensor_layout::gemm::RowMajor, ck_tile::tensor_layout::gemm::ColumnMajor, ck_tile::tensor_layout::gemm::RowMajor, false, false, false, 1, true>, ck_tile::GemmPipelineScheduler::Default, true, ck_tile::TailNumber::Even, ck_tile::amd_buffer_coherence_enum::coherence_default>>, ck_tile::CShuffleEpilogue<ck_tile::CShuffleEpilogueProblem<__bf16, __bf16, ck_tile::tuple<>, float, __bf16, ck_tile::tuple<>, ck_tile::tensor_layout::gemm::RowMajor, ck_tile::element_wise::PassThrough, 32, 256, 1, 4, 16, 16, 32, false, 1, false, 1, 2>>, ck_tile::MoeFlatmmKind::kFFN_gemm1_gate_up>::operator()<ck_tile::MoeFlatmmKernel<ck_tile::GemmSpatiallyLocalTilePartitioner<ck_tile::TileGemmShape<ck_tile::sequence<32, 256, 256>, ck_tile::sequence<1, 4, 1>, ck_tile::sequence<16, 16, 32>>, 8, 4>, ck_tile::MoeFlatmmPipelineAGmemBGmemCRegV1<ck_tile::FlatmmPipelineProblem<__bf16, ck_tile::pk_int4_t, float, ck_tile::TileGemmShape<ck_tile::sequence<32, 256, 256>, ck_tile::sequence<1, 4, 1>, ck_tile::sequence<16, 16, 32>>, ck_tile::TileGemmUniversalTraits<false, false, false, false, ck_tile::tensor_layout::gemm::RowMajor, ck_tile::tensor_layout::gemm::ColumnMajor, ck_tile::tensor_layout::gemm::RowMajor, false, false, false, 1, true>, ck_tile::GemmPipelineScheduler::Default, true, ck_tile::TailNumber::Even, ck_tile::amd_buffer_coherence_enum::coherence_default>>, ck_tile::CShuffleEpilogue<ck_tile::CShuffleEpilogueProblem<__bf16, __bf16, ck_tile::tuple<>, float, __bf16, ck_tile::tuple<>, ck_tile::tensor_layout::gemm::RowMajor, ck_tile::element_wise::PassThrough, 32, 256, 1, 4, 16, 16, 32, false, 1, false, 1, 2>>, ck_tile::MoeFlatmmKind::kFFN_gemm1_gate_up>::MoeFlatmmKernelArgs<ck_tile::FlatmmScalePointer<-1>, ck_tile::FlatmmScalePointer<1, 32, ck_tile::e8m0_bexp_t>, ck_tile::FlatmmScalePointer<1>>>' requested here
  923 |             this->operator()(kargs, block_offset_m, block_offset_n);
      |                   ^
/usr/local/lib/python3.12/dist-packages/aiter_meta/3rdparty/composable_kernel/include/ck_tile/host/kernel_launch.hpp:84:5: note: in instantiation of function template specialization 'ck_tile::MoeFlatmmKernel<ck_tile::GemmSpatiallyLocalTilePartitioner<ck_tile::TileGemmShape<ck_tile::sequence<32, 256, 256>, ck_tile::sequence<1, 4, 1>, ck_tile::sequence<16, 16, 32>>, 8, 4>, ck_tile::MoeFlatmmPipelineAGmemBGmemCRegV1<ck_tile::FlatmmPipelineProblem<__bf16, ck_tile::pk_int4_t, float, ck_tile::TileGemmShape<ck_tile::sequence<32, 256, 256>, ck_tile::sequence<1, 4, 1>, ck_tile::sequence<16, 16, 32>>, ck_tile::TileGemmUniversalTraits<false, false, false, false, ck_tile::tensor_layout::gemm::RowMajor, ck_tile::tensor_layout::gemm::ColumnMajor, ck_tile::tensor_layout::gemm::RowMajor, false, false, false, 1, true>, ck_tile::GemmPipelineScheduler::Default, true, ck_tile::TailNumber::Even, ck_tile::amd_buffer_coherence_enum::coherence_default>>, ck_tile::CShuffleEpilogue<ck_tile::CShuffleEpilogueProblem<__bf16, __bf16, ck_tile::tuple<>, float, __bf16, ck_tile::tuple<>, ck_tile::tensor_layout::gemm::RowMajor, ck_tile::element_wise::PassThrough, 32, 256, 1, 4, 16, 16, 32, false, 1, false, 1, 2>>, ck_tile::MoeFlatmmKind::kFFN_gemm1_gate_up>::operator()<ck_tile::MoeFlatmmKernel<ck_tile::GemmSpatiallyLocalTilePartitioner<ck_tile::TileGemmShape<ck_tile::sequence<32, 256, 256>, ck_tile::sequence<1, 4, 1>, ck_tile::sequence<16, 16, 32>>, 8, 4>, ck_tile::MoeFlatmmPipelineAGmemBGmemCRegV1<ck_tile::FlatmmPipelineProblem<__bf16, ck_tile::pk_int4_t, float, ck_tile::TileGemmShape<ck_tile::sequence<32, 256, 256>, ck_tile::sequence<1, 4, 1>, ck_tile::sequence<16, 16, 32>>, ck_tile::TileGemmUniversalTraits<false, false, false, false, ck_tile::tensor_layout::gemm::RowMajor, ck_tile::tensor_layout::gemm::ColumnMajor, ck_tile::tensor_layout::gemm::RowMajor, false, false, false, 1, true>, ck_tile::GemmPipelineScheduler::Default, true, ck_tile::TailNumber::Even, ck_tile::amd_buffer_coherence_enum::coherence_default>>, ck_tile::CShuffleEpilogue<ck_tile::CShuffleEpilogueProblem<__bf16, __bf16, ck_tile::tuple<>, float, __bf16, ck_tile::tuple<>, ck_tile::tensor_layout::gemm::RowMajor, ck_tile::element_wise::PassThrough, 32, 256, 1, 4, 16, 16, 32, false, 1, false, 1, 2>>, ck_tile::MoeFlatmmKind::kFFN_gemm1_gate_up>::MoeFlatmmKernelArgs<ck_tile::FlatmmScalePointer<-1>, ck_tile::FlatmmScalePointer<1, 32, ck_tile::e8m0_bexp_t>, ck_tile::FlatmmScalePointer<1>>>' requested here
   84 |     KENTRY_BODY;
      |     ^
/usr/local/lib/python3.12/dist-packages/aiter_meta/3rdparty/composable_kernel/include/ck_tile/host/kernel_launch.hpp:74:21: note: expanded from macro 'KENTRY_BODY'
   74 | #define KENTRY_BODY Kernel{}(args...)
      |                     ^
/usr/local/lib/python3.12/dist-packages/aiter_meta/3rdparty/composable_kernel/include/ck_tile/host/kernel_launch.hpp:128:20: note: in instantiation of function template specialization 'ck_tile::kentry<1, ck_tile::MoeFlatmmKernel<ck_tile::GemmSpatiallyLocalTilePartitioner<ck_tile::TileGemmShape<ck_tile::sequence<32, 256, 256>, ck_tile::sequence<1, 4, 1>, ck_tile::sequence<16, 16, 32>>, 8, 4>, ck_tile::MoeFlatmmPipelineAGmemBGmemCRegV1<ck_tile::FlatmmPipelineProblem<__bf16, ck_tile::pk_int4_t, float, ck_tile::TileGemmShape<ck_tile::sequence<32, 256, 256>, ck_tile::sequence<1, 4, 1>, ck_tile::sequence<16, 16, 32>>, ck_tile::TileGemmUniversalTraits<false, false, false, false, ck_tile::tensor_layout::gemm::RowMajor, ck_tile::tensor_layout::gemm::ColumnMajor, ck_tile::tensor_layout::gemm::RowMajor, false, false, false, 1, true>, ck_tile::GemmPipelineScheduler::Default, true, ck_tile::TailNumber::Even, ck_tile::amd_buffer_coherence_enum::coherence_default>>, ck_tile::CShuffleEpilogue<ck_tile::CShuffleEpilogueProblem<__bf16, __bf16, ck_tile::tuple<>, float, __bf16, ck_tile::tuple<>, ck_tile::tensor_layout::gemm::RowMajor, ck_tile::element_wise::PassThrough, 32, 256, 1, 4, 16, 16, 32, false, 1, false, 1, 2>>, ck_tile::MoeFlatmmKind::kFFN_gemm1_gate_up>, ck_tile::MoeFlatmmKernel<ck_tile::GemmSpatiallyLocalTilePartitioner<ck_tile::TileGemmShape<ck_tile::sequence<32, 256, 256>, ck_tile::sequence<1, 4, 1>, ck_tile::sequence<16, 16, 32>>, 8, 4>, ck_tile::MoeFlatmmPipelineAGmemBGmemCRegV1<ck_tile::FlatmmPipelineProblem<__bf16, ck_tile::pk_int4_t, float, ck_tile::TileGemmShape<ck_tile::sequence<32, 256, 256>, ck_tile::sequence<1, 4, 1>, ck_tile::sequence<16, 16, 32>>, ck_tile::TileGemmUniversalTraits<false, false, false, false, ck_tile::tensor_layout::gemm::RowMajor, ck_tile::tensor_layout::gemm::ColumnMajor, ck_tile::tensor_layout::gemm::RowMajor, false, false, false, 1, true>, ck_tile::GemmPipelineScheduler::Default, true, ck_tile::TailNumber::Even, ck_tile::amd_buffer_coherence_enum::coherence_default>>, ck_tile::CShuffleEpilogue<ck_tile::CShuffleEpilogueProblem<__bf16, __bf16, ck_tile::tuple<>, float, __bf16, ck_tile::tuple<>, ck_tile::tensor_layout::gemm::RowMajor, ck_tile::element_wise::PassThrough, 32, 256, 1, 4, 16, 16, 32, false, 1, false, 1, 2>>, ck_tile::MoeFlatmmKind::kFFN_gemm1_gate_up>::MoeFlatmmKernelArgs<ck_tile::FlatmmScalePointer<-1>, ck_tile::FlatmmScalePointer<1, 32, ck_tile::e8m0_bexp_t>, ck_tile::FlatmmScalePointer<1>>>' requested here
  128 |             return kentry<MinBlockPerCu, KernelImpl, Args...>;
      |                    ^
/work/mpB/run_a16w4_moe_flatmm_example.inc:19:22: note: in instantiation of function template specialization 'a16w4_moe_gemm<A16W4_FlatmmConfig16, __bf16, ck_tile::pk_int4_t, ck_tile::tuple<>, float, __bf16, ck_tile::tensor_layout::gemm::RowMajor, ck_tile::tensor_layout::gemm::ColumnMajor, ck_tile::tuple<>, ck_tile::tensor_layout::gemm::RowMajor, ck_tile::MoeFlatmmKind::kFFN_gemm1_gate_up, ck_tile::element_wise::PassThrough, ck_tile::MoeFlatmmHostArgs<ck_tile::FlatmmScalePointer<-1>, ck_tile::FlatmmScalePointer<1, 32, ck_tile::e8m0_bexp_t>, ck_tile::FlatmmScalePointer<1>>>' requested here
   19 |     float ave_time = a16w4_moe_gemm<FlatmmConfig,
      |                      ^
/work/mpB/run_a16w4_moe_flatmm_example.inc:269:5: note: in instantiation of function template specialization 'invoke_a16w4_moe_gemm<A16W4_FlatmmConfig16, __bf16, ck_tile::pk_int4_t, ck_tile::tuple<>, float, __bf16, ck_tile::tensor_layout::gemm::RowMajor, ck_tile::tensor_layout::gemm::ColumnMajor, ck_tile::tuple<>, ck_tile::tensor_layout::gemm::RowMajor, ck_tile::MoeFlatmmKind::kFFN_gemm1_gate_up, ck_tile::element_wise::PassThrough, ck_tile::MoeFlatmmHostArgs<ck_tile::FlatmmScalePointer<-1>, ck_tile::FlatmmScalePointer<1, 32, ck_tile::e8m0_bexp_t>, ck_tile::FlatmmScalePointer<1>>>' requested here
  269 |     invoke_a16w4_moe_gemm<FlatmmConfig,
      |     ^
/work/mpB/a16w4_moe_flatmm.cpp:455:24: note: in instantiation of function template specialization 'run_a16w4_moe_gemm_example_with_layouts<__bf16, ck_tile::pk_int4_t, A16W4_FlatmmConfig16, ck_tile::MoeFlatmmKind::kFFN_gemm1_gate_up, ck_tile::tensor_layout::gemm::RowMajor, ck_tile::tensor_layout::gemm::ColumnMajor, ck_tile::tensor_layout::gemm::RowMajor>' requested here
  455 |                 return run_a16w4_moe_gemm_example_with_layouts<
      |                        ^
/work/mpB/a16w4_moe_flatmm.cpp:544:21: note: in instantiation of function template specialization 'run_a16w4_moe_flatmm_example<A16W4_FlatmmConfig16>' requested here
  544 |             return !run_a16w4_moe_flatmm_example<A16W4_FlatmmConfig16>(argc, argv);
      |                     ^
/usr/local/lib/python3.12/dist-packages/aiter_meta/3rdparty/composable_kernel/include/ck_tile/core/container/thread_buffer.hpp:107:56: note: expression evaluates to '4 == 0'
  107 |     CK_TILE_HOST_DEVICE constexpr auto get_as() const {TB_COMMON_AS();
      |                                                        ^~~~~~~~~~~~~~
/usr/local/lib/python3.12/dist-packages/aiter_meta/3rdparty/composable_kernel/include/ck_tile/core/container/thread_buffer.hpp:100:63: note: expanded from macro 'TB_COMMON_AS'
  100 |             static_assert(sizeof(value_type) * N % sizeof(Tx) == 0); \
      |                           ~~~~~~~~~~~~~~~~~~~~~~~~~~~~~~~~~~~~^~~~
/usr/local/lib/python3.12/dist-packages/aiter_meta/3rdparty/composable_kernel/include/ck_tile/core/container/thread_buffer.hpp:109:20: error: no matching member function for call to '_get_as'
  109 |             return _get_as<Tx>();   // TODO: current compiler for 8bit data need use union to get data back, should fix in the future
      |                    ^~~~~~~~~~~
/usr/local/lib/python3.12/dist-packages/aiter_meta/3rdparty/composable_kernel/include/ck_tile/core/container/thread_buffer.hpp:62:40: note: candidate template ignored: requirement 'std::is_same<signed char, __bf16>::value' was not satisfied [with X_ = __bf16 __attribute__((ext_vector_type(4)))]
   62 |     CK_TILE_HOST_DEVICE constexpr auto _get_as() const
      |                                        ^
/usr/local/lib/python3.12/dist-packages/aiter_meta/3rdparty/composable_kernel/include/ck_tile/core/container/thread_buffer.hpp:82:64: note: candidate function template not viable: requires single argument 'is', but no arguments were provided
   82 |     CK_TILE_HOST_DEVICE const constexpr remove_reference_t<X_> _get_as(number<Is> is) const
      |                                                                ^       ~~~~~~~~~~~~~
In file included from /work/mpB/a16w4_moe_flatmm.cpp:13:
In file included from /work/mpB/a16w4_moe_flatmm.hpp:11:
In file included from /usr/local/lib/python3.12/dist-packages/aiter_meta/3rdparty/composable_kernel/include/ck_tile/ops/moe_flatmm.hpp:7:
/usr/local/lib/python3.12/dist-packages/aiter_meta/3rdparty/composable_kernel/include/ck_tile/ops/flatmm/pipeline/moe_flatmm_pipeline_agmem_bgmem_creg.hpp:688:21: error: no matching function for call to object of type 'WG' (aka 'ck_tile::WarpGemmImpl<ck_tile::WarpGemmAttributeMfmaIterateK<ck_tile::WarpGemmAttributeMfmaImplBf16Bf16F32M16N16K16<ck_tile::WGAttrCtlEnum::Default_>, 2, ck_tile::WGAttrNumAccessEnum::Single, ck_tile::WGAttrNumAccessEnum::Single>>')
  688 |                     WG{}(c_warp_tensor,
      |                     ^~~~
/usr/local/lib/python3.12/dist-packages/aiter_meta/3rdparty/composable_kernel/include/ck_tile/core/utility/functional.hpp:74:10: note: in instantiation of function template specialization 'ck_tile::MoeFlatmmPipelineAGmemBGmemCRegV1<ck_tile::FlatmmPipelineProblem<__bf16, ck_tile::pk_int4_t, float, ck_tile::TileGemmShape<ck_tile::sequence<32, 256, 256>, ck_tile::sequence<1, 4, 1>, ck_tile::sequence<16, 16, 32>>, ck_tile::TileGemmUniversalTraits<false, false, false, false, ck_tile::tensor_layout::gemm::RowMajor, ck_tile::tensor_layout::gemm::ColumnMajor, ck_tile::tensor_layout::gemm::RowMajor, false, false, false, 1, true>, ck_tile::GemmPipelineScheduler::Default, true, ck_tile::TailNumber::Odd, ck_tile::amd_buffer_coherence_enum::coherence_default>>::operator()(const ck_tile::tile_scatter_gather<ck_tile::tensor_view<ck_tile::buffer_view<ck_tile::address_space_enum::global, const __bf16, int, true, ck_tile::amd_buffer_coherence_enum::coherence_default>, ck_tile::tensor_descriptor<ck_tile::tuple<ck_tile::embed<ck_tile::tuple<int, int>, ck_tile::tuple<int, int>>, ck_tile::pass_through<int>, ck_tile::pass_through<int>>, ck_tile::tuple<ck_tile::sequence<0>, ck_tile::sequence<1>, ck_tile::sequence<2>>, ck_tile::tuple<ck_tile::sequence<1, 2>, ck_tile::sequence<3>, ck_tile::sequence<4>>, ck_tile::sequence<3, 4>, int, ck_tile::sequence<-1, -1, 8, -1, -1>, ck_tile::sequence<-1, -1, 1, -1, -1>>, ck_tile::memory_operation_enum::set>, ck_tile::tuple<ck_tile::constant<32>, ck_tile::constant<256>>, ck_tile::tile_distribution<ck_tile::tensor_adaptor<ck_tile::tuple<ck_tile::replicate<ck_tile::tuple<ck_tile::constant<1>>>, ck_tile::unmerge<ck_tile::tuple<ck_tile::constant<4>, ck_tile::constant<4>, ck_tile::constant<2>>, false>, ck_tile::unmerge<ck_tile::tuple<ck_tile::constant<32>, ck_tile::constant<8>>, false>, ck_tile::merge_v2_magic_division<ck_tile::tuple<ck_tile::constant<4>>>, ck_tile::merge_v2_magic_division<ck_tile::tuple<ck_tile::constant<2>, ck_tile::constant<32>>>>, ck_tile::tuple<ck_tile::sequence<>, ck_tile::sequence<0>, ck_tile::sequence<1>, ck_tile::sequence<4>, ck_tile::sequence<5, 6>>, ck_tile::tuple<ck_tile::sequence<2>, ck_tile::sequence<3, 4, 5>, ck_tile::sequence<6, 7>, ck_tile::sequence<8>, ck_tile::sequence<9>>, ck_tile::sequence<0, 1>, ck_tile::sequence<8, 9, 3, 7>>, ck_tile::tensor_descriptor<ck_tile::tuple<ck_tile::unmerge<ck_tile::tuple<ck_tile::constant<4>, ck_tile::constant<8>>, false>>, ck_tile::tuple<ck_tile::sequence<0>>, ck_tile::tuple<ck_tile::sequence<1, 2>>, ck_tile::sequence<1, 2>, ck_tile::constant<32>, ck_tile::sequence<-1, -1, -1>, ck_tile::sequence<-1, -1, -1>>, ck_tile::tile_distribution_encoding<ck_tile::sequence<1>, ck_tile::tuple<ck_tile::sequence<4, 4, 2>, ck_tile::sequence<32, 8>>, ck_tile::tuple<ck_tile::sequence<1>, ck_tile::sequence<1, 2>>, ck_tile::tuple<ck_tile::sequence<1>, ck_tile::sequence<2, 0>>, ck_tile::sequence<1, 2>, ck_tile::sequence<0, 1>>, ck_tile::detail::tile_distribution_detail<ck_tile::tuple<ck_tile::sequence<2>, ck_tile::sequence<3, 4, 5>, ck_tile::sequence<6, 7>>>>, ck_tile::tuple<int, int, int, int>, std::nullptr_t> &, const (lambda at /usr/local/lib/python3.12/dist-packages/aiter_meta/3rdparty/composable_kernel/include/ck_tile/ops/flatmm/pipeline/moe_flatmm_pipeline_agmem_bgmem_creg.hpp:993:13) &, const ck_tile::tile_window_with_static_lengths<ck_tile::tensor_view<ck_tile::buffer_view<ck_tile::address_space_enum::global, const ck_tile::pk_int4_t, int, true, ck_tile::amd_buffer_coherence_enum::coherence_default>, ck_tile::tensor_descriptor<ck_tile::tuple<ck_tile::embed<ck_tile::tuple<int, int>, ck_tile::tuple<int, int>>>, ck_tile::tuple<ck_tile::sequence<0>>, ck_tile::tuple<ck_tile::sequence<1, 2>>, ck_tile::sequence<1, 2>, int, ck_tile::sequence<-1, -1, 32>, ck_tile::sequence<-1, -1, 1>>, ck_tile::memory_operation_enum::set>, ck_tile::tuple<ck_tile::constant<4>, ck_tile::constant<512>>> &, number<1>, index_t, void *)::(anonymous class)::operator()(ck_tile::sequence<7, 1>)::(anonymous class)::operator()<ck_tile::constant<3>>' requested here
   74 |         (f(number<Is>{}), ...);
      |          ^
/usr/local/lib/python3.12/dist-packages/aiter_meta/3rdparty/composable_kernel/include/ck_tile/ops/flatmm/pipeline/moe_flatmm_pipeline_agmem_bgmem_creg.hpp:679:17: note: in instantiation of function template specialization 'ck_tile::detail::applier<int, 0, 1, 2, 3>::operator()<(lambda at /usr/local/lib/python3.12/dist-packages/aiter_meta/3rdparty/composable_kernel/include/ck_tile/ops/flatmm/pipeline/moe_flatmm_pipeline_agmem_bgmem_creg.hpp:679:50)>' requested here
  679 |                 static_for<0, NIterPerWarp, 1>{}([&](auto nIter) {
      |                 ^
/usr/local/lib/python3.12/dist-packages/aiter_meta/3rdparty/composable_kernel/include/ck_tile/core/utility/functional.hpp:216:14: note: in instantiation of function template specialization 'ck_tile::MoeFlatmmPipelineAGmemBGmemCRegV1<ck_tile::FlatmmPipelineProblem<__bf16, ck_tile::pk_int4_t, float, ck_tile::TileGemmShape<ck_tile::sequence<32, 256, 256>, ck_tile::sequence<1, 4, 1>, ck_tile::sequence<16, 16, 32>>, ck_tile::TileGemmUniversalTraits<false, false, false, false, ck_tile::tensor_layout::gemm::RowMajor, ck_tile::tensor_layout::gemm::ColumnMajor, ck_tile::tensor_layout::gemm::RowMajor, false, false, false, 1, true>, ck_tile::GemmPipelineScheduler::Default, true, ck_tile::TailNumber::Odd, ck_tile::amd_buffer_coherence_enum::coherence_default>>::operator()(const ck_tile::tile_scatter_gather<ck_tile::tensor_view<ck_tile::buffer_view<ck_tile::address_space_enum::global, const __bf16, int, true, ck_tile::amd_buffer_coherence_enum::coherence_default>, ck_tile::tensor_descriptor<ck_tile::tuple<ck_tile::embed<ck_tile::tuple<int, int>, ck_tile::tuple<int, int>>, ck_tile::pass_through<int>, ck_tile::pass_through<int>>, ck_tile::tuple<ck_tile::sequence<0>, ck_tile::sequence<1>, ck_tile::sequence<2>>, ck_tile::tuple<ck_tile::sequence<1, 2>, ck_tile::sequence<3>, ck_tile::sequence<4>>, ck_tile::sequence<3, 4>, int, ck_tile::sequence<-1, -1, 8, -1, -1>, ck_tile::sequence<-1, -1, 1, -1, -1>>, ck_tile::memory_operation_enum::set>, ck_tile::tuple<ck_tile::constant<32>, ck_tile::constant<256>>, ck_tile::tile_distribution<ck_tile::tensor_adaptor<ck_tile::tuple<ck_tile::replicate<ck_tile::tuple<ck_tile::constant<1>>>, ck_tile::unmerge<ck_tile::tuple<ck_tile::constant<4>, ck_tile::constant<4>, ck_tile::constant<2>>, false>, ck_tile::unmerge<ck_tile::tuple<ck_tile::constant<32>, ck_tile::constant<8>>, false>, ck_tile::merge_v2_magic_division<ck_tile::tuple<ck_tile::constant<4>>>, ck_tile::merge_v2_magic_division<ck_tile::tuple<ck_tile::constant<2>, ck_tile::constant<32>>>>, ck_tile::tuple<ck_tile::sequence<>, ck_tile::sequence<0>, ck_tile::sequence<1>, ck_tile::sequence<4>, ck_tile::sequence<5, 6>>, ck_tile::tuple<ck_tile::sequence<2>, ck_tile::sequence<3, 4, 5>, ck_tile::sequence<6, 7>, ck_tile::sequence<8>, ck_tile::sequence<9>>, ck_tile::sequence<0, 1>, ck_tile::sequence<8, 9, 3, 7>>, ck_tile::tensor_descriptor<ck_tile::tuple<ck_tile::unmerge<ck_tile::tuple<ck_tile::constant<4>, ck_tile::constant<8>>, false>>, ck_tile::tuple<ck_tile::sequence<0>>, ck_tile::tuple<ck_tile::sequence<1, 2>>, ck_tile::sequence<1, 2>, ck_tile::constant<32>, ck_tile::sequence<-1, -1, -1>, ck_tile::sequence<-1, -1, -1>>, ck_tile::tile_distribution_encoding<ck_tile::sequence<1>, ck_tile::tuple<ck_tile::sequence<4, 4, 2>, ck_tile::sequence<32, 8>>, ck_tile::tuple<ck_tile::sequence<1>, ck_tile::sequence<1, 2>>, ck_tile::tuple<ck_tile::sequence<1>, ck_tile::sequence<2, 0>>, ck_tile::sequence<1, 2>, ck_tile::sequence<0, 1>>, ck_tile::detail::tile_distribution_detail<ck_tile::tuple<ck_tile::sequence<2>, ck_tile::sequence<3, 4, 5>, ck_tile::sequence<6, 7>>>>, ck_tile::tuple<int, int, int, int>, std::nullptr_t> &, const (lambda at /usr/local/lib/python3.12/dist-packages/aiter_meta/3rdparty/composable_kernel/include/ck_tile/ops/flatmm/pipeline/moe_flatmm_pipeline_agmem_bgmem_creg.hpp:993:13) &, const ck_tile::tile_window_with_static_lengths<ck_tile::tensor_view<ck_tile::buffer_view<ck_tile::address_space_enum::global, const ck_tile::pk_int4_t, int, true, ck_tile::amd_buffer_coherence_enum::coherence_default>, ck_tile::tensor_descriptor<ck_tile::tuple<ck_tile::embed<ck_tile::tuple<int, int>, ck_tile::tuple<int, int>>>, ck_tile::tuple<ck_tile::sequence<0>>, ck_tile::tuple<ck_tile::sequence<1, 2>>, ck_tile::sequence<1, 2>, int, ck_tile::sequence<-1, -1, 32>, ck_tile::sequence<-1, -1, 1>>, ck_tile::memory_operation_enum::set>, ck_tile::tuple<ck_tile::constant<4>, ck_tile::constant<512>>> &, number<1>, index_t, void *)::(anonymous class)::operator()<ck_tile::sequence<7, 1>>' requested here
  216 |             (f(typename Decomposer::template decompose<LinearIds>{}), ...);
      |              ^
/usr/local/lib/python3.12/dist-packages/aiter_meta/3rdparty/composable_kernel/include/ck_tile/core/utility/functional.hpp:274:13: note: in instantiation of function template specialization 'ck_tile::detail::ford_applier<ck_tile::detail::index_decomposer<ck_tile::sequence<8, 2>, ck_tile::sequence<0, 1>>, ck_tile::sequence<0, 1, 2, 3, 4, 5, 6, 7, 8, 9, 10, 11, 12, 13, 14, 15>>::operator()<(lambda at /usr/local/lib/python3.12/dist-packages/aiter_meta/3rdparty/composable_kernel/include/ck_tile/ops/flatmm/pipeline/moe_flatmm_pipeline_agmem_bgmem_creg.hpp:675:65)>' requested here
  274 |             detail::ford_applier<Decomposer, make_index_sequence<total_size>>{}(f);
      |             ^
/usr/local/lib/python3.12/dist-packages/aiter_meta/3rdparty/composable_kernel/include/ck_tile/ops/flatmm/pipeline/moe_flatmm_pipeline_agmem_bgmem_creg.hpp:675:13: note: in instantiation of function template specialization 'ck_tile::static_ford<ck_tile::sequence<8, 2>>::operator()<(lambda at /usr/local/lib/python3.12/dist-packages/aiter_meta/3rdparty/composable_kernel/include/ck_tile/ops/flatmm/pipeline/moe_flatmm_pipeline_agmem_bgmem_creg.hpp:675:65)>' requested here
  675 |             static_ford<sequence<KIterPerWarp, MIterPerWarp>>{}([&](auto km) {
      |             ^
/usr/local/lib/python3.12/dist-packages/aiter_meta/3rdparty/composable_kernel/include/ck_tile/ops/flatmm/pipeline/moe_flatmm_pipeline_agmem_bgmem_creg.hpp:991:16: note: (skipping 5 contexts in backtrace; use -ftemplate-backtrace-limit=0 to see all)
  991 |         return operator()(
      |                ^
/usr/local/lib/python3.12/dist-packages/aiter_meta/3rdparty/composable_kernel/include/ck_tile/host/kernel_launch.hpp:128:20: note: in instantiation of function template specialization 'ck_tile::kentry<1, ck_tile::MoeFlatmmKernel<ck_tile::GemmSpatiallyLocalTilePartitioner<ck_tile::TileGemmShape<ck_tile::sequence<32, 256, 256>, ck_tile::sequence<1, 4, 1>, ck_tile::sequence<16, 16, 32>>, 8, 4>, ck_tile::MoeFlatmmPipelineAGmemBGmemCRegV1<ck_tile::FlatmmPipelineProblem<__bf16, ck_tile::pk_int4_t, float, ck_tile::TileGemmShape<ck_tile::sequence<32, 256, 256>, ck_tile::sequence<1, 4, 1>, ck_tile::sequence<16, 16, 32>>, ck_tile::TileGemmUniversalTraits<false, false, false, false, ck_tile::tensor_layout::gemm::RowMajor, ck_tile::tensor_layout::gemm::ColumnMajor, ck_tile::tensor_layout::gemm::RowMajor, false, false, false, 1, true>, ck_tile::GemmPipelineScheduler::Default, true, ck_tile::TailNumber::Odd, ck_tile::amd_buffer_coherence_enum::coherence_default>>, ck_tile::CShuffleEpilogue<ck_tile::CShuffleEpilogueProblem<__bf16, __bf16, ck_tile::tuple<>, float, __bf16, ck_tile::tuple<>, ck_tile::tensor_layout::gemm::RowMajor, ck_tile::element_wise::PassThrough, 32, 256, 1, 4, 16, 16, 32, false, 1, false, 1, 2>>, ck_tile::MoeFlatmmKind::kFFN_gemm1_gate_up>, ck_tile::MoeFlatmmKernel<ck_tile::GemmSpatiallyLocalTilePartitioner<ck_tile::TileGemmShape<ck_tile::sequence<32, 256, 256>, ck_tile::sequence<1, 4, 1>, ck_tile::sequence<16, 16, 32>>, 8, 4>, ck_tile::MoeFlatmmPipelineAGmemBGmemCRegV1<ck_tile::FlatmmPipelineProblem<__bf16, ck_tile::pk_int4_t, float, ck_tile::TileGemmShape<ck_tile::sequence<32, 256, 256>, ck_tile::sequence<1, 4, 1>, ck_tile::sequence<16, 16, 32>>, ck_tile::TileGemmUniversalTraits<false, false, false, false, ck_tile::tensor_layout::gemm::RowMajor, ck_tile::tensor_layout::gemm::ColumnMajor, ck_tile::tensor_layout::gemm::RowMajor, false, false, false, 1, true>, ck_tile::GemmPipelineScheduler::Default, true, ck_tile::TailNumber::Odd, ck_tile::amd_buffer_coherence_enum::coherence_default>>, ck_tile::CShuffleEpilogue<ck_tile::CShuffleEpilogueProblem<__bf16, __bf16, ck_tile::tuple<>, float, __bf16, ck_tile::tuple<>, ck_tile::tensor_layout::gemm::RowMajor, ck_tile::element_wise::PassThrough, 32, 256, 1, 4, 16, 16, 32, false, 1, false, 1, 2>>, ck_tile::MoeFlatmmKind::kFFN_gemm1_gate_up>::MoeFlatmmKernelArgs<ck_tile::FlatmmScalePointer<-1>, ck_tile::FlatmmScalePointer<1, 32, ck_tile::e8m0_bexp_t>, ck_tile::FlatmmScalePointer<1>>>' requested here
  128 |             return kentry<MinBlockPerCu, KernelImpl, Args...>;
      |                    ^
/work/mpB/run_a16w4_moe_flatmm_example.inc:19:22: note: in instantiation of function template specialization 'a16w4_moe_gemm<A16W4_FlatmmConfig16, __bf16, ck_tile::pk_int4_t, ck_tile::tuple<>, float, __bf16, ck_tile::tensor_layout::gemm::RowMajor, ck_tile::tensor_layout::gemm::ColumnMajor, ck_tile::tuple<>, ck_tile::tensor_layout::gemm::RowMajor, ck_tile::MoeFlatmmKind::kFFN_gemm1_gate_up, ck_tile::element_wise::PassThrough, ck_tile::MoeFlatmmHostArgs<ck_tile::FlatmmScalePointer<-1>, ck_tile::FlatmmScalePointer<1, 32, ck_tile::e8m0_bexp_t>, ck_tile::FlatmmScalePointer<1>>>' requested here
   19 |     float ave_time = a16w4_moe_gemm<FlatmmConfig,
      |                      ^
/work/mpB/run_a16w4_moe_flatmm_example.inc:269:5: note: in instantiation of function template specialization 'invoke_a16w4_moe_gemm<A16W4_FlatmmConfig16, __bf16, ck_tile::pk_int4_t, ck_tile::tuple<>, float, __bf16, ck_tile::tensor_layout::gemm::RowMajor, ck_tile::tensor_layout::gemm::ColumnMajor, ck_tile::tuple<>, ck_tile::tensor_layout::gemm::RowMajor, ck_tile::MoeFlatmmKind::kFFN_gemm1_gate_up, ck_tile::element_wise::PassThrough, ck_tile::MoeFlatmmHostArgs<ck_tile::FlatmmScalePointer<-1>, ck_tile::FlatmmScalePointer<1, 32, ck_tile::e8m0_bexp_t>, ck_tile::FlatmmScalePointer<1>>>' requested here
  269 |     invoke_a16w4_moe_gemm<FlatmmConfig,
      |     ^
/work/mpB/a16w4_moe_flatmm.cpp:455:24: note: in instantiation of function template specialization 'run_a16w4_moe_gemm_example_with_layouts<__bf16, ck_tile::pk_int4_t, A16W4_FlatmmConfig16, ck_tile::MoeFlatmmKind::kFFN_gemm1_gate_up, ck_tile::tensor_layout::gemm::RowMajor, ck_tile::tensor_layout::gemm::ColumnMajor, ck_tile::tensor_layout::gemm::RowMajor>' requested here
  455 |                 return run_a16w4_moe_gemm_example_with_layouts<
      |                        ^
/work/mpB/a16w4_moe_flatmm.cpp:544:21: note: in instantiation of function template specialization 'run_a16w4_moe_flatmm_example<A16W4_FlatmmConfig16>' requested here
  544 |             return !run_a16w4_moe_flatmm_example<A16W4_FlatmmConfig16>(argc, argv);
      |                     ^
/usr/local/lib/python3.12/dist-packages/aiter_meta/3rdparty/composable_kernel/include/ck_tile/ops/gemm/warp/warp_gemm_impl.hpp:48:25: note: candidate template ignored: substitution failure [with Params = <>, CTensor = CWarpTensor, ATensor = ck_tile::static_distributed_tensor<__bf16, ck_tile::tile_distribution<ck_tile::tensor_adaptor<ck_tile::tuple<ck_tile::replicate<ck_tile::tuple<ck_tile::constant<4>>>, ck_tile::unmerge<ck_tile::tuple<ck_tile::constant<16>>, false>, ck_tile::unmerge<ck_tile::tuple<ck_tile::constant<1>, ck_tile::constant<4>, ck_tile::constant<8>>, false>, ck_tile::merge_v2_magic_division<ck_tile::tuple<ck_tile::constant<4>>>, ck_tile::merge_v2_magic_division<ck_tile::tuple<ck_tile::constant<4>, ck_tile::constant<16>>>>, ck_tile::tuple<ck_tile::sequence<>, ck_tile::sequence<0>, ck_tile::sequence<1>, ck_tile::sequence<2>, ck_tile::sequence<5, 3>>, ck_tile::tuple<ck_tile::sequence<2>, ck_tile::sequence<3>, ck_tile::sequence<4, 5, 6>, ck_tile::sequence<7>, ck_tile::sequence<8>>, ck_tile::sequence<0, 1>, ck_tile::sequence<7, 8, 4, 6>>, ck_tile::tensor_descriptor<ck_tile::tuple<ck_tile::unmerge<ck_tile::tuple<ck_tile::constant<1>, ck_tile::constant<8>>, false>>, ck_tile::tuple<ck_tile::sequence<0>>, ck_tile::tuple<ck_tile::sequence<1, 2>>, ck_tile::sequence<1, 2>, ck_tile::constant<8>, ck_tile::sequence<-1, -1, -1>, ck_tile::sequence<-1, -1, -1>>, ck_tile::tile_distribution_encoding<ck_tile::sequence<4>, ck_tile::tuple<ck_tile::sequence<16>, ck_tile::sequence<1, 4, 8>>, ck_tile::tuple<ck_tile::sequence<0>, ck_tile::sequence<2, 1>>, ck_tile::tuple<ck_tile::sequence<0>, ck_tile::sequence<1, 0>>, ck_tile::sequence<2, 2>, ck_tile::sequence<0, 2>>, ck_tile::detail::tile_distribution_detail<ck_tile::tuple<ck_tile::sequence<2>, ck_tile::sequence<3>, ck_tile::sequence<4, 5, 6>>>>>, BTensor = ck_tile::static_distributed_tensor<ck_tile::pk_int4_t, ck_tile::tile_distribution<ck_tile::tensor_adaptor<ck_tile::tuple<ck_tile::replicate<ck_tile::tuple<ck_tile::constant<1>>>, ck_tile::unmerge<ck_tile::tuple<ck_tile::constant<1>, ck_tile::constant<4>, ck_tile::constant<1>, ck_tile::constant<1>>, false>, ck_tile::unmerge<ck_tile::tuple<ck_tile::constant<1>, ck_tile::constant<1>, ck_tile::constant<64>, ck_tile::constant<8>>, false>, ck_tile::merge_v2_magic_division<ck_tile::tuple<ck_tile::constant<1>, ck_tile::constant<4>, ck_tile::constant<1>>>, ck_tile::merge_v2_magic_division<ck_tile::tuple<ck_tile::constant<1>, ck_tile::constant<64>>>>, ck_tile::tuple<ck_tile::sequence<>, ck_tile::sequence<0>, ck_tile::sequence<1>, ck_tile::sequence<2, 4, 8>, ck_tile::sequence<5, 9>>, ck_tile::tuple<ck_tile::sequence<2>, ck_tile::sequence<3, 4, 5, 6>, ck_tile::sequence<7, 8, 9, 10>, ck_tile::sequence<11>, ck_tile::sequence<12>>, ck_tile::sequence<0, 1>, ck_tile::sequence<11, 12, 3, 6, 7, 10>>, ck_tile::tensor_descriptor<ck_tile::tuple<ck_tile::unmerge<ck_tile::tuple<ck_tile::constant<1>, ck_tile::constant<1>, ck_tile::constant<1>, ck_tile::constant<8>>, false>>, ck_tile::tuple<ck_tile::sequence<0>>, ck_tile::tuple<ck_tile::sequence<1, 2, 3, 4>>, ck_tile::sequence<1, 2, 3, 4>, ck_tile::constant<8>, ck_tile::sequence<-1, -1, -1, -1, -1>, ck_tile::sequence<-1, -1, -1, -1, -1>>, ck_tile::tile_distribution_encoding<ck_tile::sequence<1>, ck_tile::tuple<ck_tile::sequence<1, 4, 1, 1>, ck_tile::sequence<1, 1, 64, 8>>, ck_tile::tuple<ck_tile::sequence<0, 1, 2>, ck_tile::sequence<1, 2>>, ck_tile::tuple<ck_tile::sequence<0, 1, 1>, ck_tile::sequence<2, 2>>, ck_tile::sequence<1, 1, 2, 2>, ck_tile::sequence<0, 3, 0, 3>>, ck_tile::detail::tile_distribution_detail<ck_tile::tuple<ck_tile::sequence<2>, ck_tile::sequence<3, 4, 5, 6>, ck_tile::sequence<7, 8, 9, 10>>>>>]
   48 |     CK_TILE_DEVICE void operator()(CTensor& c, const ATensor& a, const BTensor& b) const
      |                         ^
/usr/local/lib/python3.12/dist-packages/aiter_meta/3rdparty/composable_kernel/include/ck_tile/ops/gemm/warp/warp_gemm_impl.hpp:125:25: note: candidate function template not viable: requires 2 arguments, but 3 were provided
  125 |     CK_TILE_DEVICE auto operator()(const ATensor& a, const BTensor& b) const
      |                         ^          ~~~~~~~~~~~~~~~~~~~~~~~~~~~~~~~~~~
/usr/local/lib/python3.12/dist-packages/aiter_meta/3rdparty/composable_kernel/include/ck_tile/ops/gemm/warp/warp_gemm_impl.hpp:75:5: note: candidate function template not viable: requires 4 arguments, but 3 were provided
   75 |     operator()(CTensor& c, const ATensor& a, const BTensor& b, number<i_subk>) const
      |     ^          ~~~~~~~~~~~~~~~~~~~~~~~~~~~~~~~~~~~~~~~~~~~~~~~~~~~~~~~~~~~~~~
/usr/local/lib/python3.12/dist-packages/aiter_meta/3rdparty/composable_kernel/include/ck_tile/ops/gemm/warp/warp_gemm_impl.hpp:185:25: note: candidate function template not viable: requires 4 arguments, but 3 were provided
  185 |     CK_TILE_DEVICE auto operator()(const ATensor& a,
      |                         ^          ~~~~~~~~~~~~~~~~~
  186 |                                    const BTensor& b,
      |                                    ~~~~~~~~~~~~~~~~~
  187 |                                    const AScaleType& a_scale,
      |                                    ~~~~~~~~~~~~~~~~~~~~~~~~~~
  188 |                                    const BScaleType& b_scale) const
      |                                    ~~~~~~~~~~~~~~~~~~~~~~~~~
/usr/local/lib/python3.12/dist-packages/aiter_meta/3rdparty/composable_kernel/include/ck_tile/ops/gemm/warp/warp_gemm_impl.hpp:99:25: note: candidate function template not viable: requires 5 arguments, but 3 were provided
   99 |     CK_TILE_DEVICE void operator()(CTensor& c,
      |                         ^          ~~~~~~~~~~~
  100 |                                    const ATensor& a,
      |                                    ~~~~~~~~~~~~~~~~~
  101 |                                    const BTensor& b,
      |                                    ~~~~~~~~~~~~~~~~~
  102 |                                    const AScaleType& a_scale,
      |                                    ~~~~~~~~~~~~~~~~~~~~~~~~~~
  103 |                                    const BScaleType& b_scale) const
      |                                    ~~~~~~~~~~~~~~~~~~~~~~~~~
In file included from /work/mpB/a16w4_moe_flatmm.cpp:13:
In file included from /work/mpB/a16w4_moe_flatmm.hpp:11:
In file included from /usr/local/lib/python3.12/dist-packages/aiter_meta/3rdparty/composable_kernel/include/ck_tile/ops/moe_flatmm.hpp:7:
/usr/local/lib/python3.12/dist-packages/aiter_meta/3rdparty/composable_kernel/include/ck_tile/ops/flatmm/pipeline/moe_flatmm_pipeline_agmem_bgmem_creg.hpp:688:21: error: no matching function for call to object of type 'WG' (aka 'ck_tile::WarpGemmImpl<ck_tile::WarpGemmAttributeMfmaIterateK<ck_tile::WarpGemmAttributeMfmaImplBf16Bf16F32M16N16K16<ck_tile::WGAttrCtlEnum::Default_>, 2, ck_tile::WGAttrNumAccessEnum::Single, ck_tile::WGAttrNumAccessEnum::Single>>')
  688 |                     WG{}(c_warp_tensor,
      |                     ^~~~
/usr/local/lib/python3.12/dist-packages/aiter_meta/3rdparty/composable_kernel/include/ck_tile/core/utility/functional.hpp:74:10: note: in instantiation of function template specialization 'ck_tile::MoeFlatmmPipelineAGmemBGmemCRegV1<ck_tile::FlatmmPipelineProblem<__bf16, ck_tile::pk_int4_t, float, ck_tile::TileGemmShape<ck_tile::sequence<32, 256, 256>, ck_tile::sequence<1, 4, 1>, ck_tile::sequence<16, 16, 32>>, ck_tile::TileGemmUniversalTraits<false, false, false, false, ck_tile::tensor_layout::gemm::RowMajor, ck_tile::tensor_layout::gemm::ColumnMajor, ck_tile::tensor_layout::gemm::RowMajor, false, false, false, 1, true>, ck_tile::GemmPipelineScheduler::Default, true, ck_tile::TailNumber::Odd, ck_tile::amd_buffer_coherence_enum::coherence_default>>::operator()(const ck_tile::tile_scatter_gather<ck_tile::tensor_view<ck_tile::buffer_view<ck_tile::address_space_enum::global, const __bf16, int, true, ck_tile::amd_buffer_coherence_enum::coherence_default>, ck_tile::tensor_descriptor<ck_tile::tuple<ck_tile::embed<ck_tile::tuple<int, int>, ck_tile::tuple<int, int>>, ck_tile::pass_through<int>, ck_tile::pass_through<int>>, ck_tile::tuple<ck_tile::sequence<0>, ck_tile::sequence<1>, ck_tile::sequence<2>>, ck_tile::tuple<ck_tile::sequence<1, 2>, ck_tile::sequence<3>, ck_tile::sequence<4>>, ck_tile::sequence<3, 4>, int, ck_tile::sequence<-1, -1, 8, -1, -1>, ck_tile::sequence<-1, -1, 1, -1, -1>>, ck_tile::memory_operation_enum::set>, ck_tile::tuple<ck_tile::constant<32>, ck_tile::constant<256>>, ck_tile::tile_distribution<ck_tile::tensor_adaptor<ck_tile::tuple<ck_tile::replicate<ck_tile::tuple<ck_tile::constant<1>>>, ck_tile::unmerge<ck_tile::tuple<ck_tile::constant<4>, ck_tile::constant<4>, ck_tile::constant<2>>, false>, ck_tile::unmerge<ck_tile::tuple<ck_tile::constant<32>, ck_tile::constant<8>>, false>, ck_tile::merge_v2_magic_division<ck_tile::tuple<ck_tile::constant<4>>>, ck_tile::merge_v2_magic_division<ck_tile::tuple<ck_tile::constant<2>, ck_tile::constant<32>>>>, ck_tile::tuple<ck_tile::sequence<>, ck_tile::sequence<0>, ck_tile::sequence<1>, ck_tile::sequence<4>, ck_tile::sequence<5, 6>>, ck_tile::tuple<ck_tile::sequence<2>, ck_tile::sequence<3, 4, 5>, ck_tile::sequence<6, 7>, ck_tile::sequence<8>, ck_tile::sequence<9>>, ck_tile::sequence<0, 1>, ck_tile::sequence<8, 9, 3, 7>>, ck_tile::tensor_descriptor<ck_tile::tuple<ck_tile::unmerge<ck_tile::tuple<ck_tile::constant<4>, ck_tile::constant<8>>, false>>, ck_tile::tuple<ck_tile::sequence<0>>, ck_tile::tuple<ck_tile::sequence<1, 2>>, ck_tile::sequence<1, 2>, ck_tile::constant<32>, ck_tile::sequence<-1, -1, -1>, ck_tile::sequence<-1, -1, -1>>, ck_tile::tile_distribution_encoding<ck_tile::sequence<1>, ck_tile::tuple<ck_tile::sequence<4, 4, 2>, ck_tile::sequence<32, 8>>, ck_tile::tuple<ck_tile::sequence<1>, ck_tile::sequence<1, 2>>, ck_tile::tuple<ck_tile::sequence<1>, ck_tile::sequence<2, 0>>, ck_tile::sequence<1, 2>, ck_tile::sequence<0, 1>>, ck_tile::detail::tile_distribution_detail<ck_tile::tuple<ck_tile::sequence<2>, ck_tile::sequence<3, 4, 5>, ck_tile::sequence<6, 7>>>>, ck_tile::tuple<int, int, int, int>, std::nullptr_t> &, const (lambda at /usr/local/lib/python3.12/dist-packages/aiter_meta/3rdparty/composable_kernel/include/ck_tile/ops/flatmm/pipeline/moe_flatmm_pipeline_agmem_bgmem_creg.hpp:993:13) &, const ck_tile::tile_window_with_static_lengths<ck_tile::tensor_view<ck_tile::buffer_view<ck_tile::address_space_enum::global, const ck_tile::pk_int4_t, int, true, ck_tile::amd_buffer_coherence_enum::coherence_default>, ck_tile::tensor_descriptor<ck_tile::tuple<ck_tile::embed<ck_tile::tuple<int, int>, ck_tile::tuple<int, int>>>, ck_tile::tuple<ck_tile::sequence<0>>, ck_tile::tuple<ck_tile::sequence<1, 2>>, ck_tile::sequence<1, 2>, int, ck_tile::sequence<-1, -1, 32>, ck_tile::sequence<-1, -1, 1>>, ck_tile::memory_operation_enum::set>, ck_tile::tuple<ck_tile::constant<4>, ck_tile::constant<512>>> &, number<1>, index_t, void *)::(anonymous class)::operator()(ck_tile::sequence<7, 0>)::(anonymous class)::operator()<ck_tile::constant<3>>' requested here
   74 |         (f(number<Is>{}), ...);
      |          ^
/usr/local/lib/python3.12/dist-packages/aiter_meta/3rdparty/composable_kernel/include/ck_tile/ops/flatmm/pipeline/moe_flatmm_pipeline_agmem_bgmem_creg.hpp:679:17: note: in instantiation of function template specialization 'ck_tile::detail::applier<int, 0, 1, 2, 3>::operator()<(lambda at /usr/local/lib/python3.12/dist-packages/aiter_meta/3rdparty/composable_kernel/include/ck_tile/ops/flatmm/pipeline/moe_flatmm_pipeline_agmem_bgmem_creg.hpp:679:50)>' requested here
  679 |                 static_for<0, NIterPerWarp, 1>{}([&](auto nIter) {
      |                 ^
/usr/local/lib/python3.12/dist-packages/aiter_meta/3rdparty/composable_kernel/include/ck_tile/core/utility/functional.hpp:216:14: note: in instantiation of function template specialization 'ck_tile::MoeFlatmmPipelineAGmemBGmemCRegV1<ck_tile::FlatmmPipelineProblem<__bf16, ck_tile::pk_int4_t, float, ck_tile::TileGemmShape<ck_tile::sequence<32, 256, 256>, ck_tile::sequence<1, 4, 1>, ck_tile::sequence<16, 16, 32>>, ck_tile::TileGemmUniversalTraits<false, false, false, false, ck_tile::tensor_layout::gemm::RowMajor, ck_tile::tensor_layout::gemm::ColumnMajor, ck_tile::tensor_layout::gemm::RowMajor, false, false, false, 1, true>, ck_tile::GemmPipelineScheduler::Default, true, ck_tile::TailNumber::Odd, ck_tile::amd_buffer_coherence_enum::coherence_default>>::operator()(const ck_tile::tile_scatter_gather<ck_tile::tensor_view<ck_tile::buffer_view<ck_tile::address_space_enum::global, const __bf16, int, true, ck_tile::amd_buffer_coherence_enum::coherence_default>, ck_tile::tensor_descriptor<ck_tile::tuple<ck_tile::embed<ck_tile::tuple<int, int>, ck_tile::tuple<int, int>>, ck_tile::pass_through<int>, ck_tile::pass_through<int>>, ck_tile::tuple<ck_tile::sequence<0>, ck_tile::sequence<1>, ck_tile::sequence<2>>, ck_tile::tuple<ck_tile::sequence<1, 2>, ck_tile::sequence<3>, ck_tile::sequence<4>>, ck_tile::sequence<3, 4>, int, ck_tile::sequence<-1, -1, 8, -1, -1>, ck_tile::sequence<-1, -1, 1, -1, -1>>, ck_tile::memory_operation_enum::set>, ck_tile::tuple<ck_tile::constant<32>, ck_tile::constant<256>>, ck_tile::tile_distribution<ck_tile::tensor_adaptor<ck_tile::tuple<ck_tile::replicate<ck_tile::tuple<ck_tile::constant<1>>>, ck_tile::unmerge<ck_tile::tuple<ck_tile::constant<4>, ck_tile::constant<4>, ck_tile::constant<2>>, false>, ck_tile::unmerge<ck_tile::tuple<ck_tile::constant<32>, ck_tile::constant<8>>, false>, ck_tile::merge_v2_magic_division<ck_tile::tuple<ck_tile::constant<4>>>, ck_tile::merge_v2_magic_division<ck_tile::tuple<ck_tile::constant<2>, ck_tile::constant<32>>>>, ck_tile::tuple<ck_tile::sequence<>, ck_tile::sequence<0>, ck_tile::sequence<1>, ck_tile::sequence<4>, ck_tile::sequence<5, 6>>, ck_tile::tuple<ck_tile::sequence<2>, ck_tile::sequence<3, 4, 5>, ck_tile::sequence<6, 7>, ck_tile::sequence<8>, ck_tile::sequence<9>>, ck_tile::sequence<0, 1>, ck_tile::sequence<8, 9, 3, 7>>, ck_tile::tensor_descriptor<ck_tile::tuple<ck_tile::unmerge<ck_tile::tuple<ck_tile::constant<4>, ck_tile::constant<8>>, false>>, ck_tile::tuple<ck_tile::sequence<0>>, ck_tile::tuple<ck_tile::sequence<1, 2>>, ck_tile::sequence<1, 2>, ck_tile::constant<32>, ck_tile::sequence<-1, -1, -1>, ck_tile::sequence<-1, -1, -1>>, ck_tile::tile_distribution_encoding<ck_tile::sequence<1>, ck_tile::tuple<ck_tile::sequence<4, 4, 2>, ck_tile::sequence<32, 8>>, ck_tile::tuple<ck_tile::sequence<1>, ck_tile::sequence<1, 2>>, ck_tile::tuple<ck_tile::sequence<1>, ck_tile::sequence<2, 0>>, ck_tile::sequence<1, 2>, ck_tile::sequence<0, 1>>, ck_tile::detail::tile_distribution_detail<ck_tile::tuple<ck_tile::sequence<2>, ck_tile::sequence<3, 4, 5>, ck_tile::sequence<6, 7>>>>, ck_tile::tuple<int, int, int, int>, std::nullptr_t> &, const (lambda at /usr/local/lib/python3.12/dist-packages/aiter_meta/3rdparty/composable_kernel/include/ck_tile/ops/flatmm/pipeline/moe_flatmm_pipeline_agmem_bgmem_creg.hpp:993:13) &, const ck_tile::tile_window_with_static_lengths<ck_tile::tensor_view<ck_tile::buffer_view<ck_tile::address_space_enum::global, const ck_tile::pk_int4_t, int, true, ck_tile::amd_buffer_coherence_enum::coherence_default>, ck_tile::tensor_descriptor<ck_tile::tuple<ck_tile::embed<ck_tile::tuple<int, int>, ck_tile::tuple<int, int>>>, ck_tile::tuple<ck_tile::sequence<0>>, ck_tile::tuple<ck_tile::sequence<1, 2>>, ck_tile::sequence<1, 2>, int, ck_tile::sequence<-1, -1, 32>, ck_tile::sequence<-1, -1, 1>>, ck_tile::memory_operation_enum::set>, ck_tile::tuple<ck_tile::constant<4>, ck_tile::constant<512>>> &, number<1>, index_t, void *)::(anonymous class)::operator()<ck_tile::sequence<7, 0>>' requested here
  216 |             (f(typename Decomposer::template decompose<LinearIds>{}), ...);
      |              ^
/usr/local/lib/python3.12/dist-packages/aiter_meta/3rdparty/composable_kernel/include/ck_tile/core/utility/functional.hpp:274:13: note: in instantiation of function template specialization 'ck_tile::detail::ford_applier<ck_tile::detail::index_decomposer<ck_tile::sequence<8, 2>, ck_tile::sequence<0, 1>>, ck_tile::sequence<0, 1, 2, 3, 4, 5, 6, 7, 8, 9, 10, 11, 12, 13, 14, 15>>::operator()<(lambda at /usr/local/lib/python3.12/dist-packages/aiter_meta/3rdparty/composable_kernel/include/ck_tile/ops/flatmm/pipeline/moe_flatmm_pipeline_agmem_bgmem_creg.hpp:675:65)>' requested here
  274 |             detail::ford_applier<Decomposer, make_index_sequence<total_size>>{}(f);
      |             ^
/usr/local/lib/python3.12/dist-packages/aiter_meta/3rdparty/composable_kernel/include/ck_tile/ops/flatmm/pipeline/moe_flatmm_pipeline_agmem_bgmem_creg.hpp:675:13: note: in instantiation of function template specialization 'ck_tile::static_ford<ck_tile::sequence<8, 2>>::operator()<(lambda at /usr/local/lib/python3.12/dist-packages/aiter_meta/3rdparty/composable_kernel/include/ck_tile/ops/flatmm/pipeline/moe_flatmm_pipeline_agmem_bgmem_creg.hpp:675:65)>' requested here
  675 |             static_ford<sequence<KIterPerWarp, MIterPerWarp>>{}([&](auto km) {
      |             ^
/usr/local/lib/python3.12/dist-packages/aiter_meta/3rdparty/composable_kernel/include/ck_tile/ops/flatmm/pipeline/moe_flatmm_pipeline_agmem_bgmem_creg.hpp:991:16: note: (skipping 5 contexts in backtrace; use -ftemplate-backtrace-limit=0 to see all)
  991 |         return operator()(
      |                ^
/usr/local/lib/python3.12/dist-packages/aiter_meta/3rdparty/composable_kernel/include/ck_tile/host/kernel_launch.hpp:128:20: note: in instantiation of function template specialization 'ck_tile::kentry<1, ck_tile::MoeFlatmmKernel<ck_tile::GemmSpatiallyLocalTilePartitioner<ck_tile::TileGemmShape<ck_tile::sequence<32, 256, 256>, ck_tile::sequence<1, 4, 1>, ck_tile::sequence<16, 16, 32>>, 8, 4>, ck_tile::MoeFlatmmPipelineAGmemBGmemCRegV1<ck_tile::FlatmmPipelineProblem<__bf16, ck_tile::pk_int4_t, float, ck_tile::TileGemmShape<ck_tile::sequence<32, 256, 256>, ck_tile::sequence<1, 4, 1>, ck_tile::sequence<16, 16, 32>>, ck_tile::TileGemmUniversalTraits<false, false, false, false, ck_tile::tensor_layout::gemm::RowMajor, ck_tile::tensor_layout::gemm::ColumnMajor, ck_tile::tensor_layout::gemm::RowMajor, false, false, false, 1, true>, ck_tile::GemmPipelineScheduler::Default, true, ck_tile::TailNumber::Odd, ck_tile::amd_buffer_coherence_enum::coherence_default>>, ck_tile::CShuffleEpilogue<ck_tile::CShuffleEpilogueProblem<__bf16, __bf16, ck_tile::tuple<>, float, __bf16, ck_tile::tuple<>, ck_tile::tensor_layout::gemm::RowMajor, ck_tile::element_wise::PassThrough, 32, 256, 1, 4, 16, 16, 32, false, 1, false, 1, 2>>, ck_tile::MoeFlatmmKind::kFFN_gemm1_gate_up>, ck_tile::MoeFlatmmKernel<ck_tile::GemmSpatiallyLocalTilePartitioner<ck_tile::TileGemmShape<ck_tile::sequence<32, 256, 256>, ck_tile::sequence<1, 4, 1>, ck_tile::sequence<16, 16, 32>>, 8, 4>, ck_tile::MoeFlatmmPipelineAGmemBGmemCRegV1<ck_tile::FlatmmPipelineProblem<__bf16, ck_tile::pk_int4_t, float, ck_tile::TileGemmShape<ck_tile::sequence<32, 256, 256>, ck_tile::sequence<1, 4, 1>, ck_tile::sequence<16, 16, 32>>, ck_tile::TileGemmUniversalTraits<false, false, false, false, ck_tile::tensor_layout::gemm::RowMajor, ck_tile::tensor_layout::gemm::ColumnMajor, ck_tile::tensor_layout::gemm::RowMajor, false, false, false, 1, true>, ck_tile::GemmPipelineScheduler::Default, true, ck_tile::TailNumber::Odd, ck_tile::amd_buffer_coherence_enum::coherence_default>>, ck_tile::CShuffleEpilogue<ck_tile::CShuffleEpilogueProblem<__bf16, __bf16, ck_tile::tuple<>, float, __bf16, ck_tile::tuple<>, ck_tile::tensor_layout::gemm::RowMajor, ck_tile::element_wise::PassThrough, 32, 256, 1, 4, 16, 16, 32, false, 1, false, 1, 2>>, ck_tile::MoeFlatmmKind::kFFN_gemm1_gate_up>::MoeFlatmmKernelArgs<ck_tile::FlatmmScalePointer<-1>, ck_tile::FlatmmScalePointer<1, 32, ck_tile::e8m0_bexp_t>, ck_tile::FlatmmScalePointer<1>>>' requested here
  128 |             return kentry<MinBlockPerCu, KernelImpl, Args...>;
      |                    ^
/work/mpB/run_a16w4_moe_flatmm_example.inc:19:22: note: in instantiation of function template specialization 'a16w4_moe_gemm<A16W4_FlatmmConfig16, __bf16, ck_tile::pk_int4_t, ck_tile::tuple<>, float, __bf16, ck_tile::tensor_layout::gemm::RowMajor, ck_tile::tensor_layout::gemm::ColumnMajor, ck_tile::tuple<>, ck_tile::tensor_layout::gemm::RowMajor, ck_tile::MoeFlatmmKind::kFFN_gemm1_gate_up, ck_tile::element_wise::PassThrough, ck_tile::MoeFlatmmHostArgs<ck_tile::FlatmmScalePointer<-1>, ck_tile::FlatmmScalePointer<1, 32, ck_tile::e8m0_bexp_t>, ck_tile::FlatmmScalePointer<1>>>' requested here
   19 |     float ave_time = a16w4_moe_gemm<FlatmmConfig,
      |                      ^
/work/mpB/run_a16w4_moe_flatmm_example.inc:269:5: note: in instantiation of function template specialization 'invoke_a16w4_moe_gemm<A16W4_FlatmmConfig16, __bf16, ck_tile::pk_int4_t, ck_tile::tuple<>, float, __bf16, ck_tile::tensor_layout::gemm::RowMajor, ck_tile::tensor_layout::gemm::ColumnMajor, ck_tile::tuple<>, ck_tile::tensor_layout::gemm::RowMajor, ck_tile::MoeFlatmmKind::kFFN_gemm1_gate_up, ck_tile::element_wise::PassThrough, ck_tile::MoeFlatmmHostArgs<ck_tile::FlatmmScalePointer<-1>, ck_tile::FlatmmScalePointer<1, 32, ck_tile::e8m0_bexp_t>, ck_tile::FlatmmScalePointer<1>>>' requested here
  269 |     invoke_a16w4_moe_gemm<FlatmmConfig,
      |     ^
/work/mpB/a16w4_moe_flatmm.cpp:455:24: note: in instantiation of function template specialization 'run_a16w4_moe_gemm_example_with_layouts<__bf16, ck_tile::pk_int4_t, A16W4_FlatmmConfig16, ck_tile::MoeFlatmmKind::kFFN_gemm1_gate_up, ck_tile::tensor_layout::gemm::RowMajor, ck_tile::tensor_layout::gemm::ColumnMajor, ck_tile::tensor_layout::gemm::RowMajor>' requested here
  455 |                 return run_a16w4_moe_gemm_example_with_layouts<
      |                        ^
/work/mpB/a16w4_moe_flatmm.cpp:544:21: note: in instantiation of function template specialization 'run_a16w4_moe_flatmm_example<A16W4_FlatmmConfig16>' requested here
  544 |             return !run_a16w4_moe_flatmm_example<A16W4_FlatmmConfig16>(argc, argv);
      |                     ^
/usr/local/lib/python3.12/dist-packages/aiter_meta/3rdparty/composable_kernel/include/ck_tile/ops/gemm/warp/warp_gemm_impl.hpp:48:25: note: candidate template ignored: substitution failure [with Params = <>, CTensor = CWarpTensor, ATensor = ck_tile::static_distributed_tensor<__bf16, ck_tile::tile_distribution<ck_tile::tensor_adaptor<ck_tile::tuple<ck_tile::replicate<ck_tile::tuple<ck_tile::constant<4>>>, ck_tile::unmerge<ck_tile::tuple<ck_tile::constant<16>>, false>, ck_tile::unmerge<ck_tile::tuple<ck_tile::constant<1>, ck_tile::constant<4>, ck_tile::constant<8>>, false>, ck_tile::merge_v2_magic_division<ck_tile::tuple<ck_tile::constant<4>>>, ck_tile::merge_v2_magic_division<ck_tile::tuple<ck_tile::constant<4>, ck_tile::constant<16>>>>, ck_tile::tuple<ck_tile::sequence<>, ck_tile::sequence<0>, ck_tile::sequence<1>, ck_tile::sequence<2>, ck_tile::sequence<5, 3>>, ck_tile::tuple<ck_tile::sequence<2>, ck_tile::sequence<3>, ck_tile::sequence<4, 5, 6>, ck_tile::sequence<7>, ck_tile::sequence<8>>, ck_tile::sequence<0, 1>, ck_tile::sequence<7, 8, 4, 6>>, ck_tile::tensor_descriptor<ck_tile::tuple<ck_tile::unmerge<ck_tile::tuple<ck_tile::constant<1>, ck_tile::constant<8>>, false>>, ck_tile::tuple<ck_tile::sequence<0>>, ck_tile::tuple<ck_tile::sequence<1, 2>>, ck_tile::sequence<1, 2>, ck_tile::constant<8>, ck_tile::sequence<-1, -1, -1>, ck_tile::sequence<-1, -1, -1>>, ck_tile::tile_distribution_encoding<ck_tile::sequence<4>, ck_tile::tuple<ck_tile::sequence<16>, ck_tile::sequence<1, 4, 8>>, ck_tile::tuple<ck_tile::sequence<0>, ck_tile::sequence<2, 1>>, ck_tile::tuple<ck_tile::sequence<0>, ck_tile::sequence<1, 0>>, ck_tile::sequence<2, 2>, ck_tile::sequence<0, 2>>, ck_tile::detail::tile_distribution_detail<ck_tile::tuple<ck_tile::sequence<2>, ck_tile::sequence<3>, ck_tile::sequence<4, 5, 6>>>>>, BTensor = ck_tile::static_distributed_tensor<ck_tile::pk_int4_t, ck_tile::tile_distribution<ck_tile::tensor_adaptor<ck_tile::tuple<ck_tile::replicate<ck_tile::tuple<ck_tile::constant<1>>>, ck_tile::unmerge<ck_tile::tuple<ck_tile::constant<1>, ck_tile::constant<4>, ck_tile::constant<1>, ck_tile::constant<1>>, false>, ck_tile::unmerge<ck_tile::tuple<ck_tile::constant<1>, ck_tile::constant<1>, ck_tile::constant<64>, ck_tile::constant<8>>, false>, ck_tile::merge_v2_magic_division<ck_tile::tuple<ck_tile::constant<1>, ck_tile::constant<4>, ck_tile::constant<1>>>, ck_tile::merge_v2_magic_division<ck_tile::tuple<ck_tile::constant<1>, ck_tile::constant<64>>>>, ck_tile::tuple<ck_tile::sequence<>, ck_tile::sequence<0>, ck_tile::sequence<1>, ck_tile::sequence<2, 4, 8>, ck_tile::sequence<5, 9>>, ck_tile::tuple<ck_tile::sequence<2>, ck_tile::sequence<3, 4, 5, 6>, ck_tile::sequence<7, 8, 9, 10>, ck_tile::sequence<11>, ck_tile::sequence<12>>, ck_tile::sequence<0, 1>, ck_tile::sequence<11, 12, 3, 6, 7, 10>>, ck_tile::tensor_descriptor<ck_tile::tuple<ck_tile::unmerge<ck_tile::tuple<ck_tile::constant<1>, ck_tile::constant<1>, ck_tile::constant<1>, ck_tile::constant<8>>, false>>, ck_tile::tuple<ck_tile::sequence<0>>, ck_tile::tuple<ck_tile::sequence<1, 2, 3, 4>>, ck_tile::sequence<1, 2, 3, 4>, ck_tile::constant<8>, ck_tile::sequence<-1, -1, -1, -1, -1>, ck_tile::sequence<-1, -1, -1, -1, -1>>, ck_tile::tile_distribution_encoding<ck_tile::sequence<1>, ck_tile::tuple<ck_tile::sequence<1, 4, 1, 1>, ck_tile::sequence<1, 1, 64, 8>>, ck_tile::tuple<ck_tile::sequence<0, 1, 2>, ck_tile::sequence<1, 2>>, ck_tile::tuple<ck_tile::sequence<0, 1, 1>, ck_tile::sequence<2, 2>>, ck_tile::sequence<1, 1, 2, 2>, ck_tile::sequence<0, 3, 0, 3>>, ck_tile::detail::tile_distribution_detail<ck_tile::tuple<ck_tile::sequence<2>, ck_tile::sequence<3, 4, 5, 6>, ck_tile::sequence<7, 8, 9, 10>>>>>]
   48 |     CK_TILE_DEVICE void operator()(CTensor& c, const ATensor& a, const BTensor& b) const
      |                         ^
/usr/local/lib/python3.12/dist-packages/aiter_meta/3rdparty/composable_kernel/include/ck_tile/ops/gemm/warp/warp_gemm_impl.hpp:125:25: note: candidate function template not viable: requires 2 arguments, but 3 were provided
  125 |     CK_TILE_DEVICE auto operator()(const ATensor& a, const BTensor& b) const
      |                         ^          ~~~~~~~~~~~~~~~~~~~~~~~~~~~~~~~~~~
/usr/local/lib/python3.12/dist-packages/aiter_meta/3rdparty/composable_kernel/include/ck_tile/ops/gemm/warp/warp_gemm_impl.hpp:75:5: note: candidate function template not viable: requires 4 arguments, but 3 were provided
   75 |     operator()(CTensor& c, const ATensor& a, const BTensor& b, number<i_subk>) const
      |     ^          ~~~~~~~~~~~~~~~~~~~~~~~~~~~~~~~~~~~~~~~~~~~~~~~~~~~~~~~~~~~~~~
/usr/local/lib/python3.12/dist-packages/aiter_meta/3rdparty/composable_kernel/include/ck_tile/ops/gemm/warp/warp_gemm_impl.hpp:185:25: note: candidate function template not viable: requires 4 arguments, but 3 were provided
  185 |     CK_TILE_DEVICE auto operator()(const ATensor& a,
      |                         ^          ~~~~~~~~~~~~~~~~~
  186 |                                    const BTensor& b,
      |                                    ~~~~~~~~~~~~~~~~~
  187 |                                    const AScaleType& a_scale,
      |                                    ~~~~~~~~~~~~~~~~~~~~~~~~~~
  188 |                                    const BScaleType& b_scale) const
      |                                    ~~~~~~~~~~~~~~~~~~~~~~~~~
/usr/local/lib/python3.12/dist-packages/aiter_meta/3rdparty/composable_kernel/include/ck_tile/ops/gemm/warp/warp_gemm_impl.hpp:99:25: note: candidate function template not viable: requires 5 arguments, but 3 were provided
   99 |     CK_TILE_DEVICE void operator()(CTensor& c,
      |                         ^          ~~~~~~~~~~~
  100 |                                    const ATensor& a,
      |                                    ~~~~~~~~~~~~~~~~~
  101 |                                    const BTensor& b,
      |                                    ~~~~~~~~~~~~~~~~~
  102 |                                    const AScaleType& a_scale,
      |                                    ~~~~~~~~~~~~~~~~~~~~~~~~~~
  103 |                                    const BScaleType& b_scale) const
      |                                    ~~~~~~~~~~~~~~~~~~~~~~~~~
In file included from /work/mpB/a16w4_moe_flatmm.cpp:13:
In file included from /work/mpB/a16w4_moe_flatmm.hpp:11:
In file included from /usr/local/lib/python3.12/dist-packages/aiter_meta/3rdparty/composable_kernel/include/ck_tile/ops/moe_flatmm.hpp:7:
/usr/local/lib/python3.12/dist-packages/aiter_meta/3rdparty/composable_kernel/include/ck_tile/ops/flatmm/pipeline/moe_flatmm_pipeline_agmem_bgmem_creg.hpp:688:21: error: no matching function for call to object of type 'WG' (aka 'ck_tile::WarpGemmImpl<ck_tile::WarpGemmAttributeMfmaIterateK<ck_tile::WarpGemmAttributeMfmaImplBf16Bf16F32M16N16K16<ck_tile::WGAttrCtlEnum::Default_>, 2, ck_tile::WGAttrNumAccessEnum::Single, ck_tile::WGAttrNumAccessEnum::Single>>')
  688 |                     WG{}(c_warp_tensor,
      |                     ^~~~
/usr/local/lib/python3.12/dist-packages/aiter_meta/3rdparty/composable_kernel/include/ck_tile/core/utility/functional.hpp:74:10: note: in instantiation of function template specialization 'ck_tile::MoeFlatmmPipelineAGmemBGmemCRegV1<ck_tile::FlatmmPipelineProblem<__bf16, ck_tile::pk_int4_t, float, ck_tile::TileGemmShape<ck_tile::sequence<32, 256, 256>, ck_tile::sequence<1, 4, 1>, ck_tile::sequence<16, 16, 32>>, ck_tile::TileGemmUniversalTraits<false, false, false, false, ck_tile::tensor_layout::gemm::RowMajor, ck_tile::tensor_layout::gemm::ColumnMajor, ck_tile::tensor_layout::gemm::RowMajor, false, false, false, 1, true>, ck_tile::GemmPipelineScheduler::Default, true, ck_tile::TailNumber::Odd, ck_tile::amd_buffer_coherence_enum::coherence_default>>::operator()(const ck_tile::tile_scatter_gather<ck_tile::tensor_view<ck_tile::buffer_view<ck_tile::address_space_enum::global, const __bf16, int, true, ck_tile::amd_buffer_coherence_enum::coherence_default>, ck_tile::tensor_descriptor<ck_tile::tuple<ck_tile::embed<ck_tile::tuple<int, int>, ck_tile::tuple<int, int>>, ck_tile::pass_through<int>, ck_tile::pass_through<int>>, ck_tile::tuple<ck_tile::sequence<0>, ck_tile::sequence<1>, ck_tile::sequence<2>>, ck_tile::tuple<ck_tile::sequence<1, 2>, ck_tile::sequence<3>, ck_tile::sequence<4>>, ck_tile::sequence<3, 4>, int, ck_tile::sequence<-1, -1, 8, -1, -1>, ck_tile::sequence<-1, -1, 1, -1, -1>>, ck_tile::memory_operation_enum::set>, ck_tile::tuple<ck_tile::constant<32>, ck_tile::constant<256>>, ck_tile::tile_distribution<ck_tile::tensor_adaptor<ck_tile::tuple<ck_tile::replicate<ck_tile::tuple<ck_tile::constant<1>>>, ck_tile::unmerge<ck_tile::tuple<ck_tile::constant<4>, ck_tile::constant<4>, ck_tile::constant<2>>, false>, ck_tile::unmerge<ck_tile::tuple<ck_tile::constant<32>, ck_tile::constant<8>>, false>, ck_tile::merge_v2_magic_division<ck_tile::tuple<ck_tile::constant<4>>>, ck_tile::merge_v2_magic_division<ck_tile::tuple<ck_tile::constant<2>, ck_tile::constant<32>>>>, ck_tile::tuple<ck_tile::sequence<>, ck_tile::sequence<0>, ck_tile::sequence<1>, ck_tile::sequence<4>, ck_tile::sequence<5, 6>>, ck_tile::tuple<ck_tile::sequence<2>, ck_tile::sequence<3, 4, 5>, ck_tile::sequence<6, 7>, ck_tile::sequence<8>, ck_tile::sequence<9>>, ck_tile::sequence<0, 1>, ck_tile::sequence<8, 9, 3, 7>>, ck_tile::tensor_descriptor<ck_tile::tuple<ck_tile::unmerge<ck_tile::tuple<ck_tile::constant<4>, ck_tile::constant<8>>, false>>, ck_tile::tuple<ck_tile::sequence<0>>, ck_tile::tuple<ck_tile::sequence<1, 2>>, ck_tile::sequence<1, 2>, ck_tile::constant<32>, ck_tile::sequence<-1, -1, -1>, ck_tile::sequence<-1, -1, -1>>, ck_tile::tile_distribution_encoding<ck_tile::sequence<1>, ck_tile::tuple<ck_tile::sequence<4, 4, 2>, ck_tile::sequence<32, 8>>, ck_tile::tuple<ck_tile::sequence<1>, ck_tile::sequence<1, 2>>, ck_tile::tuple<ck_tile::sequence<1>, ck_tile::sequence<2, 0>>, ck_tile::sequence<1, 2>, ck_tile::sequence<0, 1>>, ck_tile::detail::tile_distribution_detail<ck_tile::tuple<ck_tile::sequence<2>, ck_tile::sequence<3, 4, 5>, ck_tile::sequence<6, 7>>>>, ck_tile::tuple<int, int, int, int>, std::nullptr_t> &, const (lambda at /usr/local/lib/python3.12/dist-packages/aiter_meta/3rdparty/composable_kernel/include/ck_tile/ops/flatmm/pipeline/moe_flatmm_pipeline_agmem_bgmem_creg.hpp:993:13) &, const ck_tile::tile_window_with_static_lengths<ck_tile::tensor_view<ck_tile::buffer_view<ck_tile::address_space_enum::global, const ck_tile::pk_int4_t, int, true, ck_tile::amd_buffer_coherence_enum::coherence_default>, ck_tile::tensor_descriptor<ck_tile::tuple<ck_tile::embed<ck_tile::tuple<int, int>, ck_tile::tuple<int, int>>>, ck_tile::tuple<ck_tile::sequence<0>>, ck_tile::tuple<ck_tile::sequence<1, 2>>, ck_tile::sequence<1, 2>, int, ck_tile::sequence<-1, -1, 32>, ck_tile::sequence<-1, -1, 1>>, ck_tile::memory_operation_enum::set>, ck_tile::tuple<ck_tile::constant<4>, ck_tile::constant<512>>> &, number<1>, index_t, void *)::(anonymous class)::operator()(ck_tile::sequence<6, 1>)::(anonymous class)::operator()<ck_tile::constant<3>>' requested here
   74 |         (f(number<Is>{}), ...);
      |          ^
/usr/local/lib/python3.12/dist-packages/aiter_meta/3rdparty/composable_kernel/include/ck_tile/ops/flatmm/pipeline/moe_flatmm_pipeline_agmem_bgmem_creg.hpp:679:17: note: in instantiation of function template specialization 'ck_tile::detail::applier<int, 0, 1, 2, 3>::operator()<(lambda at /usr/local/lib/python3.12/dist-packages/aiter_meta/3rdparty/composable_kernel/include/ck_tile/ops/flatmm/pipeline/moe_flatmm_pipeline_agmem_bgmem_creg.hpp:679:50)>' requested here
  679 |                 static_for<0, NIterPerWarp, 1>{}([&](auto nIter) {
      |                 ^
/usr/local/lib/python3.12/dist-packages/aiter_meta/3rdparty/composable_kernel/include/ck_tile/core/utility/functional.hpp:216:14: note: in instantiation of function template specialization 'ck_tile::MoeFlatmmPipelineAGmemBGmemCRegV1<ck_tile::FlatmmPipelineProblem<__bf16, ck_tile::pk_int4_t, float, ck_tile::TileGemmShape<ck_tile::sequence<32, 256, 256>, ck_tile::sequence<1, 4, 1>, ck_tile::sequence<16, 16, 32>>, ck_tile::TileGemmUniversalTraits<false, false, false, false, ck_tile::tensor_layout::gemm::RowMajor, ck_tile::tensor_layout::gemm::ColumnMajor, ck_tile::tensor_layout::gemm::RowMajor, false, false, false, 1, true>, ck_tile::GemmPipelineScheduler::Default, true, ck_tile::TailNumber::Odd, ck_tile::amd_buffer_coherence_enum::coherence_default>>::operator()(const ck_tile::tile_scatter_gather<ck_tile::tensor_view<ck_tile::buffer_view<ck_tile::address_space_enum::global, const __bf16, int, true, ck_tile::amd_buffer_coherence_enum::coherence_default>, ck_tile::tensor_descriptor<ck_tile::tuple<ck_tile::embed<ck_tile::tuple<int, int>, ck_tile::tuple<int, int>>, ck_tile::pass_through<int>, ck_tile::pass_through<int>>, ck_tile::tuple<ck_tile::sequence<0>, ck_tile::sequence<1>, ck_tile::sequence<2>>, ck_tile::tuple<ck_tile::sequence<1, 2>, ck_tile::sequence<3>, ck_tile::sequence<4>>, ck_tile::sequence<3, 4>, int, ck_tile::sequence<-1, -1, 8, -1, -1>, ck_tile::sequence<-1, -1, 1, -1, -1>>, ck_tile::memory_operation_enum::set>, ck_tile::tuple<ck_tile::constant<32>, ck_tile::constant<256>>, ck_tile::tile_distribution<ck_tile::tensor_adaptor<ck_tile::tuple<ck_tile::replicate<ck_tile::tuple<ck_tile::constant<1>>>, ck_tile::unmerge<ck_tile::tuple<ck_tile::constant<4>, ck_tile::constant<4>, ck_tile::constant<2>>, false>, ck_tile::unmerge<ck_tile::tuple<ck_tile::constant<32>, ck_tile::constant<8>>, false>, ck_tile::merge_v2_magic_division<ck_tile::tuple<ck_tile::constant<4>>>, ck_tile::merge_v2_magic_division<ck_tile::tuple<ck_tile::constant<2>, ck_tile::constant<32>>>>, ck_tile::tuple<ck_tile::sequence<>, ck_tile::sequence<0>, ck_tile::sequence<1>, ck_tile::sequence<4>, ck_tile::sequence<5, 6>>, ck_tile::tuple<ck_tile::sequence<2>, ck_tile::sequence<3, 4, 5>, ck_tile::sequence<6, 7>, ck_tile::sequence<8>, ck_tile::sequence<9>>, ck_tile::sequence<0, 1>, ck_tile::sequence<8, 9, 3, 7>>, ck_tile::tensor_descriptor<ck_tile::tuple<ck_tile::unmerge<ck_tile::tuple<ck_tile::constant<4>, ck_tile::constant<8>>, false>>, ck_tile::tuple<ck_tile::sequence<0>>, ck_tile::tuple<ck_tile::sequence<1, 2>>, ck_tile::sequence<1, 2>, ck_tile::constant<32>, ck_tile::sequence<-1, -1, -1>, ck_tile::sequence<-1, -1, -1>>, ck_tile::tile_distribution_encoding<ck_tile::sequence<1>, ck_tile::tuple<ck_tile::sequence<4, 4, 2>, ck_tile::sequence<32, 8>>, ck_tile::tuple<ck_tile::sequence<1>, ck_tile::sequence<1, 2>>, ck_tile::tuple<ck_tile::sequence<1>, ck_tile::sequence<2, 0>>, ck_tile::sequence<1, 2>, ck_tile::sequence<0, 1>>, ck_tile::detail::tile_distribution_detail<ck_tile::tuple<ck_tile::sequence<2>, ck_tile::sequence<3, 4, 5>, ck_tile::sequence<6, 7>>>>, ck_tile::tuple<int, int, int, int>, std::nullptr_t> &, const (lambda at /usr/local/lib/python3.12/dist-packages/aiter_meta/3rdparty/composable_kernel/include/ck_tile/ops/flatmm/pipeline/moe_flatmm_pipeline_agmem_bgmem_creg.hpp:993:13) &, const ck_tile::tile_window_with_static_lengths<ck_tile::tensor_view<ck_tile::buffer_view<ck_tile::address_space_enum::global, const ck_tile::pk_int4_t, int, true, ck_tile::amd_buffer_coherence_enum::coherence_default>, ck_tile::tensor_descriptor<ck_tile::tuple<ck_tile::embed<ck_tile::tuple<int, int>, ck_tile::tuple<int, int>>>, ck_tile::tuple<ck_tile::sequence<0>>, ck_tile::tuple<ck_tile::sequence<1, 2>>, ck_tile::sequence<1, 2>, int, ck_tile::sequence<-1, -1, 32>, ck_tile::sequence<-1, -1, 1>>, ck_tile::memory_operation_enum::set>, ck_tile::tuple<ck_tile::constant<4>, ck_tile::constant<512>>> &, number<1>, index_t, void *)::(anonymous class)::operator()<ck_tile::sequence<6, 1>>' requested here
  216 |             (f(typename Decomposer::template decompose<LinearIds>{}), ...);
      |              ^
/usr/local/lib/python3.12/dist-packages/aiter_meta/3rdparty/composable_kernel/include/ck_tile/core/utility/functional.hpp:274:13: note: in instantiation of function template specialization 'ck_tile::detail::ford_applier<ck_tile::detail::index_decomposer<ck_tile::sequence<8, 2>, ck_tile::sequence<0, 1>>, ck_tile::sequence<0, 1, 2, 3, 4, 5, 6, 7, 8, 9, 10, 11, 12, 13, 14, 15>>::operator()<(lambda at /usr/local/lib/python3.12/dist-packages/aiter_meta/3rdparty/composable_kernel/include/ck_tile/ops/flatmm/pipeline/moe_flatmm_pipeline_agmem_bgmem_creg.hpp:675:65)>' requested here
  274 |             detail::ford_applier<Decomposer, make_index_sequence<total_size>>{}(f);
      |             ^
/usr/local/lib/python3.12/dist-packages/aiter_meta/3rdparty/composable_kernel/include/ck_tile/ops/flatmm/pipeline/moe_flatmm_pipeline_agmem_bgmem_creg.hpp:675:13: note: in instantiation of function template specialization 'ck_tile::static_ford<ck_tile::sequence<8, 2>>::operator()<(lambda at /usr/local/lib/python3.12/dist-packages/aiter_meta/3rdparty/composable_kernel/include/ck_tile/ops/flatmm/pipeline/moe_flatmm_pipeline_agmem_bgmem_creg.hpp:675:65)>' requested here
  675 |             static_ford<sequence<KIterPerWarp, MIterPerWarp>>{}([&](auto km) {
      |             ^
/usr/local/lib/python3.12/dist-packages/aiter_meta/3rdparty/composable_kernel/include/ck_tile/ops/flatmm/pipeline/moe_flatmm_pipeline_agmem_bgmem_creg.hpp:991:16: note: (skipping 5 contexts in backtrace; use -ftemplate-backtrace-limit=0 to see all)
  991 |         return operator()(
      |                ^
/usr/local/lib/python3.12/dist-packages/aiter_meta/3rdparty/composable_kernel/include/ck_tile/host/kernel_launch.hpp:128:20: note: in instantiation of function template specialization 'ck_tile::kentry<1, ck_tile::MoeFlatmmKernel<ck_tile::GemmSpatiallyLocalTilePartitioner<ck_tile::TileGemmShape<ck_tile::sequence<32, 256, 256>, ck_tile::sequence<1, 4, 1>, ck_tile::sequence<16, 16, 32>>, 8, 4>, ck_tile::MoeFlatmmPipelineAGmemBGmemCRegV1<ck_tile::FlatmmPipelineProblem<__bf16, ck_tile::pk_int4_t, float, ck_tile::TileGemmShape<ck_tile::sequence<32, 256, 256>, ck_tile::sequence<1, 4, 1>, ck_tile::sequence<16, 16, 32>>, ck_tile::TileGemmUniversalTraits<false, false, false, false, ck_tile::tensor_layout::gemm::RowMajor, ck_tile::tensor_layout::gemm::ColumnMajor, ck_tile::tensor_layout::gemm::RowMajor, false, false, false, 1, true>, ck_tile::GemmPipelineScheduler::Default, true, ck_tile::TailNumber::Odd, ck_tile::amd_buffer_coherence_enum::coherence_default>>, ck_tile::CShuffleEpilogue<ck_tile::CShuffleEpilogueProblem<__bf16, __bf16, ck_tile::tuple<>, float, __bf16, ck_tile::tuple<>, ck_tile::tensor_layout::gemm::RowMajor, ck_tile::element_wise::PassThrough, 32, 256, 1, 4, 16, 16, 32, false, 1, false, 1, 2>>, ck_tile::MoeFlatmmKind::kFFN_gemm1_gate_up>, ck_tile::MoeFlatmmKernel<ck_tile::GemmSpatiallyLocalTilePartitioner<ck_tile::TileGemmShape<ck_tile::sequence<32, 256, 256>, ck_tile::sequence<1, 4, 1>, ck_tile::sequence<16, 16, 32>>, 8, 4>, ck_tile::MoeFlatmmPipelineAGmemBGmemCRegV1<ck_tile::FlatmmPipelineProblem<__bf16, ck_tile::pk_int4_t, float, ck_tile::TileGemmShape<ck_tile::sequence<32, 256, 256>, ck_tile::sequence<1, 4, 1>, ck_tile::sequence<16, 16, 32>>, ck_tile::TileGemmUniversalTraits<false, false, false, false, ck_tile::tensor_layout::gemm::RowMajor, ck_tile::tensor_layout::gemm::ColumnMajor, ck_tile::tensor_layout::gemm::RowMajor, false, false, false, 1, true>, ck_tile::GemmPipelineScheduler::Default, true, ck_tile::TailNumber::Odd, ck_tile::amd_buffer_coherence_enum::coherence_default>>, ck_tile::CShuffleEpilogue<ck_tile::CShuffleEpilogueProblem<__bf16, __bf16, ck_tile::tuple<>, float, __bf16, ck_tile::tuple<>, ck_tile::tensor_layout::gemm::RowMajor, ck_tile::element_wise::PassThrough, 32, 256, 1, 4, 16, 16, 32, false, 1, false, 1, 2>>, ck_tile::MoeFlatmmKind::kFFN_gemm1_gate_up>::MoeFlatmmKernelArgs<ck_tile::FlatmmScalePointer<-1>, ck_tile::FlatmmScalePointer<1, 32, ck_tile::e8m0_bexp_t>, ck_tile::FlatmmScalePointer<1>>>' requested here
  128 |             return kentry<MinBlockPerCu, KernelImpl, Args...>;
      |                    ^
/work/mpB/run_a16w4_moe_flatmm_example.inc:19:22: note: in instantiation of function template specialization 'a16w4_moe_gemm<A16W4_FlatmmConfig16, __bf16, ck_tile::pk_int4_t, ck_tile::tuple<>, float, __bf16, ck_tile::tensor_layout::gemm::RowMajor, ck_tile::tensor_layout::gemm::ColumnMajor, ck_tile::tuple<>, ck_tile::tensor_layout::gemm::RowMajor, ck_tile::MoeFlatmmKind::kFFN_gemm1_gate_up, ck_tile::element_wise::PassThrough, ck_tile::MoeFlatmmHostArgs<ck_tile::FlatmmScalePointer<-1>, ck_tile::FlatmmScalePointer<1, 32, ck_tile::e8m0_bexp_t>, ck_tile::FlatmmScalePointer<1>>>' requested here
   19 |     float ave_time = a16w4_moe_gemm<FlatmmConfig,
      |                      ^
/work/mpB/run_a16w4_moe_flatmm_example.inc:269:5: note: in instantiation of function template specialization 'invoke_a16w4_moe_gemm<A16W4_FlatmmConfig16, __bf16, ck_tile::pk_int4_t, ck_tile::tuple<>, float, __bf16, ck_tile::tensor_layout::gemm::RowMajor, ck_tile::tensor_layout::gemm::ColumnMajor, ck_tile::tuple<>, ck_tile::tensor_layout::gemm::RowMajor, ck_tile::MoeFlatmmKind::kFFN_gemm1_gate_up, ck_tile::element_wise::PassThrough, ck_tile::MoeFlatmmHostArgs<ck_tile::FlatmmScalePointer<-1>, ck_tile::FlatmmScalePointer<1, 32, ck_tile::e8m0_bexp_t>, ck_tile::FlatmmScalePointer<1>>>' requested here
  269 |     invoke_a16w4_moe_gemm<FlatmmConfig,
      |     ^
/work/mpB/a16w4_moe_flatmm.cpp:455:24: note: in instantiation of function template specialization 'run_a16w4_moe_gemm_example_with_layouts<__bf16, ck_tile::pk_int4_t, A16W4_FlatmmConfig16, ck_tile::MoeFlatmmKind::kFFN_gemm1_gate_up, ck_tile::tensor_layout::gemm::RowMajor, ck_tile::tensor_layout::gemm::ColumnMajor, ck_tile::tensor_layout::gemm::RowMajor>' requested here
  455 |                 return run_a16w4_moe_gemm_example_with_layouts<
      |                        ^
/work/mpB/a16w4_moe_flatmm.cpp:544:21: note: in instantiation of function template specialization 'run_a16w4_moe_flatmm_example<A16W4_FlatmmConfig16>' requested here
  544 |             return !run_a16w4_moe_flatmm_example<A16W4_FlatmmConfig16>(argc, argv);
      |                     ^
/usr/local/lib/python3.12/dist-packages/aiter_meta/3rdparty/composable_kernel/include/ck_tile/ops/gemm/warp/warp_gemm_impl.hpp:48:25: note: candidate template ignored: substitution failure [with Params = <>, CTensor = CWarpTensor, ATensor = ck_tile::static_distributed_tensor<__bf16, ck_tile::tile_distribution<ck_tile::tensor_adaptor<ck_tile::tuple<ck_tile::replicate<ck_tile::tuple<ck_tile::constant<4>>>, ck_tile::unmerge<ck_tile::tuple<ck_tile::constant<16>>, false>, ck_tile::unmerge<ck_tile::tuple<ck_tile::constant<1>, ck_tile::constant<4>, ck_tile::constant<8>>, false>, ck_tile::merge_v2_magic_division<ck_tile::tuple<ck_tile::constant<4>>>, ck_tile::merge_v2_magic_division<ck_tile::tuple<ck_tile::constant<4>, ck_tile::constant<16>>>>, ck_tile::tuple<ck_tile::sequence<>, ck_tile::sequence<0>, ck_tile::sequence<1>, ck_tile::sequence<2>, ck_tile::sequence<5, 3>>, ck_tile::tuple<ck_tile::sequence<2>, ck_tile::sequence<3>, ck_tile::sequence<4, 5, 6>, ck_tile::sequence<7>, ck_tile::sequence<8>>, ck_tile::sequence<0, 1>, ck_tile::sequence<7, 8, 4, 6>>, ck_tile::tensor_descriptor<ck_tile::tuple<ck_tile::unmerge<ck_tile::tuple<ck_tile::constant<1>, ck_tile::constant<8>>, false>>, ck_tile::tuple<ck_tile::sequence<0>>, ck_tile::tuple<ck_tile::sequence<1, 2>>, ck_tile::sequence<1, 2>, ck_tile::constant<8>, ck_tile::sequence<-1, -1, -1>, ck_tile::sequence<-1, -1, -1>>, ck_tile::tile_distribution_encoding<ck_tile::sequence<4>, ck_tile::tuple<ck_tile::sequence<16>, ck_tile::sequence<1, 4, 8>>, ck_tile::tuple<ck_tile::sequence<0>, ck_tile::sequence<2, 1>>, ck_tile::tuple<ck_tile::sequence<0>, ck_tile::sequence<1, 0>>, ck_tile::sequence<2, 2>, ck_tile::sequence<0, 2>>, ck_tile::detail::tile_distribution_detail<ck_tile::tuple<ck_tile::sequence<2>, ck_tile::sequence<3>, ck_tile::sequence<4, 5, 6>>>>>, BTensor = ck_tile::static_distributed_tensor<ck_tile::pk_int4_t, ck_tile::tile_distribution<ck_tile::tensor_adaptor<ck_tile::tuple<ck_tile::replicate<ck_tile::tuple<ck_tile::constant<1>>>, ck_tile::unmerge<ck_tile::tuple<ck_tile::constant<1>, ck_tile::constant<4>, ck_tile::constant<1>, ck_tile::constant<1>>, false>, ck_tile::unmerge<ck_tile::tuple<ck_tile::constant<1>, ck_tile::constant<1>, ck_tile::constant<64>, ck_tile::constant<8>>, false>, ck_tile::merge_v2_magic_division<ck_tile::tuple<ck_tile::constant<1>, ck_tile::constant<4>, ck_tile::constant<1>>>, ck_tile::merge_v2_magic_division<ck_tile::tuple<ck_tile::constant<1>, ck_tile::constant<64>>>>, ck_tile::tuple<ck_tile::sequence<>, ck_tile::sequence<0>, ck_tile::sequence<1>, ck_tile::sequence<2, 4, 8>, ck_tile::sequence<5, 9>>, ck_tile::tuple<ck_tile::sequence<2>, ck_tile::sequence<3, 4, 5, 6>, ck_tile::sequence<7, 8, 9, 10>, ck_tile::sequence<11>, ck_tile::sequence<12>>, ck_tile::sequence<0, 1>, ck_tile::sequence<11, 12, 3, 6, 7, 10>>, ck_tile::tensor_descriptor<ck_tile::tuple<ck_tile::unmerge<ck_tile::tuple<ck_tile::constant<1>, ck_tile::constant<1>, ck_tile::constant<1>, ck_tile::constant<8>>, false>>, ck_tile::tuple<ck_tile::sequence<0>>, ck_tile::tuple<ck_tile::sequence<1, 2, 3, 4>>, ck_tile::sequence<1, 2, 3, 4>, ck_tile::constant<8>, ck_tile::sequence<-1, -1, -1, -1, -1>, ck_tile::sequence<-1, -1, -1, -1, -1>>, ck_tile::tile_distribution_encoding<ck_tile::sequence<1>, ck_tile::tuple<ck_tile::sequence<1, 4, 1, 1>, ck_tile::sequence<1, 1, 64, 8>>, ck_tile::tuple<ck_tile::sequence<0, 1, 2>, ck_tile::sequence<1, 2>>, ck_tile::tuple<ck_tile::sequence<0, 1, 1>, ck_tile::sequence<2, 2>>, ck_tile::sequence<1, 1, 2, 2>, ck_tile::sequence<0, 3, 0, 3>>, ck_tile::detail::tile_distribution_detail<ck_tile::tuple<ck_tile::sequence<2>, ck_tile::sequence<3, 4, 5, 6>, ck_tile::sequence<7, 8, 9, 10>>>>>]
   48 |     CK_TILE_DEVICE void operator()(CTensor& c, const ATensor& a, const BTensor& b) const
      |                         ^
/usr/local/lib/python3.12/dist-packages/aiter_meta/3rdparty/composable_kernel/include/ck_tile/ops/gemm/warp/warp_gemm_impl.hpp:125:25: note: candidate function template not viable: requires 2 arguments, but 3 were provided
  125 |     CK_TILE_DEVICE auto operator()(const ATensor& a, const BTensor& b) const
      |                         ^          ~~~~~~~~~~~~~~~~~~~~~~~~~~~~~~~~~~
/usr/local/lib/python3.12/dist-packages/aiter_meta/3rdparty/composable_kernel/include/ck_tile/ops/gemm/warp/warp_gemm_impl.hpp:75:5: note: candidate function template not viable: requires 4 arguments, but 3 were provided
   75 |     operator()(CTensor& c, const ATensor& a, const BTensor& b, number<i_subk>) const
      |     ^          ~~~~~~~~~~~~~~~~~~~~~~~~~~~~~~~~~~~~~~~~~~~~~~~~~~~~~~~~~~~~~~
/usr/local/lib/python3.12/dist-packages/aiter_meta/3rdparty/composable_kernel/include/ck_tile/ops/gemm/warp/warp_gemm_impl.hpp:185:25: note: candidate function template not viable: requires 4 arguments, but 3 were provided
  185 |     CK_TILE_DEVICE auto operator()(const ATensor& a,
      |                         ^          ~~~~~~~~~~~~~~~~~
  186 |                                    const BTensor& b,
      |                                    ~~~~~~~~~~~~~~~~~
  187 |                                    const AScaleType& a_scale,
      |                                    ~~~~~~~~~~~~~~~~~~~~~~~~~~
  188 |                                    const BScaleType& b_scale) const
      |                                    ~~~~~~~~~~~~~~~~~~~~~~~~~
/usr/local/lib/python3.12/dist-packages/aiter_meta/3rdparty/composable_kernel/include/ck_tile/ops/gemm/warp/warp_gemm_impl.hpp:99:25: note: candidate function template not viable: requires 5 arguments, but 3 were provided
   99 |     CK_TILE_DEVICE void operator()(CTensor& c,
      |                         ^          ~~~~~~~~~~~
  100 |                                    const ATensor& a,
      |                                    ~~~~~~~~~~~~~~~~~
  101 |                                    const BTensor& b,
      |                                    ~~~~~~~~~~~~~~~~~
  102 |                                    const AScaleType& a_scale,
      |                                    ~~~~~~~~~~~~~~~~~~~~~~~~~~
  103 |                                    const BScaleType& b_scale) const
      |                                    ~~~~~~~~~~~~~~~~~~~~~~~~~
In file included from /work/mpB/a16w4_moe_flatmm.cpp:13:
In file included from /work/mpB/a16w4_moe_flatmm.hpp:11:
In file included from /usr/local/lib/python3.12/dist-packages/aiter_meta/3rdparty/composable_kernel/include/ck_tile/ops/moe_flatmm.hpp:7:
/usr/local/lib/python3.12/dist-packages/aiter_meta/3rdparty/composable_kernel/include/ck_tile/ops/flatmm/pipeline/moe_flatmm_pipeline_agmem_bgmem_creg.hpp:688:21: error: no matching function for call to object of type 'WG' (aka 'ck_tile::WarpGemmImpl<ck_tile::WarpGemmAttributeMfmaIterateK<ck_tile::WarpGemmAttributeMfmaImplBf16Bf16F32M16N16K16<ck_tile::WGAttrCtlEnum::Default_>, 2, ck_tile::WGAttrNumAccessEnum::Single, ck_tile::WGAttrNumAccessEnum::Single>>')
  688 |                     WG{}(c_warp_tensor,
      |                     ^~~~
/usr/local/lib/python3.12/dist-packages/aiter_meta/3rdparty/composable_kernel/include/ck_tile/core/utility/functional.hpp:74:10: note: in instantiation of function template specialization 'ck_tile::MoeFlatmmPipelineAGmemBGmemCRegV1<ck_tile::FlatmmPipelineProblem<__bf16, ck_tile::pk_int4_t, float, ck_tile::TileGemmShape<ck_tile::sequence<32, 256, 256>, ck_tile::sequence<1, 4, 1>, ck_tile::sequence<16, 16, 32>>, ck_tile::TileGemmUniversalTraits<false, false, false, false, ck_tile::tensor_layout::gemm::RowMajor, ck_tile::tensor_layout::gemm::ColumnMajor, ck_tile::tensor_layout::gemm::RowMajor, false, false, false, 1, true>, ck_tile::GemmPipelineScheduler::Default, true, ck_tile::TailNumber::Odd, ck_tile::amd_buffer_coherence_enum::coherence_default>>::operator()(const ck_tile::tile_scatter_gather<ck_tile::tensor_view<ck_tile::buffer_view<ck_tile::address_space_enum::global, const __bf16, int, true, ck_tile::amd_buffer_coherence_enum::coherence_default>, ck_tile::tensor_descriptor<ck_tile::tuple<ck_tile::embed<ck_tile::tuple<int, int>, ck_tile::tuple<int, int>>, ck_tile::pass_through<int>, ck_tile::pass_through<int>>, ck_tile::tuple<ck_tile::sequence<0>, ck_tile::sequence<1>, ck_tile::sequence<2>>, ck_tile::tuple<ck_tile::sequence<1, 2>, ck_tile::sequence<3>, ck_tile::sequence<4>>, ck_tile::sequence<3, 4>, int, ck_tile::sequence<-1, -1, 8, -1, -1>, ck_tile::sequence<-1, -1, 1, -1, -1>>, ck_tile::memory_operation_enum::set>, ck_tile::tuple<ck_tile::constant<32>, ck_tile::constant<256>>, ck_tile::tile_distribution<ck_tile::tensor_adaptor<ck_tile::tuple<ck_tile::replicate<ck_tile::tuple<ck_tile::constant<1>>>, ck_tile::unmerge<ck_tile::tuple<ck_tile::constant<4>, ck_tile::constant<4>, ck_tile::constant<2>>, false>, ck_tile::unmerge<ck_tile::tuple<ck_tile::constant<32>, ck_tile::constant<8>>, false>, ck_tile::merge_v2_magic_division<ck_tile::tuple<ck_tile::constant<4>>>, ck_tile::merge_v2_magic_division<ck_tile::tuple<ck_tile::constant<2>, ck_tile::constant<32>>>>, ck_tile::tuple<ck_tile::sequence<>, ck_tile::sequence<0>, ck_tile::sequence<1>, ck_tile::sequence<4>, ck_tile::sequence<5, 6>>, ck_tile::tuple<ck_tile::sequence<2>, ck_tile::sequence<3, 4, 5>, ck_tile::sequence<6, 7>, ck_tile::sequence<8>, ck_tile::sequence<9>>, ck_tile::sequence<0, 1>, ck_tile::sequence<8, 9, 3, 7>>, ck_tile::tensor_descriptor<ck_tile::tuple<ck_tile::unmerge<ck_tile::tuple<ck_tile::constant<4>, ck_tile::constant<8>>, false>>, ck_tile::tuple<ck_tile::sequence<0>>, ck_tile::tuple<ck_tile::sequence<1, 2>>, ck_tile::sequence<1, 2>, ck_tile::constant<32>, ck_tile::sequence<-1, -1, -1>, ck_tile::sequence<-1, -1, -1>>, ck_tile::tile_distribution_encoding<ck_tile::sequence<1>, ck_tile::tuple<ck_tile::sequence<4, 4, 2>, ck_tile::sequence<32, 8>>, ck_tile::tuple<ck_tile::sequence<1>, ck_tile::sequence<1, 2>>, ck_tile::tuple<ck_tile::sequence<1>, ck_tile::sequence<2, 0>>, ck_tile::sequence<1, 2>, ck_tile::sequence<0, 1>>, ck_tile::detail::tile_distribution_detail<ck_tile::tuple<ck_tile::sequence<2>, ck_tile::sequence<3, 4, 5>, ck_tile::sequence<6, 7>>>>, ck_tile::tuple<int, int, int, int>, std::nullptr_t> &, const (lambda at /usr/local/lib/python3.12/dist-packages/aiter_meta/3rdparty/composable_kernel/include/ck_tile/ops/flatmm/pipeline/moe_flatmm_pipeline_agmem_bgmem_creg.hpp:993:13) &, const ck_tile::tile_window_with_static_lengths<ck_tile::tensor_view<ck_tile::buffer_view<ck_tile::address_space_enum::global, const ck_tile::pk_int4_t, int, true, ck_tile::amd_buffer_coherence_enum::coherence_default>, ck_tile::tensor_descriptor<ck_tile::tuple<ck_tile::embed<ck_tile::tuple<int, int>, ck_tile::tuple<int, int>>>, ck_tile::tuple<ck_tile::sequence<0>>, ck_tile::tuple<ck_tile::sequence<1, 2>>, ck_tile::sequence<1, 2>, int, ck_tile::sequence<-1, -1, 32>, ck_tile::sequence<-1, -1, 1>>, ck_tile::memory_operation_enum::set>, ck_tile::tuple<ck_tile::constant<4>, ck_tile::constant<512>>> &, number<1>, index_t, void *)::(anonymous class)::operator()(ck_tile::sequence<6, 0>)::(anonymous class)::operator()<ck_tile::constant<3>>' requested here
   74 |         (f(number<Is>{}), ...);
      |          ^
/usr/local/lib/python3.12/dist-packages/aiter_meta/3rdparty/composable_kernel/include/ck_tile/ops/flatmm/pipeline/moe_flatmm_pipeline_agmem_bgmem_creg.hpp:679:17: note: in instantiation of function template specialization 'ck_tile::detail::applier<int, 0, 1, 2, 3>::operator()<(lambda at /usr/local/lib/python3.12/dist-packages/aiter_meta/3rdparty/composable_kernel/include/ck_tile/ops/flatmm/pipeline/moe_flatmm_pipeline_agmem_bgmem_creg.hpp:679:50)>' requested here
  679 |                 static_for<0, NIterPerWarp, 1>{}([&](auto nIter) {
      |                 ^
/usr/local/lib/python3.12/dist-packages/aiter_meta/3rdparty/composable_kernel/include/ck_tile/core/utility/functional.hpp:216:14: note: in instantiation of function template specialization 'ck_tile::MoeFlatmmPipelineAGmemBGmemCRegV1<ck_tile::FlatmmPipelineProblem<__bf16, ck_tile::pk_int4_t, float, ck_tile::TileGemmShape<ck_tile::sequence<32, 256, 256>, ck_tile::sequence<1, 4, 1>, ck_tile::sequence<16, 16, 32>>, ck_tile::TileGemmUniversalTraits<false, false, false, false, ck_tile::tensor_layout::gemm::RowMajor, ck_tile::tensor_layout::gemm::ColumnMajor, ck_tile::tensor_layout::gemm::RowMajor, false, false, false, 1, true>, ck_tile::GemmPipelineScheduler::Default, true, ck_tile::TailNumber::Odd, ck_tile::amd_buffer_coherence_enum::coherence_default>>::operator()(const ck_tile::tile_scatter_gather<ck_tile::tensor_view<ck_tile::buffer_view<ck_tile::address_space_enum::global, const __bf16, int, true, ck_tile::amd_buffer_coherence_enum::coherence_default>, ck_tile::tensor_descriptor<ck_tile::tuple<ck_tile::embed<ck_tile::tuple<int, int>, ck_tile::tuple<int, int>>, ck_tile::pass_through<int>, ck_tile::pass_through<int>>, ck_tile::tuple<ck_tile::sequence<0>, ck_tile::sequence<1>, ck_tile::sequence<2>>, ck_tile::tuple<ck_tile::sequence<1, 2>, ck_tile::sequence<3>, ck_tile::sequence<4>>, ck_tile::sequence<3, 4>, int, ck_tile::sequence<-1, -1, 8, -1, -1>, ck_tile::sequence<-1, -1, 1, -1, -1>>, ck_tile::memory_operation_enum::set>, ck_tile::tuple<ck_tile::constant<32>, ck_tile::constant<256>>, ck_tile::tile_distribution<ck_tile::tensor_adaptor<ck_tile::tuple<ck_tile::replicate<ck_tile::tuple<ck_tile::constant<1>>>, ck_tile::unmerge<ck_tile::tuple<ck_tile::constant<4>, ck_tile::constant<4>, ck_tile::constant<2>>, false>, ck_tile::unmerge<ck_tile::tuple<ck_tile::constant<32>, ck_tile::constant<8>>, false>, ck_tile::merge_v2_magic_division<ck_tile::tuple<ck_tile::constant<4>>>, ck_tile::merge_v2_magic_division<ck_tile::tuple<ck_tile::constant<2>, ck_tile::constant<32>>>>, ck_tile::tuple<ck_tile::sequence<>, ck_tile::sequence<0>, ck_tile::sequence<1>, ck_tile::sequence<4>, ck_tile::sequence<5, 6>>, ck_tile::tuple<ck_tile::sequence<2>, ck_tile::sequence<3, 4, 5>, ck_tile::sequence<6, 7>, ck_tile::sequence<8>, ck_tile::sequence<9>>, ck_tile::sequence<0, 1>, ck_tile::sequence<8, 9, 3, 7>>, ck_tile::tensor_descriptor<ck_tile::tuple<ck_tile::unmerge<ck_tile::tuple<ck_tile::constant<4>, ck_tile::constant<8>>, false>>, ck_tile::tuple<ck_tile::sequence<0>>, ck_tile::tuple<ck_tile::sequence<1, 2>>, ck_tile::sequence<1, 2>, ck_tile::constant<32>, ck_tile::sequence<-1, -1, -1>, ck_tile::sequence<-1, -1, -1>>, ck_tile::tile_distribution_encoding<ck_tile::sequence<1>, ck_tile::tuple<ck_tile::sequence<4, 4, 2>, ck_tile::sequence<32, 8>>, ck_tile::tuple<ck_tile::sequence<1>, ck_tile::sequence<1, 2>>, ck_tile::tuple<ck_tile::sequence<1>, ck_tile::sequence<2, 0>>, ck_tile::sequence<1, 2>, ck_tile::sequence<0, 1>>, ck_tile::detail::tile_distribution_detail<ck_tile::tuple<ck_tile::sequence<2>, ck_tile::sequence<3, 4, 5>, ck_tile::sequence<6, 7>>>>, ck_tile::tuple<int, int, int, int>, std::nullptr_t> &, const (lambda at /usr/local/lib/python3.12/dist-packages/aiter_meta/3rdparty/composable_kernel/include/ck_tile/ops/flatmm/pipeline/moe_flatmm_pipeline_agmem_bgmem_creg.hpp:993:13) &, const ck_tile::tile_window_with_static_lengths<ck_tile::tensor_view<ck_tile::buffer_view<ck_tile::address_space_enum::global, const ck_tile::pk_int4_t, int, true, ck_tile::amd_buffer_coherence_enum::coherence_default>, ck_tile::tensor_descriptor<ck_tile::tuple<ck_tile::embed<ck_tile::tuple<int, int>, ck_tile::tuple<int, int>>>, ck_tile::tuple<ck_tile::sequence<0>>, ck_tile::tuple<ck_tile::sequence<1, 2>>, ck_tile::sequence<1, 2>, int, ck_tile::sequence<-1, -1, 32>, ck_tile::sequence<-1, -1, 1>>, ck_tile::memory_operation_enum::set>, ck_tile::tuple<ck_tile::constant<4>, ck_tile::constant<512>>> &, number<1>, index_t, void *)::(anonymous class)::operator()<ck_tile::sequence<6, 0>>' requested here
  216 |             (f(typename Decomposer::template decompose<LinearIds>{}), ...);
      |              ^
/usr/local/lib/python3.12/dist-packages/aiter_meta/3rdparty/composable_kernel/include/ck_tile/core/utility/functional.hpp:274:13: note: in instantiation of function template specialization 'ck_tile::detail::ford_applier<ck_tile::detail::index_decomposer<ck_tile::sequence<8, 2>, ck_tile::sequence<0, 1>>, ck_tile::sequence<0, 1, 2, 3, 4, 5, 6, 7, 8, 9, 10, 11, 12, 13, 14, 15>>::operator()<(lambda at /usr/local/lib/python3.12/dist-packages/aiter_meta/3rdparty/composable_kernel/include/ck_tile/ops/flatmm/pipeline/moe_flatmm_pipeline_agmem_bgmem_creg.hpp:675:65)>' requested here
  274 |             detail::ford_applier<Decomposer, make_index_sequence<total_size>>{}(f);
      |             ^
/usr/local/lib/python3.12/dist-packages/aiter_meta/3rdparty/composable_kernel/include/ck_tile/ops/flatmm/pipeline/moe_flatmm_pipeline_agmem_bgmem_creg.hpp:675:13: note: in instantiation of function template specialization 'ck_tile::static_ford<ck_tile::sequence<8, 2>>::operator()<(lambda at /usr/local/lib/python3.12/dist-packages/aiter_meta/3rdparty/composable_kernel/include/ck_tile/ops/flatmm/pipeline/moe_flatmm_pipeline_agmem_bgmem_creg.hpp:675:65)>' requested here
  675 |             static_ford<sequence<KIterPerWarp, MIterPerWarp>>{}([&](auto km) {
      |             ^
/usr/local/lib/python3.12/dist-packages/aiter_meta/3rdparty/composable_kernel/include/ck_tile/ops/flatmm/pipeline/moe_flatmm_pipeline_agmem_bgmem_creg.hpp:991:16: note: (skipping 5 contexts in backtrace; use -ftemplate-backtrace-limit=0 to see all)
  991 |         return operator()(
      |                ^
/usr/local/lib/python3.12/dist-packages/aiter_meta/3rdparty/composable_kernel/include/ck_tile/host/kernel_launch.hpp:128:20: note: in instantiation of function template specialization 'ck_tile::kentry<1, ck_tile::MoeFlatmmKernel<ck_tile::GemmSpatiallyLocalTilePartitioner<ck_tile::TileGemmShape<ck_tile::sequence<32, 256, 256>, ck_tile::sequence<1, 4, 1>, ck_tile::sequence<16, 16, 32>>, 8, 4>, ck_tile::MoeFlatmmPipelineAGmemBGmemCRegV1<ck_tile::FlatmmPipelineProblem<__bf16, ck_tile::pk_int4_t, float, ck_tile::TileGemmShape<ck_tile::sequence<32, 256, 256>, ck_tile::sequence<1, 4, 1>, ck_tile::sequence<16, 16, 32>>, ck_tile::TileGemmUniversalTraits<false, false, false, false, ck_tile::tensor_layout::gemm::RowMajor, ck_tile::tensor_layout::gemm::ColumnMajor, ck_tile::tensor_layout::gemm::RowMajor, false, false, false, 1, true>, ck_tile::GemmPipelineScheduler::Default, true, ck_tile::TailNumber::Odd, ck_tile::amd_buffer_coherence_enum::coherence_default>>, ck_tile::CShuffleEpilogue<ck_tile::CShuffleEpilogueProblem<__bf16, __bf16, ck_tile::tuple<>, float, __bf16, ck_tile::tuple<>, ck_tile::tensor_layout::gemm::RowMajor, ck_tile::element_wise::PassThrough, 32, 256, 1, 4, 16, 16, 32, false, 1, false, 1, 2>>, ck_tile::MoeFlatmmKind::kFFN_gemm1_gate_up>, ck_tile::MoeFlatmmKernel<ck_tile::GemmSpatiallyLocalTilePartitioner<ck_tile::TileGemmShape<ck_tile::sequence<32, 256, 256>, ck_tile::sequence<1, 4, 1>, ck_tile::sequence<16, 16, 32>>, 8, 4>, ck_tile::MoeFlatmmPipelineAGmemBGmemCRegV1<ck_tile::FlatmmPipelineProblem<__bf16, ck_tile::pk_int4_t, float, ck_tile::TileGemmShape<ck_tile::sequence<32, 256, 256>, ck_tile::sequence<1, 4, 1>, ck_tile::sequence<16, 16, 32>>, ck_tile::TileGemmUniversalTraits<false, false, false, false, ck_tile::tensor_layout::gemm::RowMajor, ck_tile::tensor_layout::gemm::ColumnMajor, ck_tile::tensor_layout::gemm::RowMajor, false, false, false, 1, true>, ck_tile::GemmPipelineScheduler::Default, true, ck_tile::TailNumber::Odd, ck_tile::amd_buffer_coherence_enum::coherence_default>>, ck_tile::CShuffleEpilogue<ck_tile::CShuffleEpilogueProblem<__bf16, __bf16, ck_tile::tuple<>, float, __bf16, ck_tile::tuple<>, ck_tile::tensor_layout::gemm::RowMajor, ck_tile::element_wise::PassThrough, 32, 256, 1, 4, 16, 16, 32, false, 1, false, 1, 2>>, ck_tile::MoeFlatmmKind::kFFN_gemm1_gate_up>::MoeFlatmmKernelArgs<ck_tile::FlatmmScalePointer<-1>, ck_tile::FlatmmScalePointer<1, 32, ck_tile::e8m0_bexp_t>, ck_tile::FlatmmScalePointer<1>>>' requested here
  128 |             return kentry<MinBlockPerCu, KernelImpl, Args...>;
      |                    ^
/work/mpB/run_a16w4_moe_flatmm_example.inc:19:22: note: in instantiation of function template specialization 'a16w4_moe_gemm<A16W4_FlatmmConfig16, __bf16, ck_tile::pk_int4_t, ck_tile::tuple<>, float, __bf16, ck_tile::tensor_layout::gemm::RowMajor, ck_tile::tensor_layout::gemm::ColumnMajor, ck_tile::tuple<>, ck_tile::tensor_layout::gemm::RowMajor, ck_tile::MoeFlatmmKind::kFFN_gemm1_gate_up, ck_tile::element_wise::PassThrough, ck_tile::MoeFlatmmHostArgs<ck_tile::FlatmmScalePointer<-1>, ck_tile::FlatmmScalePointer<1, 32, ck_tile::e8m0_bexp_t>, ck_tile::FlatmmScalePointer<1>>>' requested here
   19 |     float ave_time = a16w4_moe_gemm<FlatmmConfig,
      |                      ^
/work/mpB/run_a16w4_moe_flatmm_example.inc:269:5: note: in instantiation of function template specialization 'invoke_a16w4_moe_gemm<A16W4_FlatmmConfig16, __bf16, ck_tile::pk_int4_t, ck_tile::tuple<>, float, __bf16, ck_tile::tensor_layout::gemm::RowMajor, ck_tile::tensor_layout::gemm::ColumnMajor, ck_tile::tuple<>, ck_tile::tensor_layout::gemm::RowMajor, ck_tile::MoeFlatmmKind::kFFN_gemm1_gate_up, ck_tile::element_wise::PassThrough, ck_tile::MoeFlatmmHostArgs<ck_tile::FlatmmScalePointer<-1>, ck_tile::FlatmmScalePointer<1, 32, ck_tile::e8m0_bexp_t>, ck_tile::FlatmmScalePointer<1>>>' requested here
  269 |     invoke_a16w4_moe_gemm<FlatmmConfig,
      |     ^
/work/mpB/a16w4_moe_flatmm.cpp:455:24: note: in instantiation of function template specialization 'run_a16w4_moe_gemm_example_with_layouts<__bf16, ck_tile::pk_int4_t, A16W4_FlatmmConfig16, ck_tile::MoeFlatmmKind::kFFN_gemm1_gate_up, ck_tile::tensor_layout::gemm::RowMajor, ck_tile::tensor_layout::gemm::ColumnMajor, ck_tile::tensor_layout::gemm::RowMajor>' requested here
  455 |                 return run_a16w4_moe_gemm_example_with_layouts<
      |                        ^
/work/mpB/a16w4_moe_flatmm.cpp:544:21: note: in instantiation of function template specialization 'run_a16w4_moe_flatmm_example<A16W4_FlatmmConfig16>' requested here
  544 |             return !run_a16w4_moe_flatmm_example<A16W4_FlatmmConfig16>(argc, argv);
      |                     ^
/usr/local/lib/python3.12/dist-packages/aiter_meta/3rdparty/composable_kernel/include/ck_tile/ops/gemm/warp/warp_gemm_impl.hpp:48:25: note: candidate template ignored: substitution failure [with Params = <>, CTensor = CWarpTensor, ATensor = ck_tile::static_distributed_tensor<__bf16, ck_tile::tile_distribution<ck_tile::tensor_adaptor<ck_tile::tuple<ck_tile::replicate<ck_tile::tuple<ck_tile::constant<4>>>, ck_tile::unmerge<ck_tile::tuple<ck_tile::constant<16>>, false>, ck_tile::unmerge<ck_tile::tuple<ck_tile::constant<1>, ck_tile::constant<4>, ck_tile::constant<8>>, false>, ck_tile::merge_v2_magic_division<ck_tile::tuple<ck_tile::constant<4>>>, ck_tile::merge_v2_magic_division<ck_tile::tuple<ck_tile::constant<4>, ck_tile::constant<16>>>>, ck_tile::tuple<ck_tile::sequence<>, ck_tile::sequence<0>, ck_tile::sequence<1>, ck_tile::sequence<2>, ck_tile::sequence<5, 3>>, ck_tile::tuple<ck_tile::sequence<2>, ck_tile::sequence<3>, ck_tile::sequence<4, 5, 6>, ck_tile::sequence<7>, ck_tile::sequence<8>>, ck_tile::sequence<0, 1>, ck_tile::sequence<7, 8, 4, 6>>, ck_tile::tensor_descriptor<ck_tile::tuple<ck_tile::unmerge<ck_tile::tuple<ck_tile::constant<1>, ck_tile::constant<8>>, false>>, ck_tile::tuple<ck_tile::sequence<0>>, ck_tile::tuple<ck_tile::sequence<1, 2>>, ck_tile::sequence<1, 2>, ck_tile::constant<8>, ck_tile::sequence<-1, -1, -1>, ck_tile::sequence<-1, -1, -1>>, ck_tile::tile_distribution_encoding<ck_tile::sequence<4>, ck_tile::tuple<ck_tile::sequence<16>, ck_tile::sequence<1, 4, 8>>, ck_tile::tuple<ck_tile::sequence<0>, ck_tile::sequence<2, 1>>, ck_tile::tuple<ck_tile::sequence<0>, ck_tile::sequence<1, 0>>, ck_tile::sequence<2, 2>, ck_tile::sequence<0, 2>>, ck_tile::detail::tile_distribution_detail<ck_tile::tuple<ck_tile::sequence<2>, ck_tile::sequence<3>, ck_tile::sequence<4, 5, 6>>>>>, BTensor = ck_tile::static_distributed_tensor<ck_tile::pk_int4_t, ck_tile::tile_distribution<ck_tile::tensor_adaptor<ck_tile::tuple<ck_tile::replicate<ck_tile::tuple<ck_tile::constant<1>>>, ck_tile::unmerge<ck_tile::tuple<ck_tile::constant<1>, ck_tile::constant<4>, ck_tile::constant<1>, ck_tile::constant<1>>, false>, ck_tile::unmerge<ck_tile::tuple<ck_tile::constant<1>, ck_tile::constant<1>, ck_tile::constant<64>, ck_tile::constant<8>>, false>, ck_tile::merge_v2_magic_division<ck_tile::tuple<ck_tile::constant<1>, ck_tile::constant<4>, ck_tile::constant<1>>>, ck_tile::merge_v2_magic_division<ck_tile::tuple<ck_tile::constant<1>, ck_tile::constant<64>>>>, ck_tile::tuple<ck_tile::sequence<>, ck_tile::sequence<0>, ck_tile::sequence<1>, ck_tile::sequence<2, 4, 8>, ck_tile::sequence<5, 9>>, ck_tile::tuple<ck_tile::sequence<2>, ck_tile::sequence<3, 4, 5, 6>, ck_tile::sequence<7, 8, 9, 10>, ck_tile::sequence<11>, ck_tile::sequence<12>>, ck_tile::sequence<0, 1>, ck_tile::sequence<11, 12, 3, 6, 7, 10>>, ck_tile::tensor_descriptor<ck_tile::tuple<ck_tile::unmerge<ck_tile::tuple<ck_tile::constant<1>, ck_tile::constant<1>, ck_tile::constant<1>, ck_tile::constant<8>>, false>>, ck_tile::tuple<ck_tile::sequence<0>>, ck_tile::tuple<ck_tile::sequence<1, 2, 3, 4>>, ck_tile::sequence<1, 2, 3, 4>, ck_tile::constant<8>, ck_tile::sequence<-1, -1, -1, -1, -1>, ck_tile::sequence<-1, -1, -1, -1, -1>>, ck_tile::tile_distribution_encoding<ck_tile::sequence<1>, ck_tile::tuple<ck_tile::sequence<1, 4, 1, 1>, ck_tile::sequence<1, 1, 64, 8>>, ck_tile::tuple<ck_tile::sequence<0, 1, 2>, ck_tile::sequence<1, 2>>, ck_tile::tuple<ck_tile::sequence<0, 1, 1>, ck_tile::sequence<2, 2>>, ck_tile::sequence<1, 1, 2, 2>, ck_tile::sequence<0, 3, 0, 3>>, ck_tile::detail::tile_distribution_detail<ck_tile::tuple<ck_tile::sequence<2>, ck_tile::sequence<3, 4, 5, 6>, ck_tile::sequence<7, 8, 9, 10>>>>>]
   48 |     CK_TILE_DEVICE void operator()(CTensor& c, const ATensor& a, const BTensor& b) const
      |                         ^
/usr/local/lib/python3.12/dist-packages/aiter_meta/3rdparty/composable_kernel/include/ck_tile/ops/gemm/warp/warp_gemm_impl.hpp:125:25: note: candidate function template not viable: requires 2 arguments, but 3 were provided
  125 |     CK_TILE_DEVICE auto operator()(const ATensor& a, const BTensor& b) const
      |                         ^          ~~~~~~~~~~~~~~~~~~~~~~~~~~~~~~~~~~
/usr/local/lib/python3.12/dist-packages/aiter_meta/3rdparty/composable_kernel/include/ck_tile/ops/gemm/warp/warp_gemm_impl.hpp:75:5: note: candidate function template not viable: requires 4 arguments, but 3 were provided
   75 |     operator()(CTensor& c, const ATensor& a, const BTensor& b, number<i_subk>) const
      |     ^          ~~~~~~~~~~~~~~~~~~~~~~~~~~~~~~~~~~~~~~~~~~~~~~~~~~~~~~~~~~~~~~
/usr/local/lib/python3.12/dist-packages/aiter_meta/3rdparty/composable_kernel/include/ck_tile/ops/gemm/warp/warp_gemm_impl.hpp:185:25: note: candidate function template not viable: requires 4 arguments, but 3 were provided
  185 |     CK_TILE_DEVICE auto operator()(const ATensor& a,
      |                         ^          ~~~~~~~~~~~~~~~~~
  186 |                                    const BTensor& b,
      |                                    ~~~~~~~~~~~~~~~~~
  187 |                                    const AScaleType& a_scale,
      |                                    ~~~~~~~~~~~~~~~~~~~~~~~~~~
  188 |                                    const BScaleType& b_scale) const
      |                                    ~~~~~~~~~~~~~~~~~~~~~~~~~
/usr/local/lib/python3.12/dist-packages/aiter_meta/3rdparty/composable_kernel/include/ck_tile/ops/gemm/warp/warp_gemm_impl.hpp:99:25: note: candidate function template not viable: requires 5 arguments, but 3 were provided
   99 |     CK_TILE_DEVICE void operator()(CTensor& c,
      |                         ^          ~~~~~~~~~~~
  100 |                                    const ATensor& a,
      |                                    ~~~~~~~~~~~~~~~~~
  101 |                                    const BTensor& b,
      |                                    ~~~~~~~~~~~~~~~~~
  102 |                                    const AScaleType& a_scale,
      |                                    ~~~~~~~~~~~~~~~~~~~~~~~~~~
  103 |                                    const BScaleType& b_scale) const
      |                                    ~~~~~~~~~~~~~~~~~~~~~~~~~
In file included from /work/mpB/a16w4_moe_flatmm.cpp:13:
In file included from /work/mpB/a16w4_moe_flatmm.hpp:11:
In file included from /usr/local/lib/python3.12/dist-packages/aiter_meta/3rdparty/composable_kernel/include/ck_tile/ops/moe_flatmm.hpp:7:
/usr/local/lib/python3.12/dist-packages/aiter_meta/3rdparty/composable_kernel/include/ck_tile/ops/flatmm/pipeline/moe_flatmm_pipeline_agmem_bgmem_creg.hpp:688:21: error: no matching function for call to object of type 'WG' (aka 'ck_tile::WarpGemmImpl<ck_tile::WarpGemmAttributeMfmaIterateK<ck_tile::WarpGemmAttributeMfmaImplBf16Bf16F32M16N16K16<ck_tile::WGAttrCtlEnum::Default_>, 2, ck_tile::WGAttrNumAccessEnum::Single, ck_tile::WGAttrNumAccessEnum::Single>>')
  688 |                     WG{}(c_warp_tensor,
      |                     ^~~~
/usr/local/lib/python3.12/dist-packages/aiter_meta/3rdparty/composable_kernel/include/ck_tile/core/utility/functional.hpp:74:10: note: in instantiation of function template specialization 'ck_tile::MoeFlatmmPipelineAGmemBGmemCRegV1<ck_tile::FlatmmPipelineProblem<__bf16, ck_tile::pk_int4_t, float, ck_tile::TileGemmShape<ck_tile::sequence<32, 256, 256>, ck_tile::sequence<1, 4, 1>, ck_tile::sequence<16, 16, 32>>, ck_tile::TileGemmUniversalTraits<false, false, false, false, ck_tile::tensor_layout::gemm::RowMajor, ck_tile::tensor_layout::gemm::ColumnMajor, ck_tile::tensor_layout::gemm::RowMajor, false, false, false, 1, true>, ck_tile::GemmPipelineScheduler::Default, true, ck_tile::TailNumber::Odd, ck_tile::amd_buffer_coherence_enum::coherence_default>>::operator()(const ck_tile::tile_scatter_gather<ck_tile::tensor_view<ck_tile::buffer_view<ck_tile::address_space_enum::global, const __bf16, int, true, ck_tile::amd_buffer_coherence_enum::coherence_default>, ck_tile::tensor_descriptor<ck_tile::tuple<ck_tile::embed<ck_tile::tuple<int, int>, ck_tile::tuple<int, int>>, ck_tile::pass_through<int>, ck_tile::pass_through<int>>, ck_tile::tuple<ck_tile::sequence<0>, ck_tile::sequence<1>, ck_tile::sequence<2>>, ck_tile::tuple<ck_tile::sequence<1, 2>, ck_tile::sequence<3>, ck_tile::sequence<4>>, ck_tile::sequence<3, 4>, int, ck_tile::sequence<-1, -1, 8, -1, -1>, ck_tile::sequence<-1, -1, 1, -1, -1>>, ck_tile::memory_operation_enum::set>, ck_tile::tuple<ck_tile::constant<32>, ck_tile::constant<256>>, ck_tile::tile_distribution<ck_tile::tensor_adaptor<ck_tile::tuple<ck_tile::replicate<ck_tile::tuple<ck_tile::constant<1>>>, ck_tile::unmerge<ck_tile::tuple<ck_tile::constant<4>, ck_tile::constant<4>, ck_tile::constant<2>>, false>, ck_tile::unmerge<ck_tile::tuple<ck_tile::constant<32>, ck_tile::constant<8>>, false>, ck_tile::merge_v2_magic_division<ck_tile::tuple<ck_tile::constant<4>>>, ck_tile::merge_v2_magic_division<ck_tile::tuple<ck_tile::constant<2>, ck_tile::constant<32>>>>, ck_tile::tuple<ck_tile::sequence<>, ck_tile::sequence<0>, ck_tile::sequence<1>, ck_tile::sequence<4>, ck_tile::sequence<5, 6>>, ck_tile::tuple<ck_tile::sequence<2>, ck_tile::sequence<3, 4, 5>, ck_tile::sequence<6, 7>, ck_tile::sequence<8>, ck_tile::sequence<9>>, ck_tile::sequence<0, 1>, ck_tile::sequence<8, 9, 3, 7>>, ck_tile::tensor_descriptor<ck_tile::tuple<ck_tile::unmerge<ck_tile::tuple<ck_tile::constant<4>, ck_tile::constant<8>>, false>>, ck_tile::tuple<ck_tile::sequence<0>>, ck_tile::tuple<ck_tile::sequence<1, 2>>, ck_tile::sequence<1, 2>, ck_tile::constant<32>, ck_tile::sequence<-1, -1, -1>, ck_tile::sequence<-1, -1, -1>>, ck_tile::tile_distribution_encoding<ck_tile::sequence<1>, ck_tile::tuple<ck_tile::sequence<4, 4, 2>, ck_tile::sequence<32, 8>>, ck_tile::tuple<ck_tile::sequence<1>, ck_tile::sequence<1, 2>>, ck_tile::tuple<ck_tile::sequence<1>, ck_tile::sequence<2, 0>>, ck_tile::sequence<1, 2>, ck_tile::sequence<0, 1>>, ck_tile::detail::tile_distribution_detail<ck_tile::tuple<ck_tile::sequence<2>, ck_tile::sequence<3, 4, 5>, ck_tile::sequence<6, 7>>>>, ck_tile::tuple<int, int, int, int>, std::nullptr_t> &, const (lambda at /usr/local/lib/python3.12/dist-packages/aiter_meta/3rdparty/composable_kernel/include/ck_tile/ops/flatmm/pipeline/moe_flatmm_pipeline_agmem_bgmem_creg.hpp:993:13) &, const ck_tile::tile_window_with_static_lengths<ck_tile::tensor_view<ck_tile::buffer_view<ck_tile::address_space_enum::global, const ck_tile::pk_int4_t, int, true, ck_tile::amd_buffer_coherence_enum::coherence_default>, ck_tile::tensor_descriptor<ck_tile::tuple<ck_tile::embed<ck_tile::tuple<int, int>, ck_tile::tuple<int, int>>>, ck_tile::tuple<ck_tile::sequence<0>>, ck_tile::tuple<ck_tile::sequence<1, 2>>, ck_tile::sequence<1, 2>, int, ck_tile::sequence<-1, -1, 32>, ck_tile::sequence<-1, -1, 1>>, ck_tile::memory_operation_enum::set>, ck_tile::tuple<ck_tile::constant<4>, ck_tile::constant<512>>> &, number<1>, index_t, void *)::(anonymous class)::operator()(ck_tile::sequence<5, 1>)::(anonymous class)::operator()<ck_tile::constant<3>>' requested here
   74 |         (f(number<Is>{}), ...);
      |          ^
/usr/local/lib/python3.12/dist-packages/aiter_meta/3rdparty/composable_kernel/include/ck_tile/ops/flatmm/pipeline/moe_flatmm_pipeline_agmem_bgmem_creg.hpp:679:17: note: in instantiation of function template specialization 'ck_tile::detail::applier<int, 0, 1, 2, 3>::operator()<(lambda at /usr/local/lib/python3.12/dist-packages/aiter_meta/3rdparty/composable_kernel/include/ck_tile/ops/flatmm/pipeline/moe_flatmm_pipeline_agmem_bgmem_creg.hpp:679:50)>' requested here
  679 |                 static_for<0, NIterPerWarp, 1>{}([&](auto nIter) {
      |                 ^
/usr/local/lib/python3.12/dist-packages/aiter_meta/3rdparty/composable_kernel/include/ck_tile/core/utility/functional.hpp:216:14: note: in instantiation of function template specialization 'ck_tile::MoeFlatmmPipelineAGmemBGmemCRegV1<ck_tile::FlatmmPipelineProblem<__bf16, ck_tile::pk_int4_t, float, ck_tile::TileGemmShape<ck_tile::sequence<32, 256, 256>, ck_tile::sequence<1, 4, 1>, ck_tile::sequence<16, 16, 32>>, ck_tile::TileGemmUniversalTraits<false, false, false, false, ck_tile::tensor_layout::gemm::RowMajor, ck_tile::tensor_layout::gemm::ColumnMajor, ck_tile::tensor_layout::gemm::RowMajor, false, false, false, 1, true>, ck_tile::GemmPipelineScheduler::Default, true, ck_tile::TailNumber::Odd, ck_tile::amd_buffer_coherence_enum::coherence_default>>::operator()(const ck_tile::tile_scatter_gather<ck_tile::tensor_view<ck_tile::buffer_view<ck_tile::address_space_enum::global, const __bf16, int, true, ck_tile::amd_buffer_coherence_enum::coherence_default>, ck_tile::tensor_descriptor<ck_tile::tuple<ck_tile::embed<ck_tile::tuple<int, int>, ck_tile::tuple<int, int>>, ck_tile::pass_through<int>, ck_tile::pass_through<int>>, ck_tile::tuple<ck_tile::sequence<0>, ck_tile::sequence<1>, ck_tile::sequence<2>>, ck_tile::tuple<ck_tile::sequence<1, 2>, ck_tile::sequence<3>, ck_tile::sequence<4>>, ck_tile::sequence<3, 4>, int, ck_tile::sequence<-1, -1, 8, -1, -1>, ck_tile::sequence<-1, -1, 1, -1, -1>>, ck_tile::memory_operation_enum::set>, ck_tile::tuple<ck_tile::constant<32>, ck_tile::constant<256>>, ck_tile::tile_distribution<ck_tile::tensor_adaptor<ck_tile::tuple<ck_tile::replicate<ck_tile::tuple<ck_tile::constant<1>>>, ck_tile::unmerge<ck_tile::tuple<ck_tile::constant<4>, ck_tile::constant<4>, ck_tile::constant<2>>, false>, ck_tile::unmerge<ck_tile::tuple<ck_tile::constant<32>, ck_tile::constant<8>>, false>, ck_tile::merge_v2_magic_division<ck_tile::tuple<ck_tile::constant<4>>>, ck_tile::merge_v2_magic_division<ck_tile::tuple<ck_tile::constant<2>, ck_tile::constant<32>>>>, ck_tile::tuple<ck_tile::sequence<>, ck_tile::sequence<0>, ck_tile::sequence<1>, ck_tile::sequence<4>, ck_tile::sequence<5, 6>>, ck_tile::tuple<ck_tile::sequence<2>, ck_tile::sequence<3, 4, 5>, ck_tile::sequence<6, 7>, ck_tile::sequence<8>, ck_tile::sequence<9>>, ck_tile::sequence<0, 1>, ck_tile::sequence<8, 9, 3, 7>>, ck_tile::tensor_descriptor<ck_tile::tuple<ck_tile::unmerge<ck_tile::tuple<ck_tile::constant<4>, ck_tile::constant<8>>, false>>, ck_tile::tuple<ck_tile::sequence<0>>, ck_tile::tuple<ck_tile::sequence<1, 2>>, ck_tile::sequence<1, 2>, ck_tile::constant<32>, ck_tile::sequence<-1, -1, -1>, ck_tile::sequence<-1, -1, -1>>, ck_tile::tile_distribution_encoding<ck_tile::sequence<1>, ck_tile::tuple<ck_tile::sequence<4, 4, 2>, ck_tile::sequence<32, 8>>, ck_tile::tuple<ck_tile::sequence<1>, ck_tile::sequence<1, 2>>, ck_tile::tuple<ck_tile::sequence<1>, ck_tile::sequence<2, 0>>, ck_tile::sequence<1, 2>, ck_tile::sequence<0, 1>>, ck_tile::detail::tile_distribution_detail<ck_tile::tuple<ck_tile::sequence<2>, ck_tile::sequence<3, 4, 5>, ck_tile::sequence<6, 7>>>>, ck_tile::tuple<int, int, int, int>, std::nullptr_t> &, const (lambda at /usr/local/lib/python3.12/dist-packages/aiter_meta/3rdparty/composable_kernel/include/ck_tile/ops/flatmm/pipeline/moe_flatmm_pipeline_agmem_bgmem_creg.hpp:993:13) &, const ck_tile::tile_window_with_static_lengths<ck_tile::tensor_view<ck_tile::buffer_view<ck_tile::address_space_enum::global, const ck_tile::pk_int4_t, int, true, ck_tile::amd_buffer_coherence_enum::coherence_default>, ck_tile::tensor_descriptor<ck_tile::tuple<ck_tile::embed<ck_tile::tuple<int, int>, ck_tile::tuple<int, int>>>, ck_tile::tuple<ck_tile::sequence<0>>, ck_tile::tuple<ck_tile::sequence<1, 2>>, ck_tile::sequence<1, 2>, int, ck_tile::sequence<-1, -1, 32>, ck_tile::sequence<-1, -1, 1>>, ck_tile::memory_operation_enum::set>, ck_tile::tuple<ck_tile::constant<4>, ck_tile::constant<512>>> &, number<1>, index_t, void *)::(anonymous class)::operator()<ck_tile::sequence<5, 1>>' requested here
  216 |             (f(typename Decomposer::template decompose<LinearIds>{}), ...);
      |              ^
/usr/local/lib/python3.12/dist-packages/aiter_meta/3rdparty/composable_kernel/include/ck_tile/core/utility/functional.hpp:274:13: note: in instantiation of function template specialization 'ck_tile::detail::ford_applier<ck_tile::detail::index_decomposer<ck_tile::sequence<8, 2>, ck_tile::sequence<0, 1>>, ck_tile::sequence<0, 1, 2, 3, 4, 5, 6, 7, 8, 9, 10, 11, 12, 13, 14, 15>>::operator()<(lambda at /usr/local/lib/python3.12/dist-packages/aiter_meta/3rdparty/composable_kernel/include/ck_tile/ops/flatmm/pipeline/moe_flatmm_pipeline_agmem_bgmem_creg.hpp:675:65)>' requested here
  274 |             detail::ford_applier<Decomposer, make_index_sequence<total_size>>{}(f);
      |             ^
/usr/local/lib/python3.12/dist-packages/aiter_meta/3rdparty/composable_kernel/include/ck_tile/ops/flatmm/pipeline/moe_flatmm_pipeline_agmem_bgmem_creg.hpp:675:13: note: in instantiation of function template specialization 'ck_tile::static_ford<ck_tile::sequence<8, 2>>::operator()<(lambda at /usr/local/lib/python3.12/dist-packages/aiter_meta/3rdparty/composable_kernel/include/ck_tile/ops/flatmm/pipeline/moe_flatmm_pipeline_agmem_bgmem_creg.hpp:675:65)>' requested here
  675 |             static_ford<sequence<KIterPerWarp, MIterPerWarp>>{}([&](auto km) {
      |             ^
/usr/local/lib/python3.12/dist-packages/aiter_meta/3rdparty/composable_kernel/include/ck_tile/ops/flatmm/pipeline/moe_flatmm_pipeline_agmem_bgmem_creg.hpp:991:16: note: (skipping 5 contexts in backtrace; use -ftemplate-backtrace-limit=0 to see all)
  991 |         return operator()(
      |                ^
/usr/local/lib/python3.12/dist-packages/aiter_meta/3rdparty/composable_kernel/include/ck_tile/host/kernel_launch.hpp:128:20: note: in instantiation of function template specialization 'ck_tile::kentry<1, ck_tile::MoeFlatmmKernel<ck_tile::GemmSpatiallyLocalTilePartitioner<ck_tile::TileGemmShape<ck_tile::sequence<32, 256, 256>, ck_tile::sequence<1, 4, 1>, ck_tile::sequence<16, 16, 32>>, 8, 4>, ck_tile::MoeFlatmmPipelineAGmemBGmemCRegV1<ck_tile::FlatmmPipelineProblem<__bf16, ck_tile::pk_int4_t, float, ck_tile::TileGemmShape<ck_tile::sequence<32, 256, 256>, ck_tile::sequence<1, 4, 1>, ck_tile::sequence<16, 16, 32>>, ck_tile::TileGemmUniversalTraits<false, false, false, false, ck_tile::tensor_layout::gemm::RowMajor, ck_tile::tensor_layout::gemm::ColumnMajor, ck_tile::tensor_layout::gemm::RowMajor, false, false, false, 1, true>, ck_tile::GemmPipelineScheduler::Default, true, ck_tile::TailNumber::Odd, ck_tile::amd_buffer_coherence_enum::coherence_default>>, ck_tile::CShuffleEpilogue<ck_tile::CShuffleEpilogueProblem<__bf16, __bf16, ck_tile::tuple<>, float, __bf16, ck_tile::tuple<>, ck_tile::tensor_layout::gemm::RowMajor, ck_tile::element_wise::PassThrough, 32, 256, 1, 4, 16, 16, 32, false, 1, false, 1, 2>>, ck_tile::MoeFlatmmKind::kFFN_gemm1_gate_up>, ck_tile::MoeFlatmmKernel<ck_tile::GemmSpatiallyLocalTilePartitioner<ck_tile::TileGemmShape<ck_tile::sequence<32, 256, 256>, ck_tile::sequence<1, 4, 1>, ck_tile::sequence<16, 16, 32>>, 8, 4>, ck_tile::MoeFlatmmPipelineAGmemBGmemCRegV1<ck_tile::FlatmmPipelineProblem<__bf16, ck_tile::pk_int4_t, float, ck_tile::TileGemmShape<ck_tile::sequence<32, 256, 256>, ck_tile::sequence<1, 4, 1>, ck_tile::sequence<16, 16, 32>>, ck_tile::TileGemmUniversalTraits<false, false, false, false, ck_tile::tensor_layout::gemm::RowMajor, ck_tile::tensor_layout::gemm::ColumnMajor, ck_tile::tensor_layout::gemm::RowMajor, false, false, false, 1, true>, ck_tile::GemmPipelineScheduler::Default, true, ck_tile::TailNumber::Odd, ck_tile::amd_buffer_coherence_enum::coherence_default>>, ck_tile::CShuffleEpilogue<ck_tile::CShuffleEpilogueProblem<__bf16, __bf16, ck_tile::tuple<>, float, __bf16, ck_tile::tuple<>, ck_tile::tensor_layout::gemm::RowMajor, ck_tile::element_wise::PassThrough, 32, 256, 1, 4, 16, 16, 32, false, 1, false, 1, 2>>, ck_tile::MoeFlatmmKind::kFFN_gemm1_gate_up>::MoeFlatmmKernelArgs<ck_tile::FlatmmScalePointer<-1>, ck_tile::FlatmmScalePointer<1, 32, ck_tile::e8m0_bexp_t>, ck_tile::FlatmmScalePointer<1>>>' requested here
  128 |             return kentry<MinBlockPerCu, KernelImpl, Args...>;
      |                    ^
/work/mpB/run_a16w4_moe_flatmm_example.inc:19:22: note: in instantiation of function template specialization 'a16w4_moe_gemm<A16W4_FlatmmConfig16, __bf16, ck_tile::pk_int4_t, ck_tile::tuple<>, float, __bf16, ck_tile::tensor_layout::gemm::RowMajor, ck_tile::tensor_layout::gemm::ColumnMajor, ck_tile::tuple<>, ck_tile::tensor_layout::gemm::RowMajor, ck_tile::MoeFlatmmKind::kFFN_gemm1_gate_up, ck_tile::element_wise::PassThrough, ck_tile::MoeFlatmmHostArgs<ck_tile::FlatmmScalePointer<-1>, ck_tile::FlatmmScalePointer<1, 32, ck_tile::e8m0_bexp_t>, ck_tile::FlatmmScalePointer<1>>>' requested here
   19 |     float ave_time = a16w4_moe_gemm<FlatmmConfig,
      |                      ^
/work/mpB/run_a16w4_moe_flatmm_example.inc:269:5: note: in instantiation of function template specialization 'invoke_a16w4_moe_gemm<A16W4_FlatmmConfig16, __bf16, ck_tile::pk_int4_t, ck_tile::tuple<>, float, __bf16, ck_tile::tensor_layout::gemm::RowMajor, ck_tile::tensor_layout::gemm::ColumnMajor, ck_tile::tuple<>, ck_tile::tensor_layout::gemm::RowMajor, ck_tile::MoeFlatmmKind::kFFN_gemm1_gate_up, ck_tile::element_wise::PassThrough, ck_tile::MoeFlatmmHostArgs<ck_tile::FlatmmScalePointer<-1>, ck_tile::FlatmmScalePointer<1, 32, ck_tile::e8m0_bexp_t>, ck_tile::FlatmmScalePointer<1>>>' requested here
  269 |     invoke_a16w4_moe_gemm<FlatmmConfig,
      |     ^
/work/mpB/a16w4_moe_flatmm.cpp:455:24: note: in instantiation of function template specialization 'run_a16w4_moe_gemm_example_with_layouts<__bf16, ck_tile::pk_int4_t, A16W4_FlatmmConfig16, ck_tile::MoeFlatmmKind::kFFN_gemm1_gate_up, ck_tile::tensor_layout::gemm::RowMajor, ck_tile::tensor_layout::gemm::ColumnMajor, ck_tile::tensor_layout::gemm::RowMajor>' requested here
  455 |                 return run_a16w4_moe_gemm_example_with_layouts<
      |                        ^
/work/mpB/a16w4_moe_flatmm.cpp:544:21: note: in instantiation of function template specialization 'run_a16w4_moe_flatmm_example<A16W4_FlatmmConfig16>' requested here
  544 |             return !run_a16w4_moe_flatmm_example<A16W4_FlatmmConfig16>(argc, argv);
      |                     ^
/usr/local/lib/python3.12/dist-packages/aiter_meta/3rdparty/composable_kernel/include/ck_tile/ops/gemm/warp/warp_gemm_impl.hpp:48:25: note: candidate template ignored: substitution failure [with Params = <>, CTensor = CWarpTensor, ATensor = ck_tile::static_distributed_tensor<__bf16, ck_tile::tile_distribution<ck_tile::tensor_adaptor<ck_tile::tuple<ck_tile::replicate<ck_tile::tuple<ck_tile::constant<4>>>, ck_tile::unmerge<ck_tile::tuple<ck_tile::constant<16>>, false>, ck_tile::unmerge<ck_tile::tuple<ck_tile::constant<1>, ck_tile::constant<4>, ck_tile::constant<8>>, false>, ck_tile::merge_v2_magic_division<ck_tile::tuple<ck_tile::constant<4>>>, ck_tile::merge_v2_magic_division<ck_tile::tuple<ck_tile::constant<4>, ck_tile::constant<16>>>>, ck_tile::tuple<ck_tile::sequence<>, ck_tile::sequence<0>, ck_tile::sequence<1>, ck_tile::sequence<2>, ck_tile::sequence<5, 3>>, ck_tile::tuple<ck_tile::sequence<2>, ck_tile::sequence<3>, ck_tile::sequence<4, 5, 6>, ck_tile::sequence<7>, ck_tile::sequence<8>>, ck_tile::sequence<0, 1>, ck_tile::sequence<7, 8, 4, 6>>, ck_tile::tensor_descriptor<ck_tile::tuple<ck_tile::unmerge<ck_tile::tuple<ck_tile::constant<1>, ck_tile::constant<8>>, false>>, ck_tile::tuple<ck_tile::sequence<0>>, ck_tile::tuple<ck_tile::sequence<1, 2>>, ck_tile::sequence<1, 2>, ck_tile::constant<8>, ck_tile::sequence<-1, -1, -1>, ck_tile::sequence<-1, -1, -1>>, ck_tile::tile_distribution_encoding<ck_tile::sequence<4>, ck_tile::tuple<ck_tile::sequence<16>, ck_tile::sequence<1, 4, 8>>, ck_tile::tuple<ck_tile::sequence<0>, ck_tile::sequence<2, 1>>, ck_tile::tuple<ck_tile::sequence<0>, ck_tile::sequence<1, 0>>, ck_tile::sequence<2, 2>, ck_tile::sequence<0, 2>>, ck_tile::detail::tile_distribution_detail<ck_tile::tuple<ck_tile::sequence<2>, ck_tile::sequence<3>, ck_tile::sequence<4, 5, 6>>>>>, BTensor = ck_tile::static_distributed_tensor<ck_tile::pk_int4_t, ck_tile::tile_distribution<ck_tile::tensor_adaptor<ck_tile::tuple<ck_tile::replicate<ck_tile::tuple<ck_tile::constant<1>>>, ck_tile::unmerge<ck_tile::tuple<ck_tile::constant<1>, ck_tile::constant<4>, ck_tile::constant<1>, ck_tile::constant<1>>, false>, ck_tile::unmerge<ck_tile::tuple<ck_tile::constant<1>, ck_tile::constant<1>, ck_tile::constant<64>, ck_tile::constant<8>>, false>, ck_tile::merge_v2_magic_division<ck_tile::tuple<ck_tile::constant<1>, ck_tile::constant<4>, ck_tile::constant<1>>>, ck_tile::merge_v2_magic_division<ck_tile::tuple<ck_tile::constant<1>, ck_tile::constant<64>>>>, ck_tile::tuple<ck_tile::sequence<>, ck_tile::sequence<0>, ck_tile::sequence<1>, ck_tile::sequence<2, 4, 8>, ck_tile::sequence<5, 9>>, ck_tile::tuple<ck_tile::sequence<2>, ck_tile::sequence<3, 4, 5, 6>, ck_tile::sequence<7, 8, 9, 10>, ck_tile::sequence<11>, ck_tile::sequence<12>>, ck_tile::sequence<0, 1>, ck_tile::sequence<11, 12, 3, 6, 7, 10>>, ck_tile::tensor_descriptor<ck_tile::tuple<ck_tile::unmerge<ck_tile::tuple<ck_tile::constant<1>, ck_tile::constant<1>, ck_tile::constant<1>, ck_tile::constant<8>>, false>>, ck_tile::tuple<ck_tile::sequence<0>>, ck_tile::tuple<ck_tile::sequence<1, 2, 3, 4>>, ck_tile::sequence<1, 2, 3, 4>, ck_tile::constant<8>, ck_tile::sequence<-1, -1, -1, -1, -1>, ck_tile::sequence<-1, -1, -1, -1, -1>>, ck_tile::tile_distribution_encoding<ck_tile::sequence<1>, ck_tile::tuple<ck_tile::sequence<1, 4, 1, 1>, ck_tile::sequence<1, 1, 64, 8>>, ck_tile::tuple<ck_tile::sequence<0, 1, 2>, ck_tile::sequence<1, 2>>, ck_tile::tuple<ck_tile::sequence<0, 1, 1>, ck_tile::sequence<2, 2>>, ck_tile::sequence<1, 1, 2, 2>, ck_tile::sequence<0, 3, 0, 3>>, ck_tile::detail::tile_distribution_detail<ck_tile::tuple<ck_tile::sequence<2>, ck_tile::sequence<3, 4, 5, 6>, ck_tile::sequence<7, 8, 9, 10>>>>>]
   48 |     CK_TILE_DEVICE void operator()(CTensor& c, const ATensor& a, const BTensor& b) const
      |                         ^
/usr/local/lib/python3.12/dist-packages/aiter_meta/3rdparty/composable_kernel/include/ck_tile/ops/gemm/warp/warp_gemm_impl.hpp:125:25: note: candidate function template not viable: requires 2 arguments, but 3 were provided
  125 |     CK_TILE_DEVICE auto operator()(const ATensor& a, const BTensor& b) const
      |                         ^          ~~~~~~~~~~~~~~~~~~~~~~~~~~~~~~~~~~
/usr/local/lib/python3.12/dist-packages/aiter_meta/3rdparty/composable_kernel/include/ck_tile/ops/gemm/warp/warp_gemm_impl.hpp:75:5: note: candidate function template not viable: requires 4 arguments, but 3 were provided
   75 |     operator()(CTensor& c, const ATensor& a, const BTensor& b, number<i_subk>) const
      |     ^          ~~~~~~~~~~~~~~~~~~~~~~~~~~~~~~~~~~~~~~~~~~~~~~~~~~~~~~~~~~~~~~
/usr/local/lib/python3.12/dist-packages/aiter_meta/3rdparty/composable_kernel/include/ck_tile/ops/gemm/warp/warp_gemm_impl.hpp:185:25: note: candidate function template not viable: requires 4 arguments, but 3 were provided
  185 |     CK_TILE_DEVICE auto operator()(const ATensor& a,
      |                         ^          ~~~~~~~~~~~~~~~~~
  186 |                                    const BTensor& b,
      |                                    ~~~~~~~~~~~~~~~~~
  187 |                                    const AScaleType& a_scale,
      |                                    ~~~~~~~~~~~~~~~~~~~~~~~~~~
  188 |                                    const BScaleType& b_scale) const
      |                                    ~~~~~~~~~~~~~~~~~~~~~~~~~
/usr/local/lib/python3.12/dist-packages/aiter_meta/3rdparty/composable_kernel/include/ck_tile/ops/gemm/warp/warp_gemm_impl.hpp:99:25: note: candidate function template not viable: requires 5 arguments, but 3 were provided
   99 |     CK_TILE_DEVICE void operator()(CTensor& c,
      |                         ^          ~~~~~~~~~~~
  100 |                                    const ATensor& a,
      |                                    ~~~~~~~~~~~~~~~~~
  101 |                                    const BTensor& b,
      |                                    ~~~~~~~~~~~~~~~~~
  102 |                                    const AScaleType& a_scale,
      |                                    ~~~~~~~~~~~~~~~~~~~~~~~~~~
  103 |                                    const BScaleType& b_scale) const
      |                                    ~~~~~~~~~~~~~~~~~~~~~~~~~
In file included from /work/mpB/a16w4_moe_flatmm.cpp:13:
In file included from /work/mpB/a16w4_moe_flatmm.hpp:11:
In file included from /usr/local/lib/python3.12/dist-packages/aiter_meta/3rdparty/composable_kernel/include/ck_tile/ops/moe_flatmm.hpp:7:
/usr/local/lib/python3.12/dist-packages/aiter_meta/3rdparty/composable_kernel/include/ck_tile/ops/flatmm/pipeline/moe_flatmm_pipeline_agmem_bgmem_creg.hpp:688:21: error: no matching function for call to object of type 'WG' (aka 'ck_tile::WarpGemmImpl<ck_tile::WarpGemmAttributeMfmaIterateK<ck_tile::WarpGemmAttributeMfmaImplBf16Bf16F32M16N16K16<ck_tile::WGAttrCtlEnum::Default_>, 2, ck_tile::WGAttrNumAccessEnum::Single, ck_tile::WGAttrNumAccessEnum::Single>>')
  688 |                     WG{}(c_warp_tensor,
      |                     ^~~~
/usr/local/lib/python3.12/dist-packages/aiter_meta/3rdparty/composable_kernel/include/ck_tile/core/utility/functional.hpp:74:10: note: in instantiation of function template specialization 'ck_tile::MoeFlatmmPipelineAGmemBGmemCRegV1<ck_tile::FlatmmPipelineProblem<__bf16, ck_tile::pk_int4_t, float, ck_tile::TileGemmShape<ck_tile::sequence<32, 256, 256>, ck_tile::sequence<1, 4, 1>, ck_tile::sequence<16, 16, 32>>, ck_tile::TileGemmUniversalTraits<false, false, false, false, ck_tile::tensor_layout::gemm::RowMajor, ck_tile::tensor_layout::gemm::ColumnMajor, ck_tile::tensor_layout::gemm::RowMajor, false, false, false, 1, true>, ck_tile::GemmPipelineScheduler::Default, true, ck_tile::TailNumber::Odd, ck_tile::amd_buffer_coherence_enum::coherence_default>>::operator()(const ck_tile::tile_scatter_gather<ck_tile::tensor_view<ck_tile::buffer_view<ck_tile::address_space_enum::global, const __bf16, int, true, ck_tile::amd_buffer_coherence_enum::coherence_default>, ck_tile::tensor_descriptor<ck_tile::tuple<ck_tile::embed<ck_tile::tuple<int, int>, ck_tile::tuple<int, int>>, ck_tile::pass_through<int>, ck_tile::pass_through<int>>, ck_tile::tuple<ck_tile::sequence<0>, ck_tile::sequence<1>, ck_tile::sequence<2>>, ck_tile::tuple<ck_tile::sequence<1, 2>, ck_tile::sequence<3>, ck_tile::sequence<4>>, ck_tile::sequence<3, 4>, int, ck_tile::sequence<-1, -1, 8, -1, -1>, ck_tile::sequence<-1, -1, 1, -1, -1>>, ck_tile::memory_operation_enum::set>, ck_tile::tuple<ck_tile::constant<32>, ck_tile::constant<256>>, ck_tile::tile_distribution<ck_tile::tensor_adaptor<ck_tile::tuple<ck_tile::replicate<ck_tile::tuple<ck_tile::constant<1>>>, ck_tile::unmerge<ck_tile::tuple<ck_tile::constant<4>, ck_tile::constant<4>, ck_tile::constant<2>>, false>, ck_tile::unmerge<ck_tile::tuple<ck_tile::constant<32>, ck_tile::constant<8>>, false>, ck_tile::merge_v2_magic_division<ck_tile::tuple<ck_tile::constant<4>>>, ck_tile::merge_v2_magic_division<ck_tile::tuple<ck_tile::constant<2>, ck_tile::constant<32>>>>, ck_tile::tuple<ck_tile::sequence<>, ck_tile::sequence<0>, ck_tile::sequence<1>, ck_tile::sequence<4>, ck_tile::sequence<5, 6>>, ck_tile::tuple<ck_tile::sequence<2>, ck_tile::sequence<3, 4, 5>, ck_tile::sequence<6, 7>, ck_tile::sequence<8>, ck_tile::sequence<9>>, ck_tile::sequence<0, 1>, ck_tile::sequence<8, 9, 3, 7>>, ck_tile::tensor_descriptor<ck_tile::tuple<ck_tile::unmerge<ck_tile::tuple<ck_tile::constant<4>, ck_tile::constant<8>>, false>>, ck_tile::tuple<ck_tile::sequence<0>>, ck_tile::tuple<ck_tile::sequence<1, 2>>, ck_tile::sequence<1, 2>, ck_tile::constant<32>, ck_tile::sequence<-1, -1, -1>, ck_tile::sequence<-1, -1, -1>>, ck_tile::tile_distribution_encoding<ck_tile::sequence<1>, ck_tile::tuple<ck_tile::sequence<4, 4, 2>, ck_tile::sequence<32, 8>>, ck_tile::tuple<ck_tile::sequence<1>, ck_tile::sequence<1, 2>>, ck_tile::tuple<ck_tile::sequence<1>, ck_tile::sequence<2, 0>>, ck_tile::sequence<1, 2>, ck_tile::sequence<0, 1>>, ck_tile::detail::tile_distribution_detail<ck_tile::tuple<ck_tile::sequence<2>, ck_tile::sequence<3, 4, 5>, ck_tile::sequence<6, 7>>>>, ck_tile::tuple<int, int, int, int>, std::nullptr_t> &, const (lambda at /usr/local/lib/python3.12/dist-packages/aiter_meta/3rdparty/composable_kernel/include/ck_tile/ops/flatmm/pipeline/moe_flatmm_pipeline_agmem_bgmem_creg.hpp:993:13) &, const ck_tile::tile_window_with_static_lengths<ck_tile::tensor_view<ck_tile::buffer_view<ck_tile::address_space_enum::global, const ck_tile::pk_int4_t, int, true, ck_tile::amd_buffer_coherence_enum::coherence_default>, ck_tile::tensor_descriptor<ck_tile::tuple<ck_tile::embed<ck_tile::tuple<int, int>, ck_tile::tuple<int, int>>>, ck_tile::tuple<ck_tile::sequence<0>>, ck_tile::tuple<ck_tile::sequence<1, 2>>, ck_tile::sequence<1, 2>, int, ck_tile::sequence<-1, -1, 32>, ck_tile::sequence<-1, -1, 1>>, ck_tile::memory_operation_enum::set>, ck_tile::tuple<ck_tile::constant<4>, ck_tile::constant<512>>> &, number<1>, index_t, void *)::(anonymous class)::operator()(ck_tile::sequence<5, 0>)::(anonymous class)::operator()<ck_tile::constant<3>>' requested here
   74 |         (f(number<Is>{}), ...);
      |          ^
/usr/local/lib/python3.12/dist-packages/aiter_meta/3rdparty/composable_kernel/include/ck_tile/ops/flatmm/pipeline/moe_flatmm_pipeline_agmem_bgmem_creg.hpp:679:17: note: in instantiation of function template specialization 'ck_tile::detail::applier<int, 0, 1, 2, 3>::operator()<(lambda at /usr/local/lib/python3.12/dist-packages/aiter_meta/3rdparty/composable_kernel/include/ck_tile/ops/flatmm/pipeline/moe_flatmm_pipeline_agmem_bgmem_creg.hpp:679:50)>' requested here
  679 |                 static_for<0, NIterPerWarp, 1>{}([&](auto nIter) {
      |                 ^
/usr/local/lib/python3.12/dist-packages/aiter_meta/3rdparty/composable_kernel/include/ck_tile/core/utility/functional.hpp:216:14: note: in instantiation of function template specialization 'ck_tile::MoeFlatmmPipelineAGmemBGmemCRegV1<ck_tile::FlatmmPipelineProblem<__bf16, ck_tile::pk_int4_t, float, ck_tile::TileGemmShape<ck_tile::sequence<32, 256, 256>, ck_tile::sequence<1, 4, 1>, ck_tile::sequence<16, 16, 32>>, ck_tile::TileGemmUniversalTraits<false, false, false, false, ck_tile::tensor_layout::gemm::RowMajor, ck_tile::tensor_layout::gemm::ColumnMajor, ck_tile::tensor_layout::gemm::RowMajor, false, false, false, 1, true>, ck_tile::GemmPipelineScheduler::Default, true, ck_tile::TailNumber::Odd, ck_tile::amd_buffer_coherence_enum::coherence_default>>::operator()(const ck_tile::tile_scatter_gather<ck_tile::tensor_view<ck_tile::buffer_view<ck_tile::address_space_enum::global, const __bf16, int, true, ck_tile::amd_buffer_coherence_enum::coherence_default>, ck_tile::tensor_descriptor<ck_tile::tuple<ck_tile::embed<ck_tile::tuple<int, int>, ck_tile::tuple<int, int>>, ck_tile::pass_through<int>, ck_tile::pass_through<int>>, ck_tile::tuple<ck_tile::sequence<0>, ck_tile::sequence<1>, ck_tile::sequence<2>>, ck_tile::tuple<ck_tile::sequence<1, 2>, ck_tile::sequence<3>, ck_tile::sequence<4>>, ck_tile::sequence<3, 4>, int, ck_tile::sequence<-1, -1, 8, -1, -1>, ck_tile::sequence<-1, -1, 1, -1, -1>>, ck_tile::memory_operation_enum::set>, ck_tile::tuple<ck_tile::constant<32>, ck_tile::constant<256>>, ck_tile::tile_distribution<ck_tile::tensor_adaptor<ck_tile::tuple<ck_tile::replicate<ck_tile::tuple<ck_tile::constant<1>>>, ck_tile::unmerge<ck_tile::tuple<ck_tile::constant<4>, ck_tile::constant<4>, ck_tile::constant<2>>, false>, ck_tile::unmerge<ck_tile::tuple<ck_tile::constant<32>, ck_tile::constant<8>>, false>, ck_tile::merge_v2_magic_division<ck_tile::tuple<ck_tile::constant<4>>>, ck_tile::merge_v2_magic_division<ck_tile::tuple<ck_tile::constant<2>, ck_tile::constant<32>>>>, ck_tile::tuple<ck_tile::sequence<>, ck_tile::sequence<0>, ck_tile::sequence<1>, ck_tile::sequence<4>, ck_tile::sequence<5, 6>>, ck_tile::tuple<ck_tile::sequence<2>, ck_tile::sequence<3, 4, 5>, ck_tile::sequence<6, 7>, ck_tile::sequence<8>, ck_tile::sequence<9>>, ck_tile::sequence<0, 1>, ck_tile::sequence<8, 9, 3, 7>>, ck_tile::tensor_descriptor<ck_tile::tuple<ck_tile::unmerge<ck_tile::tuple<ck_tile::constant<4>, ck_tile::constant<8>>, false>>, ck_tile::tuple<ck_tile::sequence<0>>, ck_tile::tuple<ck_tile::sequence<1, 2>>, ck_tile::sequence<1, 2>, ck_tile::constant<32>, ck_tile::sequence<-1, -1, -1>, ck_tile::sequence<-1, -1, -1>>, ck_tile::tile_distribution_encoding<ck_tile::sequence<1>, ck_tile::tuple<ck_tile::sequence<4, 4, 2>, ck_tile::sequence<32, 8>>, ck_tile::tuple<ck_tile::sequence<1>, ck_tile::sequence<1, 2>>, ck_tile::tuple<ck_tile::sequence<1>, ck_tile::sequence<2, 0>>, ck_tile::sequence<1, 2>, ck_tile::sequence<0, 1>>, ck_tile::detail::tile_distribution_detail<ck_tile::tuple<ck_tile::sequence<2>, ck_tile::sequence<3, 4, 5>, ck_tile::sequence<6, 7>>>>, ck_tile::tuple<int, int, int, int>, std::nullptr_t> &, const (lambda at /usr/local/lib/python3.12/dist-packages/aiter_meta/3rdparty/composable_kernel/include/ck_tile/ops/flatmm/pipeline/moe_flatmm_pipeline_agmem_bgmem_creg.hpp:993:13) &, const ck_tile::tile_window_with_static_lengths<ck_tile::tensor_view<ck_tile::buffer_view<ck_tile::address_space_enum::global, const ck_tile::pk_int4_t, int, true, ck_tile::amd_buffer_coherence_enum::coherence_default>, ck_tile::tensor_descriptor<ck_tile::tuple<ck_tile::embed<ck_tile::tuple<int, int>, ck_tile::tuple<int, int>>>, ck_tile::tuple<ck_tile::sequence<0>>, ck_tile::tuple<ck_tile::sequence<1, 2>>, ck_tile::sequence<1, 2>, int, ck_tile::sequence<-1, -1, 32>, ck_tile::sequence<-1, -1, 1>>, ck_tile::memory_operation_enum::set>, ck_tile::tuple<ck_tile::constant<4>, ck_tile::constant<512>>> &, number<1>, index_t, void *)::(anonymous class)::operator()<ck_tile::sequence<5, 0>>' requested here
  216 |             (f(typename Decomposer::template decompose<LinearIds>{}), ...);
      |              ^
/usr/local/lib/python3.12/dist-packages/aiter_meta/3rdparty/composable_kernel/include/ck_tile/core/utility/functional.hpp:274:13: note: in instantiation of function template specialization 'ck_tile::detail::ford_applier<ck_tile::detail::index_decomposer<ck_tile::sequence<8, 2>, ck_tile::sequence<0, 1>>, ck_tile::sequence<0, 1, 2, 3, 4, 5, 6, 7, 8, 9, 10, 11, 12, 13, 14, 15>>::operator()<(lambda at /usr/local/lib/python3.12/dist-packages/aiter_meta/3rdparty/composable_kernel/include/ck_tile/ops/flatmm/pipeline/moe_flatmm_pipeline_agmem_bgmem_creg.hpp:675:65)>' requested here
  274 |             detail::ford_applier<Decomposer, make_index_sequence<total_size>>{}(f);
      |             ^
/usr/local/lib/python3.12/dist-packages/aiter_meta/3rdparty/composable_kernel/include/ck_tile/ops/flatmm/pipeline/moe_flatmm_pipeline_agmem_bgmem_creg.hpp:675:13: note: in instantiation of function template specialization 'ck_tile::static_ford<ck_tile::sequence<8, 2>>::operator()<(lambda at /usr/local/lib/python3.12/dist-packages/aiter_meta/3rdparty/composable_kernel/include/ck_tile/ops/flatmm/pipeline/moe_flatmm_pipeline_agmem_bgmem_creg.hpp:675:65)>' requested here
  675 |             static_ford<sequence<KIterPerWarp, MIterPerWarp>>{}([&](auto km) {
      |             ^
/usr/local/lib/python3.12/dist-packages/aiter_meta/3rdparty/composable_kernel/include/ck_tile/ops/flatmm/pipeline/moe_flatmm_pipeline_agmem_bgmem_creg.hpp:991:16: note: (skipping 5 contexts in backtrace; use -ftemplate-backtrace-limit=0 to see all)
  991 |         return operator()(
      |                ^
/usr/local/lib/python3.12/dist-packages/aiter_meta/3rdparty/composable_kernel/include/ck_tile/host/kernel_launch.hpp:128:20: note: in instantiation of function template specialization 'ck_tile::kentry<1, ck_tile::MoeFlatmmKernel<ck_tile::GemmSpatiallyLocalTilePartitioner<ck_tile::TileGemmShape<ck_tile::sequence<32, 256, 256>, ck_tile::sequence<1, 4, 1>, ck_tile::sequence<16, 16, 32>>, 8, 4>, ck_tile::MoeFlatmmPipelineAGmemBGmemCRegV1<ck_tile::FlatmmPipelineProblem<__bf16, ck_tile::pk_int4_t, float, ck_tile::TileGemmShape<ck_tile::sequence<32, 256, 256>, ck_tile::sequence<1, 4, 1>, ck_tile::sequence<16, 16, 32>>, ck_tile::TileGemmUniversalTraits<false, false, false, false, ck_tile::tensor_layout::gemm::RowMajor, ck_tile::tensor_layout::gemm::ColumnMajor, ck_tile::tensor_layout::gemm::RowMajor, false, false, false, 1, true>, ck_tile::GemmPipelineScheduler::Default, true, ck_tile::TailNumber::Odd, ck_tile::amd_buffer_coherence_enum::coherence_default>>, ck_tile::CShuffleEpilogue<ck_tile::CShuffleEpilogueProblem<__bf16, __bf16, ck_tile::tuple<>, float, __bf16, ck_tile::tuple<>, ck_tile::tensor_layout::gemm::RowMajor, ck_tile::element_wise::PassThrough, 32, 256, 1, 4, 16, 16, 32, false, 1, false, 1, 2>>, ck_tile::MoeFlatmmKind::kFFN_gemm1_gate_up>, ck_tile::MoeFlatmmKernel<ck_tile::GemmSpatiallyLocalTilePartitioner<ck_tile::TileGemmShape<ck_tile::sequence<32, 256, 256>, ck_tile::sequence<1, 4, 1>, ck_tile::sequence<16, 16, 32>>, 8, 4>, ck_tile::MoeFlatmmPipelineAGmemBGmemCRegV1<ck_tile::FlatmmPipelineProblem<__bf16, ck_tile::pk_int4_t, float, ck_tile::TileGemmShape<ck_tile::sequence<32, 256, 256>, ck_tile::sequence<1, 4, 1>, ck_tile::sequence<16, 16, 32>>, ck_tile::TileGemmUniversalTraits<false, false, false, false, ck_tile::tensor_layout::gemm::RowMajor, ck_tile::tensor_layout::gemm::ColumnMajor, ck_tile::tensor_layout::gemm::RowMajor, false, false, false, 1, true>, ck_tile::GemmPipelineScheduler::Default, true, ck_tile::TailNumber::Odd, ck_tile::amd_buffer_coherence_enum::coherence_default>>, ck_tile::CShuffleEpilogue<ck_tile::CShuffleEpilogueProblem<__bf16, __bf16, ck_tile::tuple<>, float, __bf16, ck_tile::tuple<>, ck_tile::tensor_layout::gemm::RowMajor, ck_tile::element_wise::PassThrough, 32, 256, 1, 4, 16, 16, 32, false, 1, false, 1, 2>>, ck_tile::MoeFlatmmKind::kFFN_gemm1_gate_up>::MoeFlatmmKernelArgs<ck_tile::FlatmmScalePointer<-1>, ck_tile::FlatmmScalePointer<1, 32, ck_tile::e8m0_bexp_t>, ck_tile::FlatmmScalePointer<1>>>' requested here
  128 |             return kentry<MinBlockPerCu, KernelImpl, Args...>;
      |                    ^
/work/mpB/run_a16w4_moe_flatmm_example.inc:19:22: note: in instantiation of function template specialization 'a16w4_moe_gemm<A16W4_FlatmmConfig16, __bf16, ck_tile::pk_int4_t, ck_tile::tuple<>, float, __bf16, ck_tile::tensor_layout::gemm::RowMajor, ck_tile::tensor_layout::gemm::ColumnMajor, ck_tile::tuple<>, ck_tile::tensor_layout::gemm::RowMajor, ck_tile::MoeFlatmmKind::kFFN_gemm1_gate_up, ck_tile::element_wise::PassThrough, ck_tile::MoeFlatmmHostArgs<ck_tile::FlatmmScalePointer<-1>, ck_tile::FlatmmScalePointer<1, 32, ck_tile::e8m0_bexp_t>, ck_tile::FlatmmScalePointer<1>>>' requested here
   19 |     float ave_time = a16w4_moe_gemm<FlatmmConfig,
      |                      ^
/work/mpB/run_a16w4_moe_flatmm_example.inc:269:5: note: in instantiation of function template specialization 'invoke_a16w4_moe_gemm<A16W4_FlatmmConfig16, __bf16, ck_tile::pk_int4_t, ck_tile::tuple<>, float, __bf16, ck_tile::tensor_layout::gemm::RowMajor, ck_tile::tensor_layout::gemm::ColumnMajor, ck_tile::tuple<>, ck_tile::tensor_layout::gemm::RowMajor, ck_tile::MoeFlatmmKind::kFFN_gemm1_gate_up, ck_tile::element_wise::PassThrough, ck_tile::MoeFlatmmHostArgs<ck_tile::FlatmmScalePointer<-1>, ck_tile::FlatmmScalePointer<1, 32, ck_tile::e8m0_bexp_t>, ck_tile::FlatmmScalePointer<1>>>' requested here
  269 |     invoke_a16w4_moe_gemm<FlatmmConfig,
      |     ^
/work/mpB/a16w4_moe_flatmm.cpp:455:24: note: in instantiation of function template specialization 'run_a16w4_moe_gemm_example_with_layouts<__bf16, ck_tile::pk_int4_t, A16W4_FlatmmConfig16, ck_tile::MoeFlatmmKind::kFFN_gemm1_gate_up, ck_tile::tensor_layout::gemm::RowMajor, ck_tile::tensor_layout::gemm::ColumnMajor, ck_tile::tensor_layout::gemm::RowMajor>' requested here
  455 |                 return run_a16w4_moe_gemm_example_with_layouts<
      |                        ^
/work/mpB/a16w4_moe_flatmm.cpp:544:21: note: in instantiation of function template specialization 'run_a16w4_moe_flatmm_example<A16W4_FlatmmConfig16>' requested here
  544 |             return !run_a16w4_moe_flatmm_example<A16W4_FlatmmConfig16>(argc, argv);
      |                     ^
/usr/local/lib/python3.12/dist-packages/aiter_meta/3rdparty/composable_kernel/include/ck_tile/ops/gemm/warp/warp_gemm_impl.hpp:48:25: note: candidate template ignored: substitution failure [with Params = <>, CTensor = CWarpTensor, ATensor = ck_tile::static_distributed_tensor<__bf16, ck_tile::tile_distribution<ck_tile::tensor_adaptor<ck_tile::tuple<ck_tile::replicate<ck_tile::tuple<ck_tile::constant<4>>>, ck_tile::unmerge<ck_tile::tuple<ck_tile::constant<16>>, false>, ck_tile::unmerge<ck_tile::tuple<ck_tile::constant<1>, ck_tile::constant<4>, ck_tile::constant<8>>, false>, ck_tile::merge_v2_magic_division<ck_tile::tuple<ck_tile::constant<4>>>, ck_tile::merge_v2_magic_division<ck_tile::tuple<ck_tile::constant<4>, ck_tile::constant<16>>>>, ck_tile::tuple<ck_tile::sequence<>, ck_tile::sequence<0>, ck_tile::sequence<1>, ck_tile::sequence<2>, ck_tile::sequence<5, 3>>, ck_tile::tuple<ck_tile::sequence<2>, ck_tile::sequence<3>, ck_tile::sequence<4, 5, 6>, ck_tile::sequence<7>, ck_tile::sequence<8>>, ck_tile::sequence<0, 1>, ck_tile::sequence<7, 8, 4, 6>>, ck_tile::tensor_descriptor<ck_tile::tuple<ck_tile::unmerge<ck_tile::tuple<ck_tile::constant<1>, ck_tile::constant<8>>, false>>, ck_tile::tuple<ck_tile::sequence<0>>, ck_tile::tuple<ck_tile::sequence<1, 2>>, ck_tile::sequence<1, 2>, ck_tile::constant<8>, ck_tile::sequence<-1, -1, -1>, ck_tile::sequence<-1, -1, -1>>, ck_tile::tile_distribution_encoding<ck_tile::sequence<4>, ck_tile::tuple<ck_tile::sequence<16>, ck_tile::sequence<1, 4, 8>>, ck_tile::tuple<ck_tile::sequence<0>, ck_tile::sequence<2, 1>>, ck_tile::tuple<ck_tile::sequence<0>, ck_tile::sequence<1, 0>>, ck_tile::sequence<2, 2>, ck_tile::sequence<0, 2>>, ck_tile::detail::tile_distribution_detail<ck_tile::tuple<ck_tile::sequence<2>, ck_tile::sequence<3>, ck_tile::sequence<4, 5, 6>>>>>, BTensor = ck_tile::static_distributed_tensor<ck_tile::pk_int4_t, ck_tile::tile_distribution<ck_tile::tensor_adaptor<ck_tile::tuple<ck_tile::replicate<ck_tile::tuple<ck_tile::constant<1>>>, ck_tile::unmerge<ck_tile::tuple<ck_tile::constant<1>, ck_tile::constant<4>, ck_tile::constant<1>, ck_tile::constant<1>>, false>, ck_tile::unmerge<ck_tile::tuple<ck_tile::constant<1>, ck_tile::constant<1>, ck_tile::constant<64>, ck_tile::constant<8>>, false>, ck_tile::merge_v2_magic_division<ck_tile::tuple<ck_tile::constant<1>, ck_tile::constant<4>, ck_tile::constant<1>>>, ck_tile::merge_v2_magic_division<ck_tile::tuple<ck_tile::constant<1>, ck_tile::constant<64>>>>, ck_tile::tuple<ck_tile::sequence<>, ck_tile::sequence<0>, ck_tile::sequence<1>, ck_tile::sequence<2, 4, 8>, ck_tile::sequence<5, 9>>, ck_tile::tuple<ck_tile::sequence<2>, ck_tile::sequence<3, 4, 5, 6>, ck_tile::sequence<7, 8, 9, 10>, ck_tile::sequence<11>, ck_tile::sequence<12>>, ck_tile::sequence<0, 1>, ck_tile::sequence<11, 12, 3, 6, 7, 10>>, ck_tile::tensor_descriptor<ck_tile::tuple<ck_tile::unmerge<ck_tile::tuple<ck_tile::constant<1>, ck_tile::constant<1>, ck_tile::constant<1>, ck_tile::constant<8>>, false>>, ck_tile::tuple<ck_tile::sequence<0>>, ck_tile::tuple<ck_tile::sequence<1, 2, 3, 4>>, ck_tile::sequence<1, 2, 3, 4>, ck_tile::constant<8>, ck_tile::sequence<-1, -1, -1, -1, -1>, ck_tile::sequence<-1, -1, -1, -1, -1>>, ck_tile::tile_distribution_encoding<ck_tile::sequence<1>, ck_tile::tuple<ck_tile::sequence<1, 4, 1, 1>, ck_tile::sequence<1, 1, 64, 8>>, ck_tile::tuple<ck_tile::sequence<0, 1, 2>, ck_tile::sequence<1, 2>>, ck_tile::tuple<ck_tile::sequence<0, 1, 1>, ck_tile::sequence<2, 2>>, ck_tile::sequence<1, 1, 2, 2>, ck_tile::sequence<0, 3, 0, 3>>, ck_tile::detail::tile_distribution_detail<ck_tile::tuple<ck_tile::sequence<2>, ck_tile::sequence<3, 4, 5, 6>, ck_tile::sequence<7, 8, 9, 10>>>>>]
   48 |     CK_TILE_DEVICE void operator()(CTensor& c, const ATensor& a, const BTensor& b) const
      |                         ^
/usr/local/lib/python3.12/dist-packages/aiter_meta/3rdparty/composable_kernel/include/ck_tile/ops/gemm/warp/warp_gemm_impl.hpp:125:25: note: candidate function template not viable: requires 2 arguments, but 3 were provided
  125 |     CK_TILE_DEVICE auto operator()(const ATensor& a, const BTensor& b) const
      |                         ^          ~~~~~~~~~~~~~~~~~~~~~~~~~~~~~~~~~~
/usr/local/lib/python3.12/dist-packages/aiter_meta/3rdparty/composable_kernel/include/ck_tile/ops/gemm/warp/warp_gemm_impl.hpp:75:5: note: candidate function template not viable: requires 4 arguments, but 3 were provided
   75 |     operator()(CTensor& c, const ATensor& a, const BTensor& b, number<i_subk>) const
      |     ^          ~~~~~~~~~~~~~~~~~~~~~~~~~~~~~~~~~~~~~~~~~~~~~~~~~~~~~~~~~~~~~~
/usr/local/lib/python3.12/dist-packages/aiter_meta/3rdparty/composable_kernel/include/ck_tile/ops/gemm/warp/warp_gemm_impl.hpp:185:25: note: candidate function template not viable: requires 4 arguments, but 3 were provided
  185 |     CK_TILE_DEVICE auto operator()(const ATensor& a,
      |                         ^          ~~~~~~~~~~~~~~~~~
  186 |                                    const BTensor& b,
      |                                    ~~~~~~~~~~~~~~~~~
  187 |                                    const AScaleType& a_scale,
      |                                    ~~~~~~~~~~~~~~~~~~~~~~~~~~
  188 |                                    const BScaleType& b_scale) const
      |                                    ~~~~~~~~~~~~~~~~~~~~~~~~~
/usr/local/lib/python3.12/dist-packages/aiter_meta/3rdparty/composable_kernel/include/ck_tile/ops/gemm/warp/warp_gemm_impl.hpp:99:25: note: candidate function template not viable: requires 5 arguments, but 3 were provided
   99 |     CK_TILE_DEVICE void operator()(CTensor& c,
      |                         ^          ~~~~~~~~~~~
  100 |                                    const ATensor& a,
      |                                    ~~~~~~~~~~~~~~~~~
  101 |                                    const BTensor& b,
      |                                    ~~~~~~~~~~~~~~~~~
  102 |                                    const AScaleType& a_scale,
      |                                    ~~~~~~~~~~~~~~~~~~~~~~~~~~
  103 |                                    const BScaleType& b_scale) const
      |                                    ~~~~~~~~~~~~~~~~~~~~~~~~~
In file included from /work/mpB/a16w4_moe_flatmm.cpp:13:
In file included from /work/mpB/a16w4_moe_flatmm.hpp:11:
In file included from /usr/local/lib/python3.12/dist-packages/aiter_meta/3rdparty/composable_kernel/include/ck_tile/ops/moe_flatmm.hpp:7:
/usr/local/lib/python3.12/dist-packages/aiter_meta/3rdparty/composable_kernel/include/ck_tile/ops/flatmm/pipeline/moe_flatmm_pipeline_agmem_bgmem_creg.hpp:688:21: error: no matching function for call to object of type 'WG' (aka 'ck_tile::WarpGemmImpl<ck_tile::WarpGemmAttributeMfmaIterateK<ck_tile::WarpGemmAttributeMfmaImplBf16Bf16F32M16N16K16<ck_tile::WGAttrCtlEnum::Default_>, 2, ck_tile::WGAttrNumAccessEnum::Single, ck_tile::WGAttrNumAccessEnum::Single>>')
  688 |                     WG{}(c_warp_tensor,
      |                     ^~~~
/usr/local/lib/python3.12/dist-packages/aiter_meta/3rdparty/composable_kernel/include/ck_tile/core/utility/functional.hpp:74:10: note: in instantiation of function template specialization 'ck_tile::MoeFlatmmPipelineAGmemBGmemCRegV1<ck_tile::FlatmmPipelineProblem<__bf16, ck_tile::pk_int4_t, float, ck_tile::TileGemmShape<ck_tile::sequence<32, 256, 256>, ck_tile::sequence<1, 4, 1>, ck_tile::sequence<16, 16, 32>>, ck_tile::TileGemmUniversalTraits<false, false, false, false, ck_tile::tensor_layout::gemm::RowMajor, ck_tile::tensor_layout::gemm::ColumnMajor, ck_tile::tensor_layout::gemm::RowMajor, false, false, false, 1, true>, ck_tile::GemmPipelineScheduler::Default, true, ck_tile::TailNumber::Odd, ck_tile::amd_buffer_coherence_enum::coherence_default>>::operator()(const ck_tile::tile_scatter_gather<ck_tile::tensor_view<ck_tile::buffer_view<ck_tile::address_space_enum::global, const __bf16, int, true, ck_tile::amd_buffer_coherence_enum::coherence_default>, ck_tile::tensor_descriptor<ck_tile::tuple<ck_tile::embed<ck_tile::tuple<int, int>, ck_tile::tuple<int, int>>, ck_tile::pass_through<int>, ck_tile::pass_through<int>>, ck_tile::tuple<ck_tile::sequence<0>, ck_tile::sequence<1>, ck_tile::sequence<2>>, ck_tile::tuple<ck_tile::sequence<1, 2>, ck_tile::sequence<3>, ck_tile::sequence<4>>, ck_tile::sequence<3, 4>, int, ck_tile::sequence<-1, -1, 8, -1, -1>, ck_tile::sequence<-1, -1, 1, -1, -1>>, ck_tile::memory_operation_enum::set>, ck_tile::tuple<ck_tile::constant<32>, ck_tile::constant<256>>, ck_tile::tile_distribution<ck_tile::tensor_adaptor<ck_tile::tuple<ck_tile::replicate<ck_tile::tuple<ck_tile::constant<1>>>, ck_tile::unmerge<ck_tile::tuple<ck_tile::constant<4>, ck_tile::constant<4>, ck_tile::constant<2>>, false>, ck_tile::unmerge<ck_tile::tuple<ck_tile::constant<32>, ck_tile::constant<8>>, false>, ck_tile::merge_v2_magic_division<ck_tile::tuple<ck_tile::constant<4>>>, ck_tile::merge_v2_magic_division<ck_tile::tuple<ck_tile::constant<2>, ck_tile::constant<32>>>>, ck_tile::tuple<ck_tile::sequence<>, ck_tile::sequence<0>, ck_tile::sequence<1>, ck_tile::sequence<4>, ck_tile::sequence<5, 6>>, ck_tile::tuple<ck_tile::sequence<2>, ck_tile::sequence<3, 4, 5>, ck_tile::sequence<6, 7>, ck_tile::sequence<8>, ck_tile::sequence<9>>, ck_tile::sequence<0, 1>, ck_tile::sequence<8, 9, 3, 7>>, ck_tile::tensor_descriptor<ck_tile::tuple<ck_tile::unmerge<ck_tile::tuple<ck_tile::constant<4>, ck_tile::constant<8>>, false>>, ck_tile::tuple<ck_tile::sequence<0>>, ck_tile::tuple<ck_tile::sequence<1, 2>>, ck_tile::sequence<1, 2>, ck_tile::constant<32>, ck_tile::sequence<-1, -1, -1>, ck_tile::sequence<-1, -1, -1>>, ck_tile::tile_distribution_encoding<ck_tile::sequence<1>, ck_tile::tuple<ck_tile::sequence<4, 4, 2>, ck_tile::sequence<32, 8>>, ck_tile::tuple<ck_tile::sequence<1>, ck_tile::sequence<1, 2>>, ck_tile::tuple<ck_tile::sequence<1>, ck_tile::sequence<2, 0>>, ck_tile::sequence<1, 2>, ck_tile::sequence<0, 1>>, ck_tile::detail::tile_distribution_detail<ck_tile::tuple<ck_tile::sequence<2>, ck_tile::sequence<3, 4, 5>, ck_tile::sequence<6, 7>>>>, ck_tile::tuple<int, int, int, int>, std::nullptr_t> &, const (lambda at /usr/local/lib/python3.12/dist-packages/aiter_meta/3rdparty/composable_kernel/include/ck_tile/ops/flatmm/pipeline/moe_flatmm_pipeline_agmem_bgmem_creg.hpp:993:13) &, const ck_tile::tile_window_with_static_lengths<ck_tile::tensor_view<ck_tile::buffer_view<ck_tile::address_space_enum::global, const ck_tile::pk_int4_t, int, true, ck_tile::amd_buffer_coherence_enum::coherence_default>, ck_tile::tensor_descriptor<ck_tile::tuple<ck_tile::embed<ck_tile::tuple<int, int>, ck_tile::tuple<int, int>>>, ck_tile::tuple<ck_tile::sequence<0>>, ck_tile::tuple<ck_tile::sequence<1, 2>>, ck_tile::sequence<1, 2>, int, ck_tile::sequence<-1, -1, 32>, ck_tile::sequence<-1, -1, 1>>, ck_tile::memory_operation_enum::set>, ck_tile::tuple<ck_tile::constant<4>, ck_tile::constant<512>>> &, number<1>, index_t, void *)::(anonymous class)::operator()(ck_tile::sequence<4, 1>)::(anonymous class)::operator()<ck_tile::constant<3>>' requested here
   74 |         (f(number<Is>{}), ...);
      |          ^
/usr/local/lib/python3.12/dist-packages/aiter_meta/3rdparty/composable_kernel/include/ck_tile/ops/flatmm/pipeline/moe_flatmm_pipeline_agmem_bgmem_creg.hpp:679:17: note: in instantiation of function template specialization 'ck_tile::detail::applier<int, 0, 1, 2, 3>::operator()<(lambda at /usr/local/lib/python3.12/dist-packages/aiter_meta/3rdparty/composable_kernel/include/ck_tile/ops/flatmm/pipeline/moe_flatmm_pipeline_agmem_bgmem_creg.hpp:679:50)>' requested here
  679 |                 static_for<0, NIterPerWarp, 1>{}([&](auto nIter) {
      |                 ^
/usr/local/lib/python3.12/dist-packages/aiter_meta/3rdparty/composable_kernel/include/ck_tile/core/utility/functional.hpp:216:14: note: in instantiation of function template specialization 'ck_tile::MoeFlatmmPipelineAGmemBGmemCRegV1<ck_tile::FlatmmPipelineProblem<__bf16, ck_tile::pk_int4_t, float, ck_tile::TileGemmShape<ck_tile::sequence<32, 256, 256>, ck_tile::sequence<1, 4, 1>, ck_tile::sequence<16, 16, 32>>, ck_tile::TileGemmUniversalTraits<false, false, false, false, ck_tile::tensor_layout::gemm::RowMajor, ck_tile::tensor_layout::gemm::ColumnMajor, ck_tile::tensor_layout::gemm::RowMajor, false, false, false, 1, true>, ck_tile::GemmPipelineScheduler::Default, true, ck_tile::TailNumber::Odd, ck_tile::amd_buffer_coherence_enum::coherence_default>>::operator()(const ck_tile::tile_scatter_gather<ck_tile::tensor_view<ck_tile::buffer_view<ck_tile::address_space_enum::global, const __bf16, int, true, ck_tile::amd_buffer_coherence_enum::coherence_default>, ck_tile::tensor_descriptor<ck_tile::tuple<ck_tile::embed<ck_tile::tuple<int, int>, ck_tile::tuple<int, int>>, ck_tile::pass_through<int>, ck_tile::pass_through<int>>, ck_tile::tuple<ck_tile::sequence<0>, ck_tile::sequence<1>, ck_tile::sequence<2>>, ck_tile::tuple<ck_tile::sequence<1, 2>, ck_tile::sequence<3>, ck_tile::sequence<4>>, ck_tile::sequence<3, 4>, int, ck_tile::sequence<-1, -1, 8, -1, -1>, ck_tile::sequence<-1, -1, 1, -1, -1>>, ck_tile::memory_operation_enum::set>, ck_tile::tuple<ck_tile::constant<32>, ck_tile::constant<256>>, ck_tile::tile_distribution<ck_tile::tensor_adaptor<ck_tile::tuple<ck_tile::replicate<ck_tile::tuple<ck_tile::constant<1>>>, ck_tile::unmerge<ck_tile::tuple<ck_tile::constant<4>, ck_tile::constant<4>, ck_tile::constant<2>>, false>, ck_tile::unmerge<ck_tile::tuple<ck_tile::constant<32>, ck_tile::constant<8>>, false>, ck_tile::merge_v2_magic_division<ck_tile::tuple<ck_tile::constant<4>>>, ck_tile::merge_v2_magic_division<ck_tile::tuple<ck_tile::constant<2>, ck_tile::constant<32>>>>, ck_tile::tuple<ck_tile::sequence<>, ck_tile::sequence<0>, ck_tile::sequence<1>, ck_tile::sequence<4>, ck_tile::sequence<5, 6>>, ck_tile::tuple<ck_tile::sequence<2>, ck_tile::sequence<3, 4, 5>, ck_tile::sequence<6, 7>, ck_tile::sequence<8>, ck_tile::sequence<9>>, ck_tile::sequence<0, 1>, ck_tile::sequence<8, 9, 3, 7>>, ck_tile::tensor_descriptor<ck_tile::tuple<ck_tile::unmerge<ck_tile::tuple<ck_tile::constant<4>, ck_tile::constant<8>>, false>>, ck_tile::tuple<ck_tile::sequence<0>>, ck_tile::tuple<ck_tile::sequence<1, 2>>, ck_tile::sequence<1, 2>, ck_tile::constant<32>, ck_tile::sequence<-1, -1, -1>, ck_tile::sequence<-1, -1, -1>>, ck_tile::tile_distribution_encoding<ck_tile::sequence<1>, ck_tile::tuple<ck_tile::sequence<4, 4, 2>, ck_tile::sequence<32, 8>>, ck_tile::tuple<ck_tile::sequence<1>, ck_tile::sequence<1, 2>>, ck_tile::tuple<ck_tile::sequence<1>, ck_tile::sequence<2, 0>>, ck_tile::sequence<1, 2>, ck_tile::sequence<0, 1>>, ck_tile::detail::tile_distribution_detail<ck_tile::tuple<ck_tile::sequence<2>, ck_tile::sequence<3, 4, 5>, ck_tile::sequence<6, 7>>>>, ck_tile::tuple<int, int, int, int>, std::nullptr_t> &, const (lambda at /usr/local/lib/python3.12/dist-packages/aiter_meta/3rdparty/composable_kernel/include/ck_tile/ops/flatmm/pipeline/moe_flatmm_pipeline_agmem_bgmem_creg.hpp:993:13) &, const ck_tile::tile_window_with_static_lengths<ck_tile::tensor_view<ck_tile::buffer_view<ck_tile::address_space_enum::global, const ck_tile::pk_int4_t, int, true, ck_tile::amd_buffer_coherence_enum::coherence_default>, ck_tile::tensor_descriptor<ck_tile::tuple<ck_tile::embed<ck_tile::tuple<int, int>, ck_tile::tuple<int, int>>>, ck_tile::tuple<ck_tile::sequence<0>>, ck_tile::tuple<ck_tile::sequence<1, 2>>, ck_tile::sequence<1, 2>, int, ck_tile::sequence<-1, -1, 32>, ck_tile::sequence<-1, -1, 1>>, ck_tile::memory_operation_enum::set>, ck_tile::tuple<ck_tile::constant<4>, ck_tile::constant<512>>> &, number<1>, index_t, void *)::(anonymous class)::operator()<ck_tile::sequence<4, 1>>' requested here
  216 |             (f(typename Decomposer::template decompose<LinearIds>{}), ...);
      |              ^
/usr/local/lib/python3.12/dist-packages/aiter_meta/3rdparty/composable_kernel/include/ck_tile/core/utility/functional.hpp:274:13: note: in instantiation of function template specialization 'ck_tile::detail::ford_applier<ck_tile::detail::index_decomposer<ck_tile::sequence<8, 2>, ck_tile::sequence<0, 1>>, ck_tile::sequence<0, 1, 2, 3, 4, 5, 6, 7, 8, 9, 10, 11, 12, 13, 14, 15>>::operator()<(lambda at /usr/local/lib/python3.12/dist-packages/aiter_meta/3rdparty/composable_kernel/include/ck_tile/ops/flatmm/pipeline/moe_flatmm_pipeline_agmem_bgmem_creg.hpp:675:65)>' requested here
  274 |             detail::ford_applier<Decomposer, make_index_sequence<total_size>>{}(f);
      |             ^
/usr/local/lib/python3.12/dist-packages/aiter_meta/3rdparty/composable_kernel/include/ck_tile/ops/flatmm/pipeline/moe_flatmm_pipeline_agmem_bgmem_creg.hpp:675:13: note: in instantiation of function template specialization 'ck_tile::static_ford<ck_tile::sequence<8, 2>>::operator()<(lambda at /usr/local/lib/python3.12/dist-packages/aiter_meta/3rdparty/composable_kernel/include/ck_tile/ops/flatmm/pipeline/moe_flatmm_pipeline_agmem_bgmem_creg.hpp:675:65)>' requested here
  675 |             static_ford<sequence<KIterPerWarp, MIterPerWarp>>{}([&](auto km) {
      |             ^
/usr/local/lib/python3.12/dist-packages/aiter_meta/3rdparty/composable_kernel/include/ck_tile/ops/flatmm/pipeline/moe_flatmm_pipeline_agmem_bgmem_creg.hpp:991:16: note: (skipping 5 contexts in backtrace; use -ftemplate-backtrace-limit=0 to see all)
  991 |         return operator()(
      |                ^
/usr/local/lib/python3.12/dist-packages/aiter_meta/3rdparty/composable_kernel/include/ck_tile/host/kernel_launch.hpp:128:20: note: in instantiation of function template specialization 'ck_tile::kentry<1, ck_tile::MoeFlatmmKernel<ck_tile::GemmSpatiallyLocalTilePartitioner<ck_tile::TileGemmShape<ck_tile::sequence<32, 256, 256>, ck_tile::sequence<1, 4, 1>, ck_tile::sequence<16, 16, 32>>, 8, 4>, ck_tile::MoeFlatmmPipelineAGmemBGmemCRegV1<ck_tile::FlatmmPipelineProblem<__bf16, ck_tile::pk_int4_t, float, ck_tile::TileGemmShape<ck_tile::sequence<32, 256, 256>, ck_tile::sequence<1, 4, 1>, ck_tile::sequence<16, 16, 32>>, ck_tile::TileGemmUniversalTraits<false, false, false, false, ck_tile::tensor_layout::gemm::RowMajor, ck_tile::tensor_layout::gemm::ColumnMajor, ck_tile::tensor_layout::gemm::RowMajor, false, false, false, 1, true>, ck_tile::GemmPipelineScheduler::Default, true, ck_tile::TailNumber::Odd, ck_tile::amd_buffer_coherence_enum::coherence_default>>, ck_tile::CShuffleEpilogue<ck_tile::CShuffleEpilogueProblem<__bf16, __bf16, ck_tile::tuple<>, float, __bf16, ck_tile::tuple<>, ck_tile::tensor_layout::gemm::RowMajor, ck_tile::element_wise::PassThrough, 32, 256, 1, 4, 16, 16, 32, false, 1, false, 1, 2>>, ck_tile::MoeFlatmmKind::kFFN_gemm1_gate_up>, ck_tile::MoeFlatmmKernel<ck_tile::GemmSpatiallyLocalTilePartitioner<ck_tile::TileGemmShape<ck_tile::sequence<32, 256, 256>, ck_tile::sequence<1, 4, 1>, ck_tile::sequence<16, 16, 32>>, 8, 4>, ck_tile::MoeFlatmmPipelineAGmemBGmemCRegV1<ck_tile::FlatmmPipelineProblem<__bf16, ck_tile::pk_int4_t, float, ck_tile::TileGemmShape<ck_tile::sequence<32, 256, 256>, ck_tile::sequence<1, 4, 1>, ck_tile::sequence<16, 16, 32>>, ck_tile::TileGemmUniversalTraits<false, false, false, false, ck_tile::tensor_layout::gemm::RowMajor, ck_tile::tensor_layout::gemm::ColumnMajor, ck_tile::tensor_layout::gemm::RowMajor, false, false, false, 1, true>, ck_tile::GemmPipelineScheduler::Default, true, ck_tile::TailNumber::Odd, ck_tile::amd_buffer_coherence_enum::coherence_default>>, ck_tile::CShuffleEpilogue<ck_tile::CShuffleEpilogueProblem<__bf16, __bf16, ck_tile::tuple<>, float, __bf16, ck_tile::tuple<>, ck_tile::tensor_layout::gemm::RowMajor, ck_tile::element_wise::PassThrough, 32, 256, 1, 4, 16, 16, 32, false, 1, false, 1, 2>>, ck_tile::MoeFlatmmKind::kFFN_gemm1_gate_up>::MoeFlatmmKernelArgs<ck_tile::FlatmmScalePointer<-1>, ck_tile::FlatmmScalePointer<1, 32, ck_tile::e8m0_bexp_t>, ck_tile::FlatmmScalePointer<1>>>' requested here
  128 |             return kentry<MinBlockPerCu, KernelImpl, Args...>;
      |                    ^
/work/mpB/run_a16w4_moe_flatmm_example.inc:19:22: note: in instantiation of function template specialization 'a16w4_moe_gemm<A16W4_FlatmmConfig16, __bf16, ck_tile::pk_int4_t, ck_tile::tuple<>, float, __bf16, ck_tile::tensor_layout::gemm::RowMajor, ck_tile::tensor_layout::gemm::ColumnMajor, ck_tile::tuple<>, ck_tile::tensor_layout::gemm::RowMajor, ck_tile::MoeFlatmmKind::kFFN_gemm1_gate_up, ck_tile::element_wise::PassThrough, ck_tile::MoeFlatmmHostArgs<ck_tile::FlatmmScalePointer<-1>, ck_tile::FlatmmScalePointer<1, 32, ck_tile::e8m0_bexp_t>, ck_tile::FlatmmScalePointer<1>>>' requested here
   19 |     float ave_time = a16w4_moe_gemm<FlatmmConfig,
      |                      ^
/work/mpB/run_a16w4_moe_flatmm_example.inc:269:5: note: in instantiation of function template specialization 'invoke_a16w4_moe_gemm<A16W4_FlatmmConfig16, __bf16, ck_tile::pk_int4_t, ck_tile::tuple<>, float, __bf16, ck_tile::tensor_layout::gemm::RowMajor, ck_tile::tensor_layout::gemm::ColumnMajor, ck_tile::tuple<>, ck_tile::tensor_layout::gemm::RowMajor, ck_tile::MoeFlatmmKind::kFFN_gemm1_gate_up, ck_tile::element_wise::PassThrough, ck_tile::MoeFlatmmHostArgs<ck_tile::FlatmmScalePointer<-1>, ck_tile::FlatmmScalePointer<1, 32, ck_tile::e8m0_bexp_t>, ck_tile::FlatmmScalePointer<1>>>' requested here
  269 |     invoke_a16w4_moe_gemm<FlatmmConfig,
      |     ^
/work/mpB/a16w4_moe_flatmm.cpp:455:24: note: in instantiation of function template specialization 'run_a16w4_moe_gemm_example_with_layouts<__bf16, ck_tile::pk_int4_t, A16W4_FlatmmConfig16, ck_tile::MoeFlatmmKind::kFFN_gemm1_gate_up, ck_tile::tensor_layout::gemm::RowMajor, ck_tile::tensor_layout::gemm::ColumnMajor, ck_tile::tensor_layout::gemm::RowMajor>' requested here
  455 |                 return run_a16w4_moe_gemm_example_with_layouts<
      |                        ^
/work/mpB/a16w4_moe_flatmm.cpp:544:21: note: in instantiation of function template specialization 'run_a16w4_moe_flatmm_example<A16W4_FlatmmConfig16>' requested here
  544 |             return !run_a16w4_moe_flatmm_example<A16W4_FlatmmConfig16>(argc, argv);
      |                     ^
/usr/local/lib/python3.12/dist-packages/aiter_meta/3rdparty/composable_kernel/include/ck_tile/ops/gemm/warp/warp_gemm_impl.hpp:48:25: note: candidate template ignored: substitution failure [with Params = <>, CTensor = CWarpTensor, ATensor = ck_tile::static_distributed_tensor<__bf16, ck_tile::tile_distribution<ck_tile::tensor_adaptor<ck_tile::tuple<ck_tile::replicate<ck_tile::tuple<ck_tile::constant<4>>>, ck_tile::unmerge<ck_tile::tuple<ck_tile::constant<16>>, false>, ck_tile::unmerge<ck_tile::tuple<ck_tile::constant<1>, ck_tile::constant<4>, ck_tile::constant<8>>, false>, ck_tile::merge_v2_magic_division<ck_tile::tuple<ck_tile::constant<4>>>, ck_tile::merge_v2_magic_division<ck_tile::tuple<ck_tile::constant<4>, ck_tile::constant<16>>>>, ck_tile::tuple<ck_tile::sequence<>, ck_tile::sequence<0>, ck_tile::sequence<1>, ck_tile::sequence<2>, ck_tile::sequence<5, 3>>, ck_tile::tuple<ck_tile::sequence<2>, ck_tile::sequence<3>, ck_tile::sequence<4, 5, 6>, ck_tile::sequence<7>, ck_tile::sequence<8>>, ck_tile::sequence<0, 1>, ck_tile::sequence<7, 8, 4, 6>>, ck_tile::tensor_descriptor<ck_tile::tuple<ck_tile::unmerge<ck_tile::tuple<ck_tile::constant<1>, ck_tile::constant<8>>, false>>, ck_tile::tuple<ck_tile::sequence<0>>, ck_tile::tuple<ck_tile::sequence<1, 2>>, ck_tile::sequence<1, 2>, ck_tile::constant<8>, ck_tile::sequence<-1, -1, -1>, ck_tile::sequence<-1, -1, -1>>, ck_tile::tile_distribution_encoding<ck_tile::sequence<4>, ck_tile::tuple<ck_tile::sequence<16>, ck_tile::sequence<1, 4, 8>>, ck_tile::tuple<ck_tile::sequence<0>, ck_tile::sequence<2, 1>>, ck_tile::tuple<ck_tile::sequence<0>, ck_tile::sequence<1, 0>>, ck_tile::sequence<2, 2>, ck_tile::sequence<0, 2>>, ck_tile::detail::tile_distribution_detail<ck_tile::tuple<ck_tile::sequence<2>, ck_tile::sequence<3>, ck_tile::sequence<4, 5, 6>>>>>, BTensor = ck_tile::static_distributed_tensor<ck_tile::pk_int4_t, ck_tile::tile_distribution<ck_tile::tensor_adaptor<ck_tile::tuple<ck_tile::replicate<ck_tile::tuple<ck_tile::constant<1>>>, ck_tile::unmerge<ck_tile::tuple<ck_tile::constant<1>, ck_tile::constant<4>, ck_tile::constant<1>, ck_tile::constant<1>>, false>, ck_tile::unmerge<ck_tile::tuple<ck_tile::constant<1>, ck_tile::constant<1>, ck_tile::constant<64>, ck_tile::constant<8>>, false>, ck_tile::merge_v2_magic_division<ck_tile::tuple<ck_tile::constant<1>, ck_tile::constant<4>, ck_tile::constant<1>>>, ck_tile::merge_v2_magic_division<ck_tile::tuple<ck_tile::constant<1>, ck_tile::constant<64>>>>, ck_tile::tuple<ck_tile::sequence<>, ck_tile::sequence<0>, ck_tile::sequence<1>, ck_tile::sequence<2, 4, 8>, ck_tile::sequence<5, 9>>, ck_tile::tuple<ck_tile::sequence<2>, ck_tile::sequence<3, 4, 5, 6>, ck_tile::sequence<7, 8, 9, 10>, ck_tile::sequence<11>, ck_tile::sequence<12>>, ck_tile::sequence<0, 1>, ck_tile::sequence<11, 12, 3, 6, 7, 10>>, ck_tile::tensor_descriptor<ck_tile::tuple<ck_tile::unmerge<ck_tile::tuple<ck_tile::constant<1>, ck_tile::constant<1>, ck_tile::constant<1>, ck_tile::constant<8>>, false>>, ck_tile::tuple<ck_tile::sequence<0>>, ck_tile::tuple<ck_tile::sequence<1, 2, 3, 4>>, ck_tile::sequence<1, 2, 3, 4>, ck_tile::constant<8>, ck_tile::sequence<-1, -1, -1, -1, -1>, ck_tile::sequence<-1, -1, -1, -1, -1>>, ck_tile::tile_distribution_encoding<ck_tile::sequence<1>, ck_tile::tuple<ck_tile::sequence<1, 4, 1, 1>, ck_tile::sequence<1, 1, 64, 8>>, ck_tile::tuple<ck_tile::sequence<0, 1, 2>, ck_tile::sequence<1, 2>>, ck_tile::tuple<ck_tile::sequence<0, 1, 1>, ck_tile::sequence<2, 2>>, ck_tile::sequence<1, 1, 2, 2>, ck_tile::sequence<0, 3, 0, 3>>, ck_tile::detail::tile_distribution_detail<ck_tile::tuple<ck_tile::sequence<2>, ck_tile::sequence<3, 4, 5, 6>, ck_tile::sequence<7, 8, 9, 10>>>>>]
   48 |     CK_TILE_DEVICE void operator()(CTensor& c, const ATensor& a, const BTensor& b) const
      |                         ^
/usr/local/lib/python3.12/dist-packages/aiter_meta/3rdparty/composable_kernel/include/ck_tile/ops/gemm/warp/warp_gemm_impl.hpp:125:25: note: candidate function template not viable: requires 2 arguments, but 3 were provided
  125 |     CK_TILE_DEVICE auto operator()(const ATensor& a, const BTensor& b) const
      |                         ^          ~~~~~~~~~~~~~~~~~~~~~~~~~~~~~~~~~~
/usr/local/lib/python3.12/dist-packages/aiter_meta/3rdparty/composable_kernel/include/ck_tile/ops/gemm/warp/warp_gemm_impl.hpp:75:5: note: candidate function template not viable: requires 4 arguments, but 3 were provided
   75 |     operator()(CTensor& c, const ATensor& a, const BTensor& b, number<i_subk>) const
      |     ^          ~~~~~~~~~~~~~~~~~~~~~~~~~~~~~~~~~~~~~~~~~~~~~~~~~~~~~~~~~~~~~~
/usr/local/lib/python3.12/dist-packages/aiter_meta/3rdparty/composable_kernel/include/ck_tile/ops/gemm/warp/warp_gemm_impl.hpp:185:25: note: candidate function template not viable: requires 4 arguments, but 3 were provided
  185 |     CK_TILE_DEVICE auto operator()(const ATensor& a,
      |                         ^          ~~~~~~~~~~~~~~~~~
  186 |                                    const BTensor& b,
      |                                    ~~~~~~~~~~~~~~~~~
  187 |                                    const AScaleType& a_scale,
      |                                    ~~~~~~~~~~~~~~~~~~~~~~~~~~
  188 |                                    const BScaleType& b_scale) const
      |                                    ~~~~~~~~~~~~~~~~~~~~~~~~~
/usr/local/lib/python3.12/dist-packages/aiter_meta/3rdparty/composable_kernel/include/ck_tile/ops/gemm/warp/warp_gemm_impl.hpp:99:25: note: candidate function template not viable: requires 5 arguments, but 3 were provided
   99 |     CK_TILE_DEVICE void operator()(CTensor& c,
      |                         ^          ~~~~~~~~~~~
  100 |                                    const ATensor& a,
      |                                    ~~~~~~~~~~~~~~~~~
  101 |                                    const BTensor& b,
      |                                    ~~~~~~~~~~~~~~~~~
  102 |                                    const AScaleType& a_scale,
      |                                    ~~~~~~~~~~~~~~~~~~~~~~~~~~
  103 |                                    const BScaleType& b_scale) const
      |                                    ~~~~~~~~~~~~~~~~~~~~~~~~~
In file included from /work/mpB/a16w4_moe_flatmm.cpp:13:
In file included from /work/mpB/a16w4_moe_flatmm.hpp:11:
In file included from /usr/local/lib/python3.12/dist-packages/aiter_meta/3rdparty/composable_kernel/include/ck_tile/ops/moe_flatmm.hpp:7:
/usr/local/lib/python3.12/dist-packages/aiter_meta/3rdparty/composable_kernel/include/ck_tile/ops/flatmm/pipeline/moe_flatmm_pipeline_agmem_bgmem_creg.hpp:688:21: error: no matching function for call to object of type 'WG' (aka 'ck_tile::WarpGemmImpl<ck_tile::WarpGemmAttributeMfmaIterateK<ck_tile::WarpGemmAttributeMfmaImplBf16Bf16F32M16N16K16<ck_tile::WGAttrCtlEnum::Default_>, 2, ck_tile::WGAttrNumAccessEnum::Single, ck_tile::WGAttrNumAccessEnum::Single>>')
  688 |                     WG{}(c_warp_tensor,
      |                     ^~~~
/usr/local/lib/python3.12/dist-packages/aiter_meta/3rdparty/composable_kernel/include/ck_tile/core/utility/functional.hpp:74:10: note: in instantiation of function template specialization 'ck_tile::MoeFlatmmPipelineAGmemBGmemCRegV1<ck_tile::FlatmmPipelineProblem<__bf16, ck_tile::pk_int4_t, float, ck_tile::TileGemmShape<ck_tile::sequence<32, 256, 256>, ck_tile::sequence<1, 4, 1>, ck_tile::sequence<16, 16, 32>>, ck_tile::TileGemmUniversalTraits<false, false, false, false, ck_tile::tensor_layout::gemm::RowMajor, ck_tile::tensor_layout::gemm::ColumnMajor, ck_tile::tensor_layout::gemm::RowMajor, false, false, false, 1, true>, ck_tile::GemmPipelineScheduler::Default, true, ck_tile::TailNumber::Odd, ck_tile::amd_buffer_coherence_enum::coherence_default>>::operator()(const ck_tile::tile_scatter_gather<ck_tile::tensor_view<ck_tile::buffer_view<ck_tile::address_space_enum::global, const __bf16, int, true, ck_tile::amd_buffer_coherence_enum::coherence_default>, ck_tile::tensor_descriptor<ck_tile::tuple<ck_tile::embed<ck_tile::tuple<int, int>, ck_tile::tuple<int, int>>, ck_tile::pass_through<int>, ck_tile::pass_through<int>>, ck_tile::tuple<ck_tile::sequence<0>, ck_tile::sequence<1>, ck_tile::sequence<2>>, ck_tile::tuple<ck_tile::sequence<1, 2>, ck_tile::sequence<3>, ck_tile::sequence<4>>, ck_tile::sequence<3, 4>, int, ck_tile::sequence<-1, -1, 8, -1, -1>, ck_tile::sequence<-1, -1, 1, -1, -1>>, ck_tile::memory_operation_enum::set>, ck_tile::tuple<ck_tile::constant<32>, ck_tile::constant<256>>, ck_tile::tile_distribution<ck_tile::tensor_adaptor<ck_tile::tuple<ck_tile::replicate<ck_tile::tuple<ck_tile::constant<1>>>, ck_tile::unmerge<ck_tile::tuple<ck_tile::constant<4>, ck_tile::constant<4>, ck_tile::constant<2>>, false>, ck_tile::unmerge<ck_tile::tuple<ck_tile::constant<32>, ck_tile::constant<8>>, false>, ck_tile::merge_v2_magic_division<ck_tile::tuple<ck_tile::constant<4>>>, ck_tile::merge_v2_magic_division<ck_tile::tuple<ck_tile::constant<2>, ck_tile::constant<32>>>>, ck_tile::tuple<ck_tile::sequence<>, ck_tile::sequence<0>, ck_tile::sequence<1>, ck_tile::sequence<4>, ck_tile::sequence<5, 6>>, ck_tile::tuple<ck_tile::sequence<2>, ck_tile::sequence<3, 4, 5>, ck_tile::sequence<6, 7>, ck_tile::sequence<8>, ck_tile::sequence<9>>, ck_tile::sequence<0, 1>, ck_tile::sequence<8, 9, 3, 7>>, ck_tile::tensor_descriptor<ck_tile::tuple<ck_tile::unmerge<ck_tile::tuple<ck_tile::constant<4>, ck_tile::constant<8>>, false>>, ck_tile::tuple<ck_tile::sequence<0>>, ck_tile::tuple<ck_tile::sequence<1, 2>>, ck_tile::sequence<1, 2>, ck_tile::constant<32>, ck_tile::sequence<-1, -1, -1>, ck_tile::sequence<-1, -1, -1>>, ck_tile::tile_distribution_encoding<ck_tile::sequence<1>, ck_tile::tuple<ck_tile::sequence<4, 4, 2>, ck_tile::sequence<32, 8>>, ck_tile::tuple<ck_tile::sequence<1>, ck_tile::sequence<1, 2>>, ck_tile::tuple<ck_tile::sequence<1>, ck_tile::sequence<2, 0>>, ck_tile::sequence<1, 2>, ck_tile::sequence<0, 1>>, ck_tile::detail::tile_distribution_detail<ck_tile::tuple<ck_tile::sequence<2>, ck_tile::sequence<3, 4, 5>, ck_tile::sequence<6, 7>>>>, ck_tile::tuple<int, int, int, int>, std::nullptr_t> &, const (lambda at /usr/local/lib/python3.12/dist-packages/aiter_meta/3rdparty/composable_kernel/include/ck_tile/ops/flatmm/pipeline/moe_flatmm_pipeline_agmem_bgmem_creg.hpp:993:13) &, const ck_tile::tile_window_with_static_lengths<ck_tile::tensor_view<ck_tile::buffer_view<ck_tile::address_space_enum::global, const ck_tile::pk_int4_t, int, true, ck_tile::amd_buffer_coherence_enum::coherence_default>, ck_tile::tensor_descriptor<ck_tile::tuple<ck_tile::embed<ck_tile::tuple<int, int>, ck_tile::tuple<int, int>>>, ck_tile::tuple<ck_tile::sequence<0>>, ck_tile::tuple<ck_tile::sequence<1, 2>>, ck_tile::sequence<1, 2>, int, ck_tile::sequence<-1, -1, 32>, ck_tile::sequence<-1, -1, 1>>, ck_tile::memory_operation_enum::set>, ck_tile::tuple<ck_tile::constant<4>, ck_tile::constant<512>>> &, number<1>, index_t, void *)::(anonymous class)::operator()(ck_tile::sequence<4, 0>)::(anonymous class)::operator()<ck_tile::constant<3>>' requested here
   74 |         (f(number<Is>{}), ...);
      |          ^
/usr/local/lib/python3.12/dist-packages/aiter_meta/3rdparty/composable_kernel/include/ck_tile/ops/flatmm/pipeline/moe_flatmm_pipeline_agmem_bgmem_creg.hpp:679:17: note: in instantiation of function template specialization 'ck_tile::detail::applier<int, 0, 1, 2, 3>::operator()<(lambda at /usr/local/lib/python3.12/dist-packages/aiter_meta/3rdparty/composable_kernel/include/ck_tile/ops/flatmm/pipeline/moe_flatmm_pipeline_agmem_bgmem_creg.hpp:679:50)>' requested here
  679 |                 static_for<0, NIterPerWarp, 1>{}([&](auto nIter) {
      |                 ^
/usr/local/lib/python3.12/dist-packages/aiter_meta/3rdparty/composable_kernel/include/ck_tile/core/utility/functional.hpp:216:14: note: in instantiation of function template specialization 'ck_tile::MoeFlatmmPipelineAGmemBGmemCRegV1<ck_tile::FlatmmPipelineProblem<__bf16, ck_tile::pk_int4_t, float, ck_tile::TileGemmShape<ck_tile::sequence<32, 256, 256>, ck_tile::sequence<1, 4, 1>, ck_tile::sequence<16, 16, 32>>, ck_tile::TileGemmUniversalTraits<false, false, false, false, ck_tile::tensor_layout::gemm::RowMajor, ck_tile::tensor_layout::gemm::ColumnMajor, ck_tile::tensor_layout::gemm::RowMajor, false, false, false, 1, true>, ck_tile::GemmPipelineScheduler::Default, true, ck_tile::TailNumber::Odd, ck_tile::amd_buffer_coherence_enum::coherence_default>>::operator()(const ck_tile::tile_scatter_gather<ck_tile::tensor_view<ck_tile::buffer_view<ck_tile::address_space_enum::global, const __bf16, int, true, ck_tile::amd_buffer_coherence_enum::coherence_default>, ck_tile::tensor_descriptor<ck_tile::tuple<ck_tile::embed<ck_tile::tuple<int, int>, ck_tile::tuple<int, int>>, ck_tile::pass_through<int>, ck_tile::pass_through<int>>, ck_tile::tuple<ck_tile::sequence<0>, ck_tile::sequence<1>, ck_tile::sequence<2>>, ck_tile::tuple<ck_tile::sequence<1, 2>, ck_tile::sequence<3>, ck_tile::sequence<4>>, ck_tile::sequence<3, 4>, int, ck_tile::sequence<-1, -1, 8, -1, -1>, ck_tile::sequence<-1, -1, 1, -1, -1>>, ck_tile::memory_operation_enum::set>, ck_tile::tuple<ck_tile::constant<32>, ck_tile::constant<256>>, ck_tile::tile_distribution<ck_tile::tensor_adaptor<ck_tile::tuple<ck_tile::replicate<ck_tile::tuple<ck_tile::constant<1>>>, ck_tile::unmerge<ck_tile::tuple<ck_tile::constant<4>, ck_tile::constant<4>, ck_tile::constant<2>>, false>, ck_tile::unmerge<ck_tile::tuple<ck_tile::constant<32>, ck_tile::constant<8>>, false>, ck_tile::merge_v2_magic_division<ck_tile::tuple<ck_tile::constant<4>>>, ck_tile::merge_v2_magic_division<ck_tile::tuple<ck_tile::constant<2>, ck_tile::constant<32>>>>, ck_tile::tuple<ck_tile::sequence<>, ck_tile::sequence<0>, ck_tile::sequence<1>, ck_tile::sequence<4>, ck_tile::sequence<5, 6>>, ck_tile::tuple<ck_tile::sequence<2>, ck_tile::sequence<3, 4, 5>, ck_tile::sequence<6, 7>, ck_tile::sequence<8>, ck_tile::sequence<9>>, ck_tile::sequence<0, 1>, ck_tile::sequence<8, 9, 3, 7>>, ck_tile::tensor_descriptor<ck_tile::tuple<ck_tile::unmerge<ck_tile::tuple<ck_tile::constant<4>, ck_tile::constant<8>>, false>>, ck_tile::tuple<ck_tile::sequence<0>>, ck_tile::tuple<ck_tile::sequence<1, 2>>, ck_tile::sequence<1, 2>, ck_tile::constant<32>, ck_tile::sequence<-1, -1, -1>, ck_tile::sequence<-1, -1, -1>>, ck_tile::tile_distribution_encoding<ck_tile::sequence<1>, ck_tile::tuple<ck_tile::sequence<4, 4, 2>, ck_tile::sequence<32, 8>>, ck_tile::tuple<ck_tile::sequence<1>, ck_tile::sequence<1, 2>>, ck_tile::tuple<ck_tile::sequence<1>, ck_tile::sequence<2, 0>>, ck_tile::sequence<1, 2>, ck_tile::sequence<0, 1>>, ck_tile::detail::tile_distribution_detail<ck_tile::tuple<ck_tile::sequence<2>, ck_tile::sequence<3, 4, 5>, ck_tile::sequence<6, 7>>>>, ck_tile::tuple<int, int, int, int>, std::nullptr_t> &, const (lambda at /usr/local/lib/python3.12/dist-packages/aiter_meta/3rdparty/composable_kernel/include/ck_tile/ops/flatmm/pipeline/moe_flatmm_pipeline_agmem_bgmem_creg.hpp:993:13) &, const ck_tile::tile_window_with_static_lengths<ck_tile::tensor_view<ck_tile::buffer_view<ck_tile::address_space_enum::global, const ck_tile::pk_int4_t, int, true, ck_tile::amd_buffer_coherence_enum::coherence_default>, ck_tile::tensor_descriptor<ck_tile::tuple<ck_tile::embed<ck_tile::tuple<int, int>, ck_tile::tuple<int, int>>>, ck_tile::tuple<ck_tile::sequence<0>>, ck_tile::tuple<ck_tile::sequence<1, 2>>, ck_tile::sequence<1, 2>, int, ck_tile::sequence<-1, -1, 32>, ck_tile::sequence<-1, -1, 1>>, ck_tile::memory_operation_enum::set>, ck_tile::tuple<ck_tile::constant<4>, ck_tile::constant<512>>> &, number<1>, index_t, void *)::(anonymous class)::operator()<ck_tile::sequence<4, 0>>' requested here
  216 |             (f(typename Decomposer::template decompose<LinearIds>{}), ...);
      |              ^
/usr/local/lib/python3.12/dist-packages/aiter_meta/3rdparty/composable_kernel/include/ck_tile/core/utility/functional.hpp:274:13: note: in instantiation of function template specialization 'ck_tile::detail::ford_applier<ck_tile::detail::index_decomposer<ck_tile::sequence<8, 2>, ck_tile::sequence<0, 1>>, ck_tile::sequence<0, 1, 2, 3, 4, 5, 6, 7, 8, 9, 10, 11, 12, 13, 14, 15>>::operator()<(lambda at /usr/local/lib/python3.12/dist-packages/aiter_meta/3rdparty/composable_kernel/include/ck_tile/ops/flatmm/pipeline/moe_flatmm_pipeline_agmem_bgmem_creg.hpp:675:65)>' requested here
  274 |             detail::ford_applier<Decomposer, make_index_sequence<total_size>>{}(f);
      |             ^
/usr/local/lib/python3.12/dist-packages/aiter_meta/3rdparty/composable_kernel/include/ck_tile/ops/flatmm/pipeline/moe_flatmm_pipeline_agmem_bgmem_creg.hpp:675:13: note: in instantiation of function template specialization 'ck_tile::static_ford<ck_tile::sequence<8, 2>>::operator()<(lambda at /usr/local/lib/python3.12/dist-packages/aiter_meta/3rdparty/composable_kernel/include/ck_tile/ops/flatmm/pipeline/moe_flatmm_pipeline_agmem_bgmem_creg.hpp:675:65)>' requested here
  675 |             static_ford<sequence<KIterPerWarp, MIterPerWarp>>{}([&](auto km) {
      |             ^
/usr/local/lib/python3.12/dist-packages/aiter_meta/3rdparty/composable_kernel/include/ck_tile/ops/flatmm/pipeline/moe_flatmm_pipeline_agmem_bgmem_creg.hpp:991:16: note: (skipping 5 contexts in backtrace; use -ftemplate-backtrace-limit=0 to see all)
  991 |         return operator()(
      |                ^
/usr/local/lib/python3.12/dist-packages/aiter_meta/3rdparty/composable_kernel/include/ck_tile/host/kernel_launch.hpp:128:20: note: in instantiation of function template specialization 'ck_tile::kentry<1, ck_tile::MoeFlatmmKernel<ck_tile::GemmSpatiallyLocalTilePartitioner<ck_tile::TileGemmShape<ck_tile::sequence<32, 256, 256>, ck_tile::sequence<1, 4, 1>, ck_tile::sequence<16, 16, 32>>, 8, 4>, ck_tile::MoeFlatmmPipelineAGmemBGmemCRegV1<ck_tile::FlatmmPipelineProblem<__bf16, ck_tile::pk_int4_t, float, ck_tile::TileGemmShape<ck_tile::sequence<32, 256, 256>, ck_tile::sequence<1, 4, 1>, ck_tile::sequence<16, 16, 32>>, ck_tile::TileGemmUniversalTraits<false, false, false, false, ck_tile::tensor_layout::gemm::RowMajor, ck_tile::tensor_layout::gemm::ColumnMajor, ck_tile::tensor_layout::gemm::RowMajor, false, false, false, 1, true>, ck_tile::GemmPipelineScheduler::Default, true, ck_tile::TailNumber::Odd, ck_tile::amd_buffer_coherence_enum::coherence_default>>, ck_tile::CShuffleEpilogue<ck_tile::CShuffleEpilogueProblem<__bf16, __bf16, ck_tile::tuple<>, float, __bf16, ck_tile::tuple<>, ck_tile::tensor_layout::gemm::RowMajor, ck_tile::element_wise::PassThrough, 32, 256, 1, 4, 16, 16, 32, false, 1, false, 1, 2>>, ck_tile::MoeFlatmmKind::kFFN_gemm1_gate_up>, ck_tile::MoeFlatmmKernel<ck_tile::GemmSpatiallyLocalTilePartitioner<ck_tile::TileGemmShape<ck_tile::sequence<32, 256, 256>, ck_tile::sequence<1, 4, 1>, ck_tile::sequence<16, 16, 32>>, 8, 4>, ck_tile::MoeFlatmmPipelineAGmemBGmemCRegV1<ck_tile::FlatmmPipelineProblem<__bf16, ck_tile::pk_int4_t, float, ck_tile::TileGemmShape<ck_tile::sequence<32, 256, 256>, ck_tile::sequence<1, 4, 1>, ck_tile::sequence<16, 16, 32>>, ck_tile::TileGemmUniversalTraits<false, false, false, false, ck_tile::tensor_layout::gemm::RowMajor, ck_tile::tensor_layout::gemm::ColumnMajor, ck_tile::tensor_layout::gemm::RowMajor, false, false, false, 1, true>, ck_tile::GemmPipelineScheduler::Default, true, ck_tile::TailNumber::Odd, ck_tile::amd_buffer_coherence_enum::coherence_default>>, ck_tile::CShuffleEpilogue<ck_tile::CShuffleEpilogueProblem<__bf16, __bf16, ck_tile::tuple<>, float, __bf16, ck_tile::tuple<>, ck_tile::tensor_layout::gemm::RowMajor, ck_tile::element_wise::PassThrough, 32, 256, 1, 4, 16, 16, 32, false, 1, false, 1, 2>>, ck_tile::MoeFlatmmKind::kFFN_gemm1_gate_up>::MoeFlatmmKernelArgs<ck_tile::FlatmmScalePointer<-1>, ck_tile::FlatmmScalePointer<1, 32, ck_tile::e8m0_bexp_t>, ck_tile::FlatmmScalePointer<1>>>' requested here
  128 |             return kentry<MinBlockPerCu, KernelImpl, Args...>;
      |                    ^
/work/mpB/run_a16w4_moe_flatmm_example.inc:19:22: note: in instantiation of function template specialization 'a16w4_moe_gemm<A16W4_FlatmmConfig16, __bf16, ck_tile::pk_int4_t, ck_tile::tuple<>, float, __bf16, ck_tile::tensor_layout::gemm::RowMajor, ck_tile::tensor_layout::gemm::ColumnMajor, ck_tile::tuple<>, ck_tile::tensor_layout::gemm::RowMajor, ck_tile::MoeFlatmmKind::kFFN_gemm1_gate_up, ck_tile::element_wise::PassThrough, ck_tile::MoeFlatmmHostArgs<ck_tile::FlatmmScalePointer<-1>, ck_tile::FlatmmScalePointer<1, 32, ck_tile::e8m0_bexp_t>, ck_tile::FlatmmScalePointer<1>>>' requested here
   19 |     float ave_time = a16w4_moe_gemm<FlatmmConfig,
      |                      ^
/work/mpB/run_a16w4_moe_flatmm_example.inc:269:5: note: in instantiation of function template specialization 'invoke_a16w4_moe_gemm<A16W4_FlatmmConfig16, __bf16, ck_tile::pk_int4_t, ck_tile::tuple<>, float, __bf16, ck_tile::tensor_layout::gemm::RowMajor, ck_tile::tensor_layout::gemm::ColumnMajor, ck_tile::tuple<>, ck_tile::tensor_layout::gemm::RowMajor, ck_tile::MoeFlatmmKind::kFFN_gemm1_gate_up, ck_tile::element_wise::PassThrough, ck_tile::MoeFlatmmHostArgs<ck_tile::FlatmmScalePointer<-1>, ck_tile::FlatmmScalePointer<1, 32, ck_tile::e8m0_bexp_t>, ck_tile::FlatmmScalePointer<1>>>' requested here
  269 |     invoke_a16w4_moe_gemm<FlatmmConfig,
      |     ^
/work/mpB/a16w4_moe_flatmm.cpp:455:24: note: in instantiation of function template specialization 'run_a16w4_moe_gemm_example_with_layouts<__bf16, ck_tile::pk_int4_t, A16W4_FlatmmConfig16, ck_tile::MoeFlatmmKind::kFFN_gemm1_gate_up, ck_tile::tensor_layout::gemm::RowMajor, ck_tile::tensor_layout::gemm::ColumnMajor, ck_tile::tensor_layout::gemm::RowMajor>' requested here
  455 |                 return run_a16w4_moe_gemm_example_with_layouts<
      |                        ^
/work/mpB/a16w4_moe_flatmm.cpp:544:21: note: in instantiation of function template specialization 'run_a16w4_moe_flatmm_example<A16W4_FlatmmConfig16>' requested here
  544 |             return !run_a16w4_moe_flatmm_example<A16W4_FlatmmConfig16>(argc, argv);
      |                     ^
/usr/local/lib/python3.12/dist-packages/aiter_meta/3rdparty/composable_kernel/include/ck_tile/ops/gemm/warp/warp_gemm_impl.hpp:48:25: note: candidate template ignored: substitution failure [with Params = <>, CTensor = CWarpTensor, ATensor = ck_tile::static_distributed_tensor<__bf16, ck_tile::tile_distribution<ck_tile::tensor_adaptor<ck_tile::tuple<ck_tile::replicate<ck_tile::tuple<ck_tile::constant<4>>>, ck_tile::unmerge<ck_tile::tuple<ck_tile::constant<16>>, false>, ck_tile::unmerge<ck_tile::tuple<ck_tile::constant<1>, ck_tile::constant<4>, ck_tile::constant<8>>, false>, ck_tile::merge_v2_magic_division<ck_tile::tuple<ck_tile::constant<4>>>, ck_tile::merge_v2_magic_division<ck_tile::tuple<ck_tile::constant<4>, ck_tile::constant<16>>>>, ck_tile::tuple<ck_tile::sequence<>, ck_tile::sequence<0>, ck_tile::sequence<1>, ck_tile::sequence<2>, ck_tile::sequence<5, 3>>, ck_tile::tuple<ck_tile::sequence<2>, ck_tile::sequence<3>, ck_tile::sequence<4, 5, 6>, ck_tile::sequence<7>, ck_tile::sequence<8>>, ck_tile::sequence<0, 1>, ck_tile::sequence<7, 8, 4, 6>>, ck_tile::tensor_descriptor<ck_tile::tuple<ck_tile::unmerge<ck_tile::tuple<ck_tile::constant<1>, ck_tile::constant<8>>, false>>, ck_tile::tuple<ck_tile::sequence<0>>, ck_tile::tuple<ck_tile::sequence<1, 2>>, ck_tile::sequence<1, 2>, ck_tile::constant<8>, ck_tile::sequence<-1, -1, -1>, ck_tile::sequence<-1, -1, -1>>, ck_tile::tile_distribution_encoding<ck_tile::sequence<4>, ck_tile::tuple<ck_tile::sequence<16>, ck_tile::sequence<1, 4, 8>>, ck_tile::tuple<ck_tile::sequence<0>, ck_tile::sequence<2, 1>>, ck_tile::tuple<ck_tile::sequence<0>, ck_tile::sequence<1, 0>>, ck_tile::sequence<2, 2>, ck_tile::sequence<0, 2>>, ck_tile::detail::tile_distribution_detail<ck_tile::tuple<ck_tile::sequence<2>, ck_tile::sequence<3>, ck_tile::sequence<4, 5, 6>>>>>, BTensor = ck_tile::static_distributed_tensor<ck_tile::pk_int4_t, ck_tile::tile_distribution<ck_tile::tensor_adaptor<ck_tile::tuple<ck_tile::replicate<ck_tile::tuple<ck_tile::constant<1>>>, ck_tile::unmerge<ck_tile::tuple<ck_tile::constant<1>, ck_tile::constant<4>, ck_tile::constant<1>, ck_tile::constant<1>>, false>, ck_tile::unmerge<ck_tile::tuple<ck_tile::constant<1>, ck_tile::constant<1>, ck_tile::constant<64>, ck_tile::constant<8>>, false>, ck_tile::merge_v2_magic_division<ck_tile::tuple<ck_tile::constant<1>, ck_tile::constant<4>, ck_tile::constant<1>>>, ck_tile::merge_v2_magic_division<ck_tile::tuple<ck_tile::constant<1>, ck_tile::constant<64>>>>, ck_tile::tuple<ck_tile::sequence<>, ck_tile::sequence<0>, ck_tile::sequence<1>, ck_tile::sequence<2, 4, 8>, ck_tile::sequence<5, 9>>, ck_tile::tuple<ck_tile::sequence<2>, ck_tile::sequence<3, 4, 5, 6>, ck_tile::sequence<7, 8, 9, 10>, ck_tile::sequence<11>, ck_tile::sequence<12>>, ck_tile::sequence<0, 1>, ck_tile::sequence<11, 12, 3, 6, 7, 10>>, ck_tile::tensor_descriptor<ck_tile::tuple<ck_tile::unmerge<ck_tile::tuple<ck_tile::constant<1>, ck_tile::constant<1>, ck_tile::constant<1>, ck_tile::constant<8>>, false>>, ck_tile::tuple<ck_tile::sequence<0>>, ck_tile::tuple<ck_tile::sequence<1, 2, 3, 4>>, ck_tile::sequence<1, 2, 3, 4>, ck_tile::constant<8>, ck_tile::sequence<-1, -1, -1, -1, -1>, ck_tile::sequence<-1, -1, -1, -1, -1>>, ck_tile::tile_distribution_encoding<ck_tile::sequence<1>, ck_tile::tuple<ck_tile::sequence<1, 4, 1, 1>, ck_tile::sequence<1, 1, 64, 8>>, ck_tile::tuple<ck_tile::sequence<0, 1, 2>, ck_tile::sequence<1, 2>>, ck_tile::tuple<ck_tile::sequence<0, 1, 1>, ck_tile::sequence<2, 2>>, ck_tile::sequence<1, 1, 2, 2>, ck_tile::sequence<0, 3, 0, 3>>, ck_tile::detail::tile_distribution_detail<ck_tile::tuple<ck_tile::sequence<2>, ck_tile::sequence<3, 4, 5, 6>, ck_tile::sequence<7, 8, 9, 10>>>>>]
   48 |     CK_TILE_DEVICE void operator()(CTensor& c, const ATensor& a, const BTensor& b) const
      |                         ^
/usr/local/lib/python3.12/dist-packages/aiter_meta/3rdparty/composable_kernel/include/ck_tile/ops/gemm/warp/warp_gemm_impl.hpp:125:25: note: candidate function template not viable: requires 2 arguments, but 3 were provided
  125 |     CK_TILE_DEVICE auto operator()(const ATensor& a, const BTensor& b) const
      |                         ^          ~~~~~~~~~~~~~~~~~~~~~~~~~~~~~~~~~~
/usr/local/lib/python3.12/dist-packages/aiter_meta/3rdparty/composable_kernel/include/ck_tile/ops/gemm/warp/warp_gemm_impl.hpp:75:5: note: candidate function template not viable: requires 4 arguments, but 3 were provided
   75 |     operator()(CTensor& c, const ATensor& a, const BTensor& b, number<i_subk>) const
      |     ^          ~~~~~~~~~~~~~~~~~~~~~~~~~~~~~~~~~~~~~~~~~~~~~~~~~~~~~~~~~~~~~~
/usr/local/lib/python3.12/dist-packages/aiter_meta/3rdparty/composable_kernel/include/ck_tile/ops/gemm/warp/warp_gemm_impl.hpp:185:25: note: candidate function template not viable: requires 4 arguments, but 3 were provided
  185 |     CK_TILE_DEVICE auto operator()(const ATensor& a,
      |                         ^          ~~~~~~~~~~~~~~~~~
  186 |                                    const BTensor& b,
      |                                    ~~~~~~~~~~~~~~~~~
  187 |                                    const AScaleType& a_scale,
      |                                    ~~~~~~~~~~~~~~~~~~~~~~~~~~
  188 |                                    const BScaleType& b_scale) const
      |                                    ~~~~~~~~~~~~~~~~~~~~~~~~~
/usr/local/lib/python3.12/dist-packages/aiter_meta/3rdparty/composable_kernel/include/ck_tile/ops/gemm/warp/warp_gemm_impl.hpp:99:25: note: candidate function template not viable: requires 5 arguments, but 3 were provided
   99 |     CK_TILE_DEVICE void operator()(CTensor& c,
      |                         ^          ~~~~~~~~~~~
  100 |                                    const ATensor& a,
      |                                    ~~~~~~~~~~~~~~~~~
  101 |                                    const BTensor& b,
      |                                    ~~~~~~~~~~~~~~~~~
  102 |                                    const AScaleType& a_scale,
      |                                    ~~~~~~~~~~~~~~~~~~~~~~~~~~
  103 |                                    const BScaleType& b_scale) const
      |                                    ~~~~~~~~~~~~~~~~~~~~~~~~~
fatal error: too many errors emitted, stopping now [-ferror-limit=]
20 errors generated when compiling for gfx90a.
failed to execute:/opt/rocm/lib/llvm/bin/clang++  --offload-arch=gfx90a --driver-mode=g++ --hip-link  -std=c++17 -O2 -DNDEBUG -DCK_ENABLE_BF16 -DCK_ENABLE_INT8 -I/usr/local/lib/python3.12/dist-packages/aiter_meta/3rdparty/composable_kernel/include -I/work/mpB -I/usr/local/lib/python3.12/dist-packages/aiter_meta/3rdparty/composable_kernel/example/ck_tile/18_flatmm -I/usr/local/lib/python3.12/dist-packages/aiter_meta/3rdparty/composable_kernel/library/include -x hip /work/mpB/a16w4_moe_flatmm.cpp -o "/work/a16w4_moe_i4B.gfx90a"
